# Blender 5.2.2 LTS
# www.blender.org
mtllib billy_club.mtl
o BC_Export
v -0.300000 0.000000 -0.015500
v -0.300000 0.001519 -0.015425
v -0.300000 0.003024 -0.015202
v -0.300000 0.004499 -0.014833
v -0.300000 0.005932 -0.014320
v -0.300000 0.007307 -0.013670
v -0.300000 0.008611 -0.012888
v -0.300000 0.009833 -0.011982
v -0.300000 0.010960 -0.010960
v -0.300000 0.011982 -0.009833
v -0.300000 0.012888 -0.008611
v -0.300000 0.013670 -0.007307
v -0.300000 0.014320 -0.005932
v -0.300000 0.014833 -0.004499
v -0.300000 0.015202 -0.003024
v -0.300000 0.015425 -0.001519
v -0.300000 0.015500 -0.000000
v -0.300000 0.015425 0.001519
v -0.300000 0.015202 0.003024
v -0.300000 0.014833 0.004499
v -0.300000 0.014320 0.005932
v -0.300000 0.013670 0.007307
v -0.300000 0.012888 0.008611
v -0.300000 0.011982 0.009833
v -0.300000 0.010960 0.010960
v -0.300000 0.009833 0.011982
v -0.300000 0.008611 0.012888
v -0.300000 0.007307 0.013670
v -0.300000 0.005932 0.014320
v -0.300000 0.004499 0.014833
v -0.300000 0.003024 0.015202
v -0.300000 0.001519 0.015425
v -0.300000 0.000000 0.015500
v -0.300000 -0.001519 0.015425
v -0.300000 -0.003024 0.015202
v -0.300000 -0.004499 0.014833
v -0.300000 -0.005932 0.014320
v -0.300000 -0.007307 0.013670
v -0.300000 -0.008611 0.012888
v -0.300000 -0.009833 0.011982
v -0.300000 -0.010960 0.010960
v -0.300000 -0.011982 0.009833
v -0.300000 -0.012888 0.008611
v -0.300000 -0.013670 0.007307
v -0.300000 -0.014320 0.005932
v -0.300000 -0.014833 0.004499
v -0.300000 -0.015202 0.003024
v -0.300000 -0.015425 0.001519
v -0.300000 -0.015500 0.000000
v -0.300000 -0.015425 -0.001519
v -0.300000 -0.015202 -0.003024
v -0.300000 -0.014833 -0.004499
v -0.300000 -0.014320 -0.005932
v -0.300000 -0.013670 -0.007307
v -0.300000 -0.012888 -0.008611
v -0.300000 -0.011982 -0.009833
v -0.300000 -0.010960 -0.010960
v -0.300000 -0.009833 -0.011982
v -0.300000 -0.008611 -0.012888
v -0.300000 -0.007307 -0.013670
v -0.300000 -0.005932 -0.014320
v -0.300000 -0.004499 -0.014833
v -0.300000 -0.003024 -0.015202
v -0.300000 -0.001519 -0.015425
v -0.299700 0.000000 -0.016200
v -0.299700 0.001588 -0.016122
v -0.299700 0.003160 -0.015889
v -0.299700 0.004703 -0.015502
v -0.299700 0.006199 -0.014967
v -0.299700 0.007637 -0.014287
v -0.299700 0.009000 -0.013470
v -0.299700 0.010277 -0.012523
v -0.299700 0.011455 -0.011455
v -0.299700 0.012523 -0.010277
v -0.299700 0.013470 -0.009000
v -0.299700 0.014287 -0.007637
v -0.299700 0.014967 -0.006199
v -0.299700 0.015502 -0.004703
v -0.299700 0.015889 -0.003160
v -0.299700 0.016122 -0.001588
v -0.299700 0.016200 -0.000000
v -0.299700 0.016122 0.001588
v -0.299700 0.015889 0.003160
v -0.299700 0.015502 0.004703
v -0.299700 0.014967 0.006199
v -0.299700 0.014287 0.007637
v -0.299700 0.013470 0.009000
v -0.299700 0.012523 0.010277
v -0.299700 0.011455 0.011455
v -0.299700 0.010277 0.012523
v -0.299700 0.009000 0.013470
v -0.299700 0.007637 0.014287
v -0.299700 0.006199 0.014967
v -0.299700 0.004703 0.015502
v -0.299700 0.003160 0.015889
v -0.299700 0.001588 0.016122
v -0.299700 0.000000 0.016200
v -0.299700 -0.001588 0.016122
v -0.299700 -0.003160 0.015889
v -0.299700 -0.004703 0.015502
v -0.299700 -0.006199 0.014967
v -0.299700 -0.007637 0.014287
v -0.299700 -0.009000 0.013470
v -0.299700 -0.010277 0.012523
v -0.299700 -0.011455 0.011455
v -0.299700 -0.012523 0.010277
v -0.299700 -0.013470 0.009000
v -0.299700 -0.014287 0.007637
v -0.299700 -0.014967 0.006199
v -0.299700 -0.015502 0.004703
v -0.299700 -0.015889 0.003160
v -0.299700 -0.016122 0.001588
v -0.299700 -0.016200 0.000000
v -0.299700 -0.016122 -0.001588
v -0.299700 -0.015889 -0.003160
v -0.299700 -0.015502 -0.004703
v -0.299700 -0.014967 -0.006199
v -0.299700 -0.014287 -0.007637
v -0.299700 -0.013470 -0.009000
v -0.299700 -0.012523 -0.010277
v -0.299700 -0.011455 -0.011455
v -0.299700 -0.010277 -0.012523
v -0.299700 -0.009000 -0.013470
v -0.299700 -0.007637 -0.014287
v -0.299700 -0.006199 -0.014967
v -0.299700 -0.004703 -0.015502
v -0.299700 -0.003160 -0.015889
v -0.299700 -0.001588 -0.016122
v -0.299200 0.000000 -0.016700
v -0.299200 0.001637 -0.016620
v -0.299200 0.003258 -0.016379
v -0.299200 0.004848 -0.015981
v -0.299200 0.006391 -0.015429
v -0.299200 0.007872 -0.014728
v -0.299200 0.009278 -0.013886
v -0.299200 0.010594 -0.012909
v -0.299200 0.011809 -0.011809
v -0.299200 0.012909 -0.010594
v -0.299200 0.013886 -0.009278
v -0.299200 0.014728 -0.007872
v -0.299200 0.015429 -0.006391
v -0.299200 0.015981 -0.004848
v -0.299200 0.016379 -0.003258
v -0.299200 0.016620 -0.001637
v -0.299200 0.016700 -0.000000
v -0.299200 0.016620 0.001637
v -0.299200 0.016379 0.003258
v -0.299200 0.015981 0.004848
v -0.299200 0.015429 0.006391
v -0.299200 0.014728 0.007872
v -0.299200 0.013886 0.009278
v -0.299200 0.012909 0.010594
v -0.299200 0.011809 0.011809
v -0.299200 0.010594 0.012909
v -0.299200 0.009278 0.013886
v -0.299200 0.007872 0.014728
v -0.299200 0.006391 0.015429
v -0.299200 0.004848 0.015981
v -0.299200 0.003258 0.016379
v -0.299200 0.001637 0.016620
v -0.299200 0.000000 0.016700
v -0.299200 -0.001637 0.016620
v -0.299200 -0.003258 0.016379
v -0.299200 -0.004848 0.015981
v -0.299200 -0.006391 0.015429
v -0.299200 -0.007872 0.014728
v -0.299200 -0.009278 0.013886
v -0.299200 -0.010594 0.012909
v -0.299200 -0.011809 0.011809
v -0.299200 -0.012909 0.010594
v -0.299200 -0.013886 0.009278
v -0.299200 -0.014728 0.007872
v -0.299200 -0.015429 0.006391
v -0.299200 -0.015981 0.004848
v -0.299200 -0.016379 0.003258
v -0.299200 -0.016620 0.001637
v -0.299200 -0.016700 0.000000
v -0.299200 -0.016620 -0.001637
v -0.299200 -0.016379 -0.003258
v -0.299200 -0.015981 -0.004848
v -0.299200 -0.015429 -0.006391
v -0.299200 -0.014728 -0.007872
v -0.299200 -0.013886 -0.009278
v -0.299200 -0.012909 -0.010594
v -0.299200 -0.011809 -0.011809
v -0.299200 -0.010594 -0.012909
v -0.299200 -0.009278 -0.013886
v -0.299200 -0.007872 -0.014728
v -0.299200 -0.006391 -0.015429
v -0.299200 -0.004848 -0.015981
v -0.299200 -0.003258 -0.016379
v -0.299200 -0.001637 -0.016620
v -0.294800 0.000000 -0.016700
v -0.294800 0.001637 -0.016620
v -0.294800 0.003258 -0.016379
v -0.294800 0.004848 -0.015981
v -0.294800 0.006391 -0.015429
v -0.294800 0.007872 -0.014728
v -0.294800 0.009278 -0.013886
v -0.294800 0.010594 -0.012909
v -0.294800 0.011809 -0.011809
v -0.294800 0.012909 -0.010594
v -0.294800 0.013886 -0.009278
v -0.294800 0.014728 -0.007872
v -0.294800 0.015429 -0.006391
v -0.294800 0.015981 -0.004848
v -0.294800 0.016379 -0.003258
v -0.294800 0.016620 -0.001637
v -0.294800 0.016700 -0.000000
v -0.294800 0.016620 0.001637
v -0.294800 0.016379 0.003258
v -0.294800 0.015981 0.004848
v -0.294800 0.015429 0.006391
v -0.294800 0.014728 0.007872
v -0.294800 0.013886 0.009278
v -0.294800 0.012909 0.010594
v -0.294800 0.011809 0.011809
v -0.294800 0.010594 0.012909
v -0.294800 0.009278 0.013886
v -0.294800 0.007872 0.014728
v -0.294800 0.006391 0.015429
v -0.294800 0.004848 0.015981
v -0.294800 0.003258 0.016379
v -0.294800 0.001637 0.016620
v -0.294800 0.000000 0.016700
v -0.294800 -0.001637 0.016620
v -0.294800 -0.003258 0.016379
v -0.294800 -0.004848 0.015981
v -0.294800 -0.006391 0.015429
v -0.294800 -0.007872 0.014728
v -0.294800 -0.009278 0.013886
v -0.294800 -0.010594 0.012909
v -0.294800 -0.011809 0.011809
v -0.294800 -0.012909 0.010594
v -0.294800 -0.013886 0.009278
v -0.294800 -0.014728 0.007872
v -0.294800 -0.015429 0.006391
v -0.294800 -0.015981 0.004848
v -0.294800 -0.016379 0.003258
v -0.294800 -0.016620 0.001637
v -0.294800 -0.016700 0.000000
v -0.294800 -0.016620 -0.001637
v -0.294800 -0.016379 -0.003258
v -0.294800 -0.015981 -0.004848
v -0.294800 -0.015429 -0.006391
v -0.294800 -0.014728 -0.007872
v -0.294800 -0.013886 -0.009278
v -0.294800 -0.012909 -0.010594
v -0.294800 -0.011809 -0.011809
v -0.294800 -0.010594 -0.012909
v -0.294800 -0.009278 -0.013886
v -0.294800 -0.007872 -0.014728
v -0.294800 -0.006391 -0.015429
v -0.294800 -0.004848 -0.015981
v -0.294800 -0.003258 -0.016379
v -0.294800 -0.001637 -0.016620
v -0.294000 0.000000 -0.016200
v -0.294000 0.001588 -0.016122
v -0.294000 0.003160 -0.015889
v -0.294000 0.004703 -0.015502
v -0.294000 0.006199 -0.014967
v -0.294000 0.007637 -0.014287
v -0.294000 0.009000 -0.013470
v -0.294000 0.010277 -0.012523
v -0.294000 0.011455 -0.011455
v -0.294000 0.012523 -0.010277
v -0.294000 0.013470 -0.009000
v -0.294000 0.014287 -0.007637
v -0.294000 0.014967 -0.006199
v -0.294000 0.015502 -0.004703
v -0.294000 0.015889 -0.003160
v -0.294000 0.016122 -0.001588
v -0.294000 0.016200 -0.000000
v -0.294000 0.016122 0.001588
v -0.294000 0.015889 0.003160
v -0.294000 0.015502 0.004703
v -0.294000 0.014967 0.006199
v -0.294000 0.014287 0.007637
v -0.294000 0.013470 0.009000
v -0.294000 0.012523 0.010277
v -0.294000 0.011455 0.011455
v -0.294000 0.010277 0.012523
v -0.294000 0.009000 0.013470
v -0.294000 0.007637 0.014287
v -0.294000 0.006199 0.014967
v -0.294000 0.004703 0.015502
v -0.294000 0.003160 0.015889
v -0.294000 0.001588 0.016122
v -0.294000 0.000000 0.016200
v -0.294000 -0.001588 0.016122
v -0.294000 -0.003160 0.015889
v -0.294000 -0.004703 0.015502
v -0.294000 -0.006199 0.014967
v -0.294000 -0.007637 0.014287
v -0.294000 -0.009000 0.013470
v -0.294000 -0.010277 0.012523
v -0.294000 -0.011455 0.011455
v -0.294000 -0.012523 0.010277
v -0.294000 -0.013470 0.009000
v -0.294000 -0.014287 0.007637
v -0.294000 -0.014967 0.006199
v -0.294000 -0.015502 0.004703
v -0.294000 -0.015889 0.003160
v -0.294000 -0.016122 0.001588
v -0.294000 -0.016200 0.000000
v -0.294000 -0.016122 -0.001588
v -0.294000 -0.015889 -0.003160
v -0.294000 -0.015502 -0.004703
v -0.294000 -0.014967 -0.006199
v -0.294000 -0.014287 -0.007637
v -0.294000 -0.013470 -0.009000
v -0.294000 -0.012523 -0.010277
v -0.294000 -0.011455 -0.011455
v -0.294000 -0.010277 -0.012523
v -0.294000 -0.009000 -0.013470
v -0.294000 -0.007637 -0.014287
v -0.294000 -0.006199 -0.014967
v -0.294000 -0.004703 -0.015502
v -0.294000 -0.003160 -0.015889
v -0.294000 -0.001588 -0.016122
v -0.294000 0.000000 -0.016200
v -0.294000 0.001588 -0.016122
v -0.294000 0.003160 -0.015889
v -0.294000 0.004703 -0.015502
v -0.294000 0.006199 -0.014967
v -0.294000 0.007637 -0.014287
v -0.294000 0.009000 -0.013470
v -0.294000 0.010277 -0.012523
v -0.294000 0.011455 -0.011455
v -0.294000 0.012523 -0.010277
v -0.294000 0.013470 -0.009000
v -0.294000 0.014287 -0.007637
v -0.294000 0.014967 -0.006199
v -0.294000 0.015502 -0.004703
v -0.294000 0.015889 -0.003160
v -0.294000 0.016122 -0.001588
v -0.294000 0.016200 -0.000000
v -0.294000 0.016122 0.001588
v -0.294000 0.015889 0.003160
v -0.294000 0.015502 0.004703
v -0.294000 0.014967 0.006199
v -0.294000 0.014287 0.007637
v -0.294000 0.013470 0.009000
v -0.294000 0.012523 0.010277
v -0.294000 0.011455 0.011455
v -0.294000 0.010277 0.012523
v -0.294000 0.009000 0.013470
v -0.294000 0.007637 0.014287
v -0.294000 0.006199 0.014967
v -0.294000 0.004703 0.015502
v -0.294000 0.003160 0.015889
v -0.294000 0.001588 0.016122
v -0.294000 0.000000 0.016200
v -0.294000 -0.001588 0.016122
v -0.294000 -0.003160 0.015889
v -0.294000 -0.004703 0.015502
v -0.294000 -0.006199 0.014967
v -0.294000 -0.007637 0.014287
v -0.294000 -0.009000 0.013470
v -0.294000 -0.010277 0.012523
v -0.294000 -0.011455 0.011455
v -0.294000 -0.012523 0.010277
v -0.294000 -0.013470 0.009000
v -0.294000 -0.014287 0.007637
v -0.294000 -0.014967 0.006199
v -0.294000 -0.015502 0.004703
v -0.294000 -0.015889 0.003160
v -0.294000 -0.016122 0.001588
v -0.294000 -0.016200 0.000000
v -0.294000 -0.016122 -0.001588
v -0.294000 -0.015889 -0.003160
v -0.294000 -0.015502 -0.004703
v -0.294000 -0.014967 -0.006199
v -0.294000 -0.014287 -0.007637
v -0.294000 -0.013470 -0.009000
v -0.294000 -0.012523 -0.010277
v -0.294000 -0.011455 -0.011455
v -0.294000 -0.010277 -0.012523
v -0.294000 -0.009000 -0.013470
v -0.294000 -0.007637 -0.014287
v -0.294000 -0.006199 -0.014967
v -0.294000 -0.004703 -0.015502
v -0.294000 -0.003160 -0.015889
v -0.294000 -0.001588 -0.016122
v -0.293500 0.000000 -0.017000
v -0.293500 0.001666 -0.016918
v -0.293500 0.003317 -0.016673
v -0.293500 0.004935 -0.016268
v -0.293500 0.006506 -0.015706
v -0.293500 0.008014 -0.014993
v -0.293500 0.009445 -0.014135
v -0.293500 0.010785 -0.013141
v -0.293500 0.012021 -0.012021
v -0.293500 0.013141 -0.010785
v -0.293500 0.014135 -0.009445
v -0.293500 0.014993 -0.008014
v -0.293500 0.015706 -0.006506
v -0.293500 0.016268 -0.004935
v -0.293500 0.016673 -0.003317
v -0.293500 0.016918 -0.001666
v -0.293500 0.017000 -0.000000
v -0.293500 0.016918 0.001666
v -0.293500 0.016673 0.003317
v -0.293500 0.016268 0.004935
v -0.293500 0.015706 0.006506
v -0.293500 0.014993 0.008014
v -0.293500 0.014135 0.009445
v -0.293500 0.013141 0.010785
v -0.293500 0.012021 0.012021
v -0.293500 0.010785 0.013141
v -0.293500 0.009445 0.014135
v -0.293500 0.008014 0.014993
v -0.293500 0.006506 0.015706
v -0.293500 0.004935 0.016268
v -0.293500 0.003317 0.016673
v -0.293500 0.001666 0.016918
v -0.293500 0.000000 0.017000
v -0.293500 -0.001666 0.016918
v -0.293500 -0.003317 0.016673
v -0.293500 -0.004935 0.016268
v -0.293500 -0.006506 0.015706
v -0.293500 -0.008014 0.014993
v -0.293500 -0.009445 0.014135
v -0.293500 -0.010785 0.013141
v -0.293500 -0.012021 0.012021
v -0.293500 -0.013141 0.010785
v -0.293500 -0.014135 0.009445
v -0.293500 -0.014993 0.008014
v -0.293500 -0.015706 0.006506
v -0.293500 -0.016268 0.004935
v -0.293500 -0.016673 0.003317
v -0.293500 -0.016918 0.001666
v -0.293500 -0.017000 0.000000
v -0.293500 -0.016918 -0.001666
v -0.293500 -0.016673 -0.003317
v -0.293500 -0.016268 -0.004935
v -0.293500 -0.015706 -0.006506
v -0.293500 -0.014993 -0.008014
v -0.293500 -0.014135 -0.009445
v -0.293500 -0.013141 -0.010785
v -0.293500 -0.012021 -0.012021
v -0.293500 -0.010785 -0.013141
v -0.293500 -0.009445 -0.014135
v -0.293500 -0.008014 -0.014993
v -0.293500 -0.006506 -0.015706
v -0.293500 -0.004935 -0.016268
v -0.293500 -0.003317 -0.016673
v -0.293500 -0.001666 -0.016918
v -0.118500 0.000000 -0.017000
v -0.118500 0.001666 -0.016918
v -0.118500 0.003317 -0.016673
v -0.118500 0.004935 -0.016268
v -0.118500 0.006506 -0.015706
v -0.118500 0.008014 -0.014993
v -0.118500 0.009445 -0.014135
v -0.118500 0.010785 -0.013141
v -0.118500 0.012021 -0.012021
v -0.118500 0.013141 -0.010785
v -0.118500 0.014135 -0.009445
v -0.118500 0.014993 -0.008014
v -0.118500 0.015706 -0.006506
v -0.118500 0.016268 -0.004935
v -0.118500 0.016673 -0.003317
v -0.118500 0.016918 -0.001666
v -0.118500 0.017000 -0.000000
v -0.118500 0.016918 0.001666
v -0.118500 0.016673 0.003317
v -0.118500 0.016268 0.004935
v -0.118500 0.015706 0.006506
v -0.118500 0.014993 0.008014
v -0.118500 0.014135 0.009445
v -0.118500 0.013141 0.010785
v -0.118500 0.012021 0.012021
v -0.118500 0.010785 0.013141
v -0.118500 0.009445 0.014135
v -0.118500 0.008014 0.014993
v -0.118500 0.006506 0.015706
v -0.118500 0.004935 0.016268
v -0.118500 0.003317 0.016673
v -0.118500 0.001666 0.016918
v -0.118500 0.000000 0.017000
v -0.118500 -0.001666 0.016918
v -0.118500 -0.003317 0.016673
v -0.118500 -0.004935 0.016268
v -0.118500 -0.006506 0.015706
v -0.118500 -0.008014 0.014993
v -0.118500 -0.009445 0.014135
v -0.118500 -0.010785 0.013141
v -0.118500 -0.012021 0.012021
v -0.118500 -0.013141 0.010785
v -0.118500 -0.014135 0.009445
v -0.118500 -0.014993 0.008014
v -0.118500 -0.015706 0.006506
v -0.118500 -0.016268 0.004935
v -0.118500 -0.016673 0.003317
v -0.118500 -0.016918 0.001666
v -0.118500 -0.017000 0.000000
v -0.118500 -0.016918 -0.001666
v -0.118500 -0.016673 -0.003317
v -0.118500 -0.016268 -0.004935
v -0.118500 -0.015706 -0.006506
v -0.118500 -0.014993 -0.008014
v -0.118500 -0.014135 -0.009445
v -0.118500 -0.013141 -0.010785
v -0.118500 -0.012021 -0.012021
v -0.118500 -0.010785 -0.013141
v -0.118500 -0.009445 -0.014135
v -0.118500 -0.008014 -0.014993
v -0.118500 -0.006506 -0.015706
v -0.118500 -0.004935 -0.016268
v -0.118500 -0.003317 -0.016673
v -0.118500 -0.001666 -0.016918
v -0.118000 0.000000 -0.016700
v -0.118000 0.001637 -0.016620
v -0.118000 0.003258 -0.016379
v -0.118000 0.004848 -0.015981
v -0.118000 0.006391 -0.015429
v -0.118000 0.007872 -0.014728
v -0.118000 0.009278 -0.013886
v -0.118000 0.010594 -0.012909
v -0.118000 0.011809 -0.011809
v -0.118000 0.012909 -0.010594
v -0.118000 0.013886 -0.009278
v -0.118000 0.014728 -0.007872
v -0.118000 0.015429 -0.006391
v -0.118000 0.015981 -0.004848
v -0.118000 0.016379 -0.003258
v -0.118000 0.016620 -0.001637
v -0.118000 0.016700 -0.000000
v -0.118000 0.016620 0.001637
v -0.118000 0.016379 0.003258
v -0.118000 0.015981 0.004848
v -0.118000 0.015429 0.006391
v -0.118000 0.014728 0.007872
v -0.118000 0.013886 0.009278
v -0.118000 0.012909 0.010594
v -0.118000 0.011809 0.011809
v -0.118000 0.010594 0.012909
v -0.118000 0.009278 0.013886
v -0.118000 0.007872 0.014728
v -0.118000 0.006391 0.015429
v -0.118000 0.004848 0.015981
v -0.118000 0.003258 0.016379
v -0.118000 0.001637 0.016620
v -0.118000 0.000000 0.016700
v -0.118000 -0.001637 0.016620
v -0.118000 -0.003258 0.016379
v -0.118000 -0.004848 0.015981
v -0.118000 -0.006391 0.015429
v -0.118000 -0.007872 0.014728
v -0.118000 -0.009278 0.013886
v -0.118000 -0.010594 0.012909
v -0.118000 -0.011809 0.011809
v -0.118000 -0.012909 0.010594
v -0.118000 -0.013886 0.009278
v -0.118000 -0.014728 0.007872
v -0.118000 -0.015429 0.006391
v -0.118000 -0.015981 0.004848
v -0.118000 -0.016379 0.003258
v -0.118000 -0.016620 0.001637
v -0.118000 -0.016700 0.000000
v -0.118000 -0.016620 -0.001637
v -0.118000 -0.016379 -0.003258
v -0.118000 -0.015981 -0.004848
v -0.118000 -0.015429 -0.006391
v -0.118000 -0.014728 -0.007872
v -0.118000 -0.013886 -0.009278
v -0.118000 -0.012909 -0.010594
v -0.118000 -0.011809 -0.011809
v -0.118000 -0.010594 -0.012909
v -0.118000 -0.009278 -0.013886
v -0.118000 -0.007872 -0.014728
v -0.118000 -0.006391 -0.015429
v -0.118000 -0.004848 -0.015981
v -0.118000 -0.003258 -0.016379
v -0.118000 -0.001637 -0.016620
v -0.117500 0.000000 -0.016200
v -0.117500 0.001588 -0.016122
v -0.117500 0.003160 -0.015889
v -0.117500 0.004703 -0.015502
v -0.117500 0.006199 -0.014967
v -0.117500 0.007637 -0.014287
v -0.117500 0.009000 -0.013470
v -0.117500 0.010277 -0.012523
v -0.117500 0.011455 -0.011455
v -0.117500 0.012523 -0.010277
v -0.117500 0.013470 -0.009000
v -0.117500 0.014287 -0.007637
v -0.117500 0.014967 -0.006199
v -0.117500 0.015502 -0.004703
v -0.117500 0.015889 -0.003160
v -0.117500 0.016122 -0.001588
v -0.117500 0.016200 -0.000000
v -0.117500 0.016122 0.001588
v -0.117500 0.015889 0.003160
v -0.117500 0.015502 0.004703
v -0.117500 0.014967 0.006199
v -0.117500 0.014287 0.007637
v -0.117500 0.013470 0.009000
v -0.117500 0.012523 0.010277
v -0.117500 0.011455 0.011455
v -0.117500 0.010277 0.012523
v -0.117500 0.009000 0.013470
v -0.117500 0.007637 0.014287
v -0.117500 0.006199 0.014967
v -0.117500 0.004703 0.015502
v -0.117500 0.003160 0.015889
v -0.117500 0.001588 0.016122
v -0.117500 0.000000 0.016200
v -0.117500 -0.001588 0.016122
v -0.117500 -0.003160 0.015889
v -0.117500 -0.004703 0.015502
v -0.117500 -0.006199 0.014967
v -0.117500 -0.007637 0.014287
v -0.117500 -0.009000 0.013470
v -0.117500 -0.010277 0.012523
v -0.117500 -0.011455 0.011455
v -0.117500 -0.012523 0.010277
v -0.117500 -0.013470 0.009000
v -0.117500 -0.014287 0.007637
v -0.117500 -0.014967 0.006199
v -0.117500 -0.015502 0.004703
v -0.117500 -0.015889 0.003160
v -0.117500 -0.016122 0.001588
v -0.117500 -0.016200 0.000000
v -0.117500 -0.016122 -0.001588
v -0.117500 -0.015889 -0.003160
v -0.117500 -0.015502 -0.004703
v -0.117500 -0.014967 -0.006199
v -0.117500 -0.014287 -0.007637
v -0.117500 -0.013470 -0.009000
v -0.117500 -0.012523 -0.010277
v -0.117500 -0.011455 -0.011455
v -0.117500 -0.010277 -0.012523
v -0.117500 -0.009000 -0.013470
v -0.117500 -0.007637 -0.014287
v -0.117500 -0.006199 -0.014967
v -0.117500 -0.004703 -0.015502
v -0.117500 -0.003160 -0.015889
v -0.117500 -0.001588 -0.016122
v -0.116500 0.000000 -0.016200
v -0.116500 0.001588 -0.016122
v -0.116500 0.003160 -0.015889
v -0.116500 0.004703 -0.015502
v -0.116500 0.006199 -0.014967
v -0.116500 0.007637 -0.014287
v -0.116500 0.009000 -0.013470
v -0.116500 0.010277 -0.012523
v -0.116500 0.011455 -0.011455
v -0.116500 0.012523 -0.010277
v -0.116500 0.013470 -0.009000
v -0.116500 0.014287 -0.007637
v -0.116500 0.014967 -0.006199
v -0.116500 0.015502 -0.004703
v -0.116500 0.015889 -0.003160
v -0.116500 0.016122 -0.001588
v -0.116500 0.016200 -0.000000
v -0.116500 0.016122 0.001588
v -0.116500 0.015889 0.003160
v -0.116500 0.015502 0.004703
v -0.116500 0.014967 0.006199
v -0.116500 0.014287 0.007637
v -0.116500 0.013470 0.009000
v -0.116500 0.012523 0.010277
v -0.116500 0.011455 0.011455
v -0.116500 0.010277 0.012523
v -0.116500 0.009000 0.013470
v -0.116500 0.007637 0.014287
v -0.116500 0.006199 0.014967
v -0.116500 0.004703 0.015502
v -0.116500 0.003160 0.015889
v -0.116500 0.001588 0.016122
v -0.116500 0.000000 0.016200
v -0.116500 -0.001588 0.016122
v -0.116500 -0.003160 0.015889
v -0.116500 -0.004703 0.015502
v -0.116500 -0.006199 0.014967
v -0.116500 -0.007637 0.014287
v -0.116500 -0.009000 0.013470
v -0.116500 -0.010277 0.012523
v -0.116500 -0.011455 0.011455
v -0.116500 -0.012523 0.010277
v -0.116500 -0.013470 0.009000
v -0.116500 -0.014287 0.007637
v -0.116500 -0.014967 0.006199
v -0.116500 -0.015502 0.004703
v -0.116500 -0.015889 0.003160
v -0.116500 -0.016122 0.001588
v -0.116500 -0.016200 0.000000
v -0.116500 -0.016122 -0.001588
v -0.116500 -0.015889 -0.003160
v -0.116500 -0.015502 -0.004703
v -0.116500 -0.014967 -0.006199
v -0.116500 -0.014287 -0.007637
v -0.116500 -0.013470 -0.009000
v -0.116500 -0.012523 -0.010277
v -0.116500 -0.011455 -0.011455
v -0.116500 -0.010277 -0.012523
v -0.116500 -0.009000 -0.013470
v -0.116500 -0.007637 -0.014287
v -0.116500 -0.006199 -0.014967
v -0.116500 -0.004703 -0.015502
v -0.116500 -0.003160 -0.015889
v -0.116500 -0.001588 -0.016122
v -0.116000 0.000000 -0.016700
v -0.116000 0.001637 -0.016620
v -0.116000 0.003258 -0.016379
v -0.116000 0.004848 -0.015981
v -0.116000 0.006391 -0.015429
v -0.116000 0.007872 -0.014728
v -0.116000 0.009278 -0.013886
v -0.116000 0.010594 -0.012909
v -0.116000 0.011809 -0.011809
v -0.116000 0.012909 -0.010594
v -0.116000 0.013886 -0.009278
v -0.116000 0.014728 -0.007872
v -0.116000 0.015429 -0.006391
v -0.116000 0.015981 -0.004848
v -0.116000 0.016379 -0.003258
v -0.116000 0.016620 -0.001637
v -0.116000 0.016700 -0.000000
v -0.116000 0.016620 0.001637
v -0.116000 0.016379 0.003258
v -0.116000 0.015981 0.004848
v -0.116000 0.015429 0.006391
v -0.116000 0.014728 0.007872
v -0.116000 0.013886 0.009278
v -0.116000 0.012909 0.010594
v -0.116000 0.011809 0.011809
v -0.116000 0.010594 0.012909
v -0.116000 0.009278 0.013886
v -0.116000 0.007872 0.014728
v -0.116000 0.006391 0.015429
v -0.116000 0.004848 0.015981
v -0.116000 0.003258 0.016379
v -0.116000 0.001637 0.016620
v -0.116000 0.000000 0.016700
v -0.116000 -0.001637 0.016620
v -0.116000 -0.003258 0.016379
v -0.116000 -0.004848 0.015981
v -0.116000 -0.006391 0.015429
v -0.116000 -0.007872 0.014728
v -0.116000 -0.009278 0.013886
v -0.116000 -0.010594 0.012909
v -0.116000 -0.011809 0.011809
v -0.116000 -0.012909 0.010594
v -0.116000 -0.013886 0.009278
v -0.116000 -0.014728 0.007872
v -0.116000 -0.015429 0.006391
v -0.116000 -0.015981 0.004848
v -0.116000 -0.016379 0.003258
v -0.116000 -0.016620 0.001637
v -0.116000 -0.016700 0.000000
v -0.116000 -0.016620 -0.001637
v -0.116000 -0.016379 -0.003258
v -0.116000 -0.015981 -0.004848
v -0.116000 -0.015429 -0.006391
v -0.116000 -0.014728 -0.007872
v -0.116000 -0.013886 -0.009278
v -0.116000 -0.012909 -0.010594
v -0.116000 -0.011809 -0.011809
v -0.116000 -0.010594 -0.012909
v -0.116000 -0.009278 -0.013886
v -0.116000 -0.007872 -0.014728
v -0.116000 -0.006391 -0.015429
v -0.116000 -0.004848 -0.015981
v -0.116000 -0.003258 -0.016379
v -0.116000 -0.001637 -0.016620
v -0.115500 0.000000 -0.017000
v -0.115500 0.001666 -0.016918
v -0.115500 0.003317 -0.016673
v -0.115500 0.004935 -0.016268
v -0.115500 0.006506 -0.015706
v -0.115500 0.008014 -0.014993
v -0.115500 0.009445 -0.014135
v -0.115500 0.010785 -0.013141
v -0.115500 0.012021 -0.012021
v -0.115500 0.013141 -0.010785
v -0.115500 0.014135 -0.009445
v -0.115500 0.014993 -0.008014
v -0.115500 0.015706 -0.006506
v -0.115500 0.016268 -0.004935
v -0.115500 0.016673 -0.003317
v -0.115500 0.016918 -0.001666
v -0.115500 0.017000 -0.000000
v -0.115500 0.016918 0.001666
v -0.115500 0.016673 0.003317
v -0.115500 0.016268 0.004935
v -0.115500 0.015706 0.006506
v -0.115500 0.014993 0.008014
v -0.115500 0.014135 0.009445
v -0.115500 0.013141 0.010785
v -0.115500 0.012021 0.012021
v -0.115500 0.010785 0.013141
v -0.115500 0.009445 0.014135
v -0.115500 0.008014 0.014993
v -0.115500 0.006506 0.015706
v -0.115500 0.004935 0.016268
v -0.115500 0.003317 0.016673
v -0.115500 0.001666 0.016918
v -0.115500 0.000000 0.017000
v -0.115500 -0.001666 0.016918
v -0.115500 -0.003317 0.016673
v -0.115500 -0.004935 0.016268
v -0.115500 -0.006506 0.015706
v -0.115500 -0.008014 0.014993
v -0.115500 -0.009445 0.014135
v -0.115500 -0.010785 0.013141
v -0.115500 -0.012021 0.012021
v -0.115500 -0.013141 0.010785
v -0.115500 -0.014135 0.009445
v -0.115500 -0.014993 0.008014
v -0.115500 -0.015706 0.006506
v -0.115500 -0.016268 0.004935
v -0.115500 -0.016673 0.003317
v -0.115500 -0.016918 0.001666
v -0.115500 -0.017000 0.000000
v -0.115500 -0.016918 -0.001666
v -0.115500 -0.016673 -0.003317
v -0.115500 -0.016268 -0.004935
v -0.115500 -0.015706 -0.006506
v -0.115500 -0.014993 -0.008014
v -0.115500 -0.014135 -0.009445
v -0.115500 -0.013141 -0.010785
v -0.115500 -0.012021 -0.012021
v -0.115500 -0.010785 -0.013141
v -0.115500 -0.009445 -0.014135
v -0.115500 -0.008014 -0.014993
v -0.115500 -0.006506 -0.015706
v -0.115500 -0.004935 -0.016268
v -0.115500 -0.003317 -0.016673
v -0.115500 -0.001666 -0.016918
v 0.149500 0.000000 -0.017000
v 0.149500 0.001666 -0.016918
v 0.149500 0.003317 -0.016673
v 0.149500 0.004935 -0.016268
v 0.149500 0.006506 -0.015706
v 0.149500 0.008014 -0.014993
v 0.149500 0.009445 -0.014135
v 0.149500 0.010785 -0.013141
v 0.149500 0.012021 -0.012021
v 0.149500 0.013141 -0.010785
v 0.149500 0.014135 -0.009445
v 0.149500 0.014993 -0.008014
v 0.149500 0.015706 -0.006506
v 0.149500 0.016268 -0.004935
v 0.149500 0.016673 -0.003317
v 0.149500 0.016918 -0.001666
v 0.149500 0.017000 -0.000000
v 0.149500 0.016918 0.001666
v 0.149500 0.016673 0.003317
v 0.149500 0.016268 0.004935
v 0.149500 0.015706 0.006506
v 0.149500 0.014993 0.008014
v 0.149500 0.014135 0.009445
v 0.149500 0.013141 0.010785
v 0.149500 0.012021 0.012021
v 0.149500 0.010785 0.013141
v 0.149500 0.009445 0.014135
v 0.149500 0.008014 0.014993
v 0.149500 0.006506 0.015706
v 0.149500 0.004935 0.016268
v 0.149500 0.003317 0.016673
v 0.149500 0.001666 0.016918
v 0.149500 0.000000 0.017000
v 0.149500 -0.001666 0.016918
v 0.149500 -0.003317 0.016673
v 0.149500 -0.004935 0.016268
v 0.149500 -0.006506 0.015706
v 0.149500 -0.008014 0.014993
v 0.149500 -0.009445 0.014135
v 0.149500 -0.010785 0.013141
v 0.149500 -0.012021 0.012021
v 0.149500 -0.013141 0.010785
v 0.149500 -0.014135 0.009445
v 0.149500 -0.014993 0.008014
v 0.149500 -0.015706 0.006506
v 0.149500 -0.016268 0.004935
v 0.149500 -0.016673 0.003317
v 0.149500 -0.016918 0.001666
v 0.149500 -0.017000 0.000000
v 0.149500 -0.016918 -0.001666
v 0.149500 -0.016673 -0.003317
v 0.149500 -0.016268 -0.004935
v 0.149500 -0.015706 -0.006506
v 0.149500 -0.014993 -0.008014
v 0.149500 -0.014135 -0.009445
v 0.149500 -0.013141 -0.010785
v 0.149500 -0.012021 -0.012021
v 0.149500 -0.010785 -0.013141
v 0.149500 -0.009445 -0.014135
v 0.149500 -0.008014 -0.014993
v 0.149500 -0.006506 -0.015706
v 0.149500 -0.004935 -0.016268
v 0.149500 -0.003317 -0.016673
v 0.149500 -0.001666 -0.016918
v 0.150000 0.000000 -0.016500
v 0.150000 0.001617 -0.016421
v 0.150000 0.003219 -0.016183
v 0.150000 0.004790 -0.015790
v 0.150000 0.006314 -0.015244
v 0.150000 0.007778 -0.014552
v 0.150000 0.009167 -0.013719
v 0.150000 0.010467 -0.012755
v 0.150000 0.011667 -0.011667
v 0.150000 0.012755 -0.010467
v 0.150000 0.013719 -0.009167
v 0.150000 0.014552 -0.007778
v 0.150000 0.015244 -0.006314
v 0.150000 0.015790 -0.004790
v 0.150000 0.016183 -0.003219
v 0.150000 0.016421 -0.001617
v 0.150000 0.016500 -0.000000
v 0.150000 0.016421 0.001617
v 0.150000 0.016183 0.003219
v 0.150000 0.015790 0.004790
v 0.150000 0.015244 0.006314
v 0.150000 0.014552 0.007778
v 0.150000 0.013719 0.009167
v 0.150000 0.012755 0.010467
v 0.150000 0.011667 0.011667
v 0.150000 0.010467 0.012755
v 0.150000 0.009167 0.013719
v 0.150000 0.007778 0.014552
v 0.150000 0.006314 0.015244
v 0.150000 0.004790 0.015790
v 0.150000 0.003219 0.016183
v 0.150000 0.001617 0.016421
v 0.150000 0.000000 0.016500
v 0.150000 -0.001617 0.016421
v 0.150000 -0.003219 0.016183
v 0.150000 -0.004790 0.015790
v 0.150000 -0.006314 0.015244
v 0.150000 -0.007778 0.014552
v 0.150000 -0.009167 0.013719
v 0.150000 -0.010467 0.012755
v 0.150000 -0.011667 0.011667
v 0.150000 -0.012755 0.010467
v 0.150000 -0.013719 0.009167
v 0.150000 -0.014552 0.007778
v 0.150000 -0.015244 0.006314
v 0.150000 -0.015790 0.004790
v 0.150000 -0.016183 0.003219
v 0.150000 -0.016421 0.001617
v 0.150000 -0.016500 0.000000
v 0.150000 -0.016421 -0.001617
v 0.150000 -0.016183 -0.003219
v 0.150000 -0.015790 -0.004790
v 0.150000 -0.015244 -0.006314
v 0.150000 -0.014552 -0.007778
v 0.150000 -0.013719 -0.009167
v 0.150000 -0.012755 -0.010467
v 0.150000 -0.011667 -0.011667
v 0.150000 -0.010467 -0.012755
v 0.150000 -0.009167 -0.013719
v 0.150000 -0.007778 -0.014552
v 0.150000 -0.006314 -0.015244
v 0.150000 -0.004790 -0.015790
v 0.150000 -0.003219 -0.016183
v 0.150000 -0.001617 -0.016421
v 0.150000 0.000000 -0.016500
v 0.150000 0.001617 -0.016421
v 0.150000 0.003219 -0.016183
v 0.150000 0.004790 -0.015790
v 0.150000 0.006314 -0.015244
v 0.150000 0.007778 -0.014552
v 0.150000 0.009167 -0.013719
v 0.150000 0.010467 -0.012755
v 0.150000 0.011667 -0.011667
v 0.150000 0.012755 -0.010467
v 0.150000 0.013719 -0.009167
v 0.150000 0.014552 -0.007778
v 0.150000 0.015244 -0.006314
v 0.150000 0.015790 -0.004790
v 0.150000 0.016183 -0.003219
v 0.150000 0.016421 -0.001617
v 0.150000 0.016500 -0.000000
v 0.150000 0.016421 0.001617
v 0.150000 0.016183 0.003219
v 0.150000 0.015790 0.004790
v 0.150000 0.015244 0.006314
v 0.150000 0.014552 0.007778
v 0.150000 0.013719 0.009167
v 0.150000 0.012755 0.010467
v 0.150000 0.011667 0.011667
v 0.150000 0.010467 0.012755
v 0.150000 0.009167 0.013719
v 0.150000 0.007778 0.014552
v 0.150000 0.006314 0.015244
v 0.150000 0.004790 0.015790
v 0.150000 0.003219 0.016183
v 0.150000 0.001617 0.016421
v 0.150000 0.000000 0.016500
v 0.150000 -0.001617 0.016421
v 0.150000 -0.003219 0.016183
v 0.150000 -0.004790 0.015790
v 0.150000 -0.006314 0.015244
v 0.150000 -0.007778 0.014552
v 0.150000 -0.009167 0.013719
v 0.150000 -0.010467 0.012755
v 0.150000 -0.011667 0.011667
v 0.150000 -0.012755 0.010467
v 0.150000 -0.013719 0.009167
v 0.150000 -0.014552 0.007778
v 0.150000 -0.015244 0.006314
v 0.150000 -0.015790 0.004790
v 0.150000 -0.016183 0.003219
v 0.150000 -0.016421 0.001617
v 0.150000 -0.016500 0.000000
v 0.150000 -0.016421 -0.001617
v 0.150000 -0.016183 -0.003219
v 0.150000 -0.015790 -0.004790
v 0.150000 -0.015244 -0.006314
v 0.150000 -0.014552 -0.007778
v 0.150000 -0.013719 -0.009167
v 0.150000 -0.012755 -0.010467
v 0.150000 -0.011667 -0.011667
v 0.150000 -0.010467 -0.012755
v 0.150000 -0.009167 -0.013719
v 0.150000 -0.007778 -0.014552
v 0.150000 -0.006314 -0.015244
v 0.150000 -0.004790 -0.015790
v 0.150000 -0.003219 -0.016183
v 0.150000 -0.001617 -0.016421
v 0.150500 0.000000 -0.017400
v 0.150500 0.001705 -0.017316
v 0.150500 0.003395 -0.017066
v 0.150500 0.005051 -0.016651
v 0.150500 0.006659 -0.016076
v 0.150500 0.008202 -0.015345
v 0.150500 0.009667 -0.014468
v 0.150500 0.011038 -0.013450
v 0.150500 0.012304 -0.012304
v 0.150500 0.013450 -0.011038
v 0.150500 0.014468 -0.009667
v 0.150500 0.015345 -0.008202
v 0.150500 0.016076 -0.006659
v 0.150500 0.016651 -0.005051
v 0.150500 0.017066 -0.003395
v 0.150500 0.017316 -0.001705
v 0.150500 0.017400 -0.000000
v 0.150500 0.017316 0.001705
v 0.150500 0.017066 0.003395
v 0.150500 0.016651 0.005051
v 0.150500 0.016076 0.006659
v 0.150500 0.015345 0.008202
v 0.150500 0.014468 0.009667
v 0.150500 0.013450 0.011038
v 0.150500 0.012304 0.012304
v 0.150500 0.011038 0.013450
v 0.150500 0.009667 0.014468
v 0.150500 0.008202 0.015345
v 0.150500 0.006659 0.016076
v 0.150500 0.005051 0.016651
v 0.150500 0.003395 0.017066
v 0.150500 0.001705 0.017316
v 0.150500 0.000000 0.017400
v 0.150500 -0.001705 0.017316
v 0.150500 -0.003395 0.017066
v 0.150500 -0.005051 0.016651
v 0.150500 -0.006659 0.016076
v 0.150500 -0.008202 0.015345
v 0.150500 -0.009667 0.014468
v 0.150500 -0.011038 0.013450
v 0.150500 -0.012304 0.012304
v 0.150500 -0.013450 0.011038
v 0.150500 -0.014468 0.009667
v 0.150500 -0.015345 0.008202
v 0.150500 -0.016076 0.006659
v 0.150500 -0.016651 0.005051
v 0.150500 -0.017066 0.003395
v 0.150500 -0.017316 0.001705
v 0.150500 -0.017400 0.000000
v 0.150500 -0.017316 -0.001705
v 0.150500 -0.017066 -0.003395
v 0.150500 -0.016651 -0.005051
v 0.150500 -0.016076 -0.006659
v 0.150500 -0.015345 -0.008202
v 0.150500 -0.014468 -0.009667
v 0.150500 -0.013450 -0.011038
v 0.150500 -0.012304 -0.012304
v 0.150500 -0.011038 -0.013450
v 0.150500 -0.009667 -0.014468
v 0.150500 -0.008202 -0.015345
v 0.150500 -0.006659 -0.016076
v 0.150500 -0.005051 -0.016651
v 0.150500 -0.003395 -0.017066
v 0.150500 -0.001705 -0.017316
v 0.155000 0.000000 -0.017400
v 0.155000 0.001705 -0.017316
v 0.155000 0.003395 -0.017066
v 0.155000 0.005051 -0.016651
v 0.155000 0.006659 -0.016076
v 0.155000 0.008202 -0.015345
v 0.155000 0.009667 -0.014468
v 0.155000 0.011038 -0.013450
v 0.155000 0.012304 -0.012304
v 0.155000 0.013450 -0.011038
v 0.155000 0.014468 -0.009667
v 0.155000 0.015345 -0.008202
v 0.155000 0.016076 -0.006659
v 0.155000 0.016651 -0.005051
v 0.155000 0.017066 -0.003395
v 0.155000 0.017316 -0.001705
v 0.155000 0.017400 -0.000000
v 0.155000 0.017316 0.001705
v 0.155000 0.017066 0.003395
v 0.155000 0.016651 0.005051
v 0.155000 0.016076 0.006659
v 0.155000 0.015345 0.008202
v 0.155000 0.014468 0.009667
v 0.155000 0.013450 0.011038
v 0.155000 0.012304 0.012304
v 0.155000 0.011038 0.013450
v 0.155000 0.009667 0.014468
v 0.155000 0.008202 0.015345
v 0.155000 0.006659 0.016076
v 0.155000 0.005051 0.016651
v 0.155000 0.003395 0.017066
v 0.155000 0.001705 0.017316
v 0.155000 0.000000 0.017400
v 0.155000 -0.001705 0.017316
v 0.155000 -0.003395 0.017066
v 0.155000 -0.005051 0.016651
v 0.155000 -0.006659 0.016076
v 0.155000 -0.008202 0.015345
v 0.155000 -0.009667 0.014468
v 0.155000 -0.011038 0.013450
v 0.155000 -0.012304 0.012304
v 0.155000 -0.013450 0.011038
v 0.155000 -0.014468 0.009667
v 0.155000 -0.015345 0.008202
v 0.155000 -0.016076 0.006659
v 0.155000 -0.016651 0.005051
v 0.155000 -0.017066 0.003395
v 0.155000 -0.017316 0.001705
v 0.155000 -0.017400 0.000000
v 0.155000 -0.017316 -0.001705
v 0.155000 -0.017066 -0.003395
v 0.155000 -0.016651 -0.005051
v 0.155000 -0.016076 -0.006659
v 0.155000 -0.015345 -0.008202
v 0.155000 -0.014468 -0.009667
v 0.155000 -0.013450 -0.011038
v 0.155000 -0.012304 -0.012304
v 0.155000 -0.011038 -0.013450
v 0.155000 -0.009667 -0.014468
v 0.155000 -0.008202 -0.015345
v 0.155000 -0.006659 -0.016076
v 0.155000 -0.005051 -0.016651
v 0.155000 -0.003395 -0.017066
v 0.155000 -0.001705 -0.017316
v 0.155600 0.000000 -0.017000
v 0.155600 0.001666 -0.016918
v 0.155600 0.003317 -0.016673
v 0.155600 0.004935 -0.016268
v 0.155600 0.006506 -0.015706
v 0.155600 0.008014 -0.014993
v 0.155600 0.009445 -0.014135
v 0.155600 0.010785 -0.013141
v 0.155600 0.012021 -0.012021
v 0.155600 0.013141 -0.010785
v 0.155600 0.014135 -0.009445
v 0.155600 0.014993 -0.008014
v 0.155600 0.015706 -0.006506
v 0.155600 0.016268 -0.004935
v 0.155600 0.016673 -0.003317
v 0.155600 0.016918 -0.001666
v 0.155600 0.017000 -0.000000
v 0.155600 0.016918 0.001666
v 0.155600 0.016673 0.003317
v 0.155600 0.016268 0.004935
v 0.155600 0.015706 0.006506
v 0.155600 0.014993 0.008014
v 0.155600 0.014135 0.009445
v 0.155600 0.013141 0.010785
v 0.155600 0.012021 0.012021
v 0.155600 0.010785 0.013141
v 0.155600 0.009445 0.014135
v 0.155600 0.008014 0.014993
v 0.155600 0.006506 0.015706
v 0.155600 0.004935 0.016268
v 0.155600 0.003317 0.016673
v 0.155600 0.001666 0.016918
v 0.155600 0.000000 0.017000
v 0.155600 -0.001666 0.016918
v 0.155600 -0.003317 0.016673
v 0.155600 -0.004935 0.016268
v 0.155600 -0.006506 0.015706
v 0.155600 -0.008014 0.014993
v 0.155600 -0.009445 0.014135
v 0.155600 -0.010785 0.013141
v 0.155600 -0.012021 0.012021
v 0.155600 -0.013141 0.010785
v 0.155600 -0.014135 0.009445
v 0.155600 -0.014993 0.008014
v 0.155600 -0.015706 0.006506
v 0.155600 -0.016268 0.004935
v 0.155600 -0.016673 0.003317
v 0.155600 -0.016918 0.001666
v 0.155600 -0.017000 0.000000
v 0.155600 -0.016918 -0.001666
v 0.155600 -0.016673 -0.003317
v 0.155600 -0.016268 -0.004935
v 0.155600 -0.015706 -0.006506
v 0.155600 -0.014993 -0.008014
v 0.155600 -0.014135 -0.009445
v 0.155600 -0.013141 -0.010785
v 0.155600 -0.012021 -0.012021
v 0.155600 -0.010785 -0.013141
v 0.155600 -0.009445 -0.014135
v 0.155600 -0.008014 -0.014993
v 0.155600 -0.006506 -0.015706
v 0.155600 -0.004935 -0.016268
v 0.155600 -0.003317 -0.016673
v 0.155600 -0.001666 -0.016918
v 0.158300 0.000000 -0.017000
v 0.158300 0.001666 -0.016918
v 0.158300 0.003317 -0.016673
v 0.158300 0.004935 -0.016268
v 0.158300 0.006506 -0.015706
v 0.158300 0.008014 -0.014993
v 0.158300 0.009445 -0.014135
v 0.158300 0.010785 -0.013141
v 0.158300 0.012021 -0.012021
v 0.158300 0.013141 -0.010785
v 0.158300 0.014135 -0.009445
v 0.158300 0.014993 -0.008014
v 0.158300 0.015706 -0.006506
v 0.158300 0.016268 -0.004935
v 0.158300 0.016673 -0.003317
v 0.158300 0.016918 -0.001666
v 0.158300 0.017000 -0.000000
v 0.158300 0.016918 0.001666
v 0.158300 0.016673 0.003317
v 0.158300 0.016268 0.004935
v 0.158300 0.015706 0.006506
v 0.158300 0.014993 0.008014
v 0.158300 0.014135 0.009445
v 0.158300 0.013141 0.010785
v 0.158300 0.012021 0.012021
v 0.158300 0.010785 0.013141
v 0.158300 0.009445 0.014135
v 0.158300 0.008014 0.014993
v 0.158300 0.006506 0.015706
v 0.158300 0.004935 0.016268
v 0.158300 0.003317 0.016673
v 0.158300 0.001666 0.016918
v 0.158300 0.000000 0.017000
v 0.158300 -0.001666 0.016918
v 0.158300 -0.003317 0.016673
v 0.158300 -0.004935 0.016268
v 0.158300 -0.006506 0.015706
v 0.158300 -0.008014 0.014993
v 0.158300 -0.009445 0.014135
v 0.158300 -0.010785 0.013141
v 0.158300 -0.012021 0.012021
v 0.158300 -0.013141 0.010785
v 0.158300 -0.014135 0.009445
v 0.158300 -0.014993 0.008014
v 0.158300 -0.015706 0.006506
v 0.158300 -0.016268 0.004935
v 0.158300 -0.016673 0.003317
v 0.158300 -0.016918 0.001666
v 0.158300 -0.017000 0.000000
v 0.158300 -0.016918 -0.001666
v 0.158300 -0.016673 -0.003317
v 0.158300 -0.016268 -0.004935
v 0.158300 -0.015706 -0.006506
v 0.158300 -0.014993 -0.008014
v 0.158300 -0.014135 -0.009445
v 0.158300 -0.013141 -0.010785
v 0.158300 -0.012021 -0.012021
v 0.158300 -0.010785 -0.013141
v 0.158300 -0.009445 -0.014135
v 0.158300 -0.008014 -0.014993
v 0.158300 -0.006506 -0.015706
v 0.158300 -0.004935 -0.016268
v 0.158300 -0.003317 -0.016673
v 0.158300 -0.001666 -0.016918
v 0.158650 0.000000 -0.016650
v 0.158650 0.001632 -0.016570
v 0.158650 0.003248 -0.016330
v 0.158650 0.004833 -0.015933
v 0.158650 0.006372 -0.015383
v 0.158650 0.007849 -0.014684
v 0.158650 0.009250 -0.013844
v 0.158650 0.010563 -0.012871
v 0.158650 0.011773 -0.011773
v 0.158650 0.012871 -0.010563
v 0.158650 0.013844 -0.009250
v 0.158650 0.014684 -0.007849
v 0.158650 0.015383 -0.006372
v 0.158650 0.015933 -0.004833
v 0.158650 0.016330 -0.003248
v 0.158650 0.016570 -0.001632
v 0.158650 0.016650 -0.000000
v 0.158650 0.016570 0.001632
v 0.158650 0.016330 0.003248
v 0.158650 0.015933 0.004833
v 0.158650 0.015383 0.006372
v 0.158650 0.014684 0.007849
v 0.158650 0.013844 0.009250
v 0.158650 0.012871 0.010563
v 0.158650 0.011773 0.011773
v 0.158650 0.010563 0.012871
v 0.158650 0.009250 0.013844
v 0.158650 0.007849 0.014684
v 0.158650 0.006372 0.015383
v 0.158650 0.004833 0.015933
v 0.158650 0.003248 0.016330
v 0.158650 0.001632 0.016570
v 0.158650 0.000000 0.016650
v 0.158650 -0.001632 0.016570
v 0.158650 -0.003248 0.016330
v 0.158650 -0.004833 0.015933
v 0.158650 -0.006372 0.015383
v 0.158650 -0.007849 0.014684
v 0.158650 -0.009250 0.013844
v 0.158650 -0.010563 0.012871
v 0.158650 -0.011773 0.011773
v 0.158650 -0.012871 0.010563
v 0.158650 -0.013844 0.009250
v 0.158650 -0.014684 0.007849
v 0.158650 -0.015383 0.006372
v 0.158650 -0.015933 0.004833
v 0.158650 -0.016330 0.003248
v 0.158650 -0.016570 0.001632
v 0.158650 -0.016650 0.000000
v 0.158650 -0.016570 -0.001632
v 0.158650 -0.016330 -0.003248
v 0.158650 -0.015933 -0.004833
v 0.158650 -0.015383 -0.006372
v 0.158650 -0.014684 -0.007849
v 0.158650 -0.013844 -0.009250
v 0.158650 -0.012871 -0.010563
v 0.158650 -0.011773 -0.011773
v 0.158650 -0.010563 -0.012871
v 0.158650 -0.009250 -0.013844
v 0.158650 -0.007849 -0.014684
v 0.158650 -0.006372 -0.015383
v 0.158650 -0.004833 -0.015933
v 0.158650 -0.003248 -0.016330
v 0.158650 -0.001632 -0.016570
v 0.159350 0.000000 -0.016650
v 0.159350 0.001632 -0.016570
v 0.159350 0.003248 -0.016330
v 0.159350 0.004833 -0.015933
v 0.159350 0.006372 -0.015383
v 0.159350 0.007849 -0.014684
v 0.159350 0.009250 -0.013844
v 0.159350 0.010563 -0.012871
v 0.159350 0.011773 -0.011773
v 0.159350 0.012871 -0.010563
v 0.159350 0.013844 -0.009250
v 0.159350 0.014684 -0.007849
v 0.159350 0.015383 -0.006372
v 0.159350 0.015933 -0.004833
v 0.159350 0.016330 -0.003248
v 0.159350 0.016570 -0.001632
v 0.159350 0.016650 -0.000000
v 0.159350 0.016570 0.001632
v 0.159350 0.016330 0.003248
v 0.159350 0.015933 0.004833
v 0.159350 0.015383 0.006372
v 0.159350 0.014684 0.007849
v 0.159350 0.013844 0.009250
v 0.159350 0.012871 0.010563
v 0.159350 0.011773 0.011773
v 0.159350 0.010563 0.012871
v 0.159350 0.009250 0.013844
v 0.159350 0.007849 0.014684
v 0.159350 0.006372 0.015383
v 0.159350 0.004833 0.015933
v 0.159350 0.003248 0.016330
v 0.159350 0.001632 0.016570
v 0.159350 0.000000 0.016650
v 0.159350 -0.001632 0.016570
v 0.159350 -0.003248 0.016330
v 0.159350 -0.004833 0.015933
v 0.159350 -0.006372 0.015383
v 0.159350 -0.007849 0.014684
v 0.159350 -0.009250 0.013844
v 0.159350 -0.010563 0.012871
v 0.159350 -0.011773 0.011773
v 0.159350 -0.012871 0.010563
v 0.159350 -0.013844 0.009250
v 0.159350 -0.014684 0.007849
v 0.159350 -0.015383 0.006372
v 0.159350 -0.015933 0.004833
v 0.159350 -0.016330 0.003248
v 0.159350 -0.016570 0.001632
v 0.159350 -0.016650 0.000000
v 0.159350 -0.016570 -0.001632
v 0.159350 -0.016330 -0.003248
v 0.159350 -0.015933 -0.004833
v 0.159350 -0.015383 -0.006372
v 0.159350 -0.014684 -0.007849
v 0.159350 -0.013844 -0.009250
v 0.159350 -0.012871 -0.010563
v 0.159350 -0.011773 -0.011773
v 0.159350 -0.010563 -0.012871
v 0.159350 -0.009250 -0.013844
v 0.159350 -0.007849 -0.014684
v 0.159350 -0.006372 -0.015383
v 0.159350 -0.004833 -0.015933
v 0.159350 -0.003248 -0.016330
v 0.159350 -0.001632 -0.016570
v 0.159700 0.000000 -0.017000
v 0.159700 0.001666 -0.016918
v 0.159700 0.003317 -0.016673
v 0.159700 0.004935 -0.016268
v 0.159700 0.006506 -0.015706
v 0.159700 0.008014 -0.014993
v 0.159700 0.009445 -0.014135
v 0.159700 0.010785 -0.013141
v 0.159700 0.012021 -0.012021
v 0.159700 0.013141 -0.010785
v 0.159700 0.014135 -0.009445
v 0.159700 0.014993 -0.008014
v 0.159700 0.015706 -0.006506
v 0.159700 0.016268 -0.004935
v 0.159700 0.016673 -0.003317
v 0.159700 0.016918 -0.001666
v 0.159700 0.017000 -0.000000
v 0.159700 0.016918 0.001666
v 0.159700 0.016673 0.003317
v 0.159700 0.016268 0.004935
v 0.159700 0.015706 0.006506
v 0.159700 0.014993 0.008014
v 0.159700 0.014135 0.009445
v 0.159700 0.013141 0.010785
v 0.159700 0.012021 0.012021
v 0.159700 0.010785 0.013141
v 0.159700 0.009445 0.014135
v 0.159700 0.008014 0.014993
v 0.159700 0.006506 0.015706
v 0.159700 0.004935 0.016268
v 0.159700 0.003317 0.016673
v 0.159700 0.001666 0.016918
v 0.159700 0.000000 0.017000
v 0.159700 -0.001666 0.016918
v 0.159700 -0.003317 0.016673
v 0.159700 -0.004935 0.016268
v 0.159700 -0.006506 0.015706
v 0.159700 -0.008014 0.014993
v 0.159700 -0.009445 0.014135
v 0.159700 -0.010785 0.013141
v 0.159700 -0.012021 0.012021
v 0.159700 -0.013141 0.010785
v 0.159700 -0.014135 0.009445
v 0.159700 -0.014993 0.008014
v 0.159700 -0.015706 0.006506
v 0.159700 -0.016268 0.004935
v 0.159700 -0.016673 0.003317
v 0.159700 -0.016918 0.001666
v 0.159700 -0.017000 0.000000
v 0.159700 -0.016918 -0.001666
v 0.159700 -0.016673 -0.003317
v 0.159700 -0.016268 -0.004935
v 0.159700 -0.015706 -0.006506
v 0.159700 -0.014993 -0.008014
v 0.159700 -0.014135 -0.009445
v 0.159700 -0.013141 -0.010785
v 0.159700 -0.012021 -0.012021
v 0.159700 -0.010785 -0.013141
v 0.159700 -0.009445 -0.014135
v 0.159700 -0.008014 -0.014993
v 0.159700 -0.006506 -0.015706
v 0.159700 -0.004935 -0.016268
v 0.159700 -0.003317 -0.016673
v 0.159700 -0.001666 -0.016918
v 0.169300 0.000000 -0.017000
v 0.169300 0.001666 -0.016918
v 0.169300 0.003317 -0.016673
v 0.169300 0.004935 -0.016268
v 0.169300 0.006506 -0.015706
v 0.169300 0.008014 -0.014993
v 0.169300 0.009445 -0.014135
v 0.169300 0.010785 -0.013141
v 0.169300 0.012021 -0.012021
v 0.169300 0.013141 -0.010785
v 0.169300 0.014135 -0.009445
v 0.169300 0.014993 -0.008014
v 0.169300 0.015706 -0.006506
v 0.169300 0.016268 -0.004935
v 0.169300 0.016673 -0.003317
v 0.169300 0.016918 -0.001666
v 0.169300 0.017000 -0.000000
v 0.169300 0.016918 0.001666
v 0.169300 0.016673 0.003317
v 0.169300 0.016268 0.004935
v 0.169300 0.015706 0.006506
v 0.169300 0.014993 0.008014
v 0.169300 0.014135 0.009445
v 0.169300 0.013141 0.010785
v 0.169300 0.012021 0.012021
v 0.169300 0.010785 0.013141
v 0.169300 0.009445 0.014135
v 0.169300 0.008014 0.014993
v 0.169300 0.006506 0.015706
v 0.169300 0.004935 0.016268
v 0.169300 0.003317 0.016673
v 0.169300 0.001666 0.016918
v 0.169300 0.000000 0.017000
v 0.169300 -0.001666 0.016918
v 0.169300 -0.003317 0.016673
v 0.169300 -0.004935 0.016268
v 0.169300 -0.006506 0.015706
v 0.169300 -0.008014 0.014993
v 0.169300 -0.009445 0.014135
v 0.169300 -0.010785 0.013141
v 0.169300 -0.012021 0.012021
v 0.169300 -0.013141 0.010785
v 0.169300 -0.014135 0.009445
v 0.169300 -0.014993 0.008014
v 0.169300 -0.015706 0.006506
v 0.169300 -0.016268 0.004935
v 0.169300 -0.016673 0.003317
v 0.169300 -0.016918 0.001666
v 0.169300 -0.017000 0.000000
v 0.169300 -0.016918 -0.001666
v 0.169300 -0.016673 -0.003317
v 0.169300 -0.016268 -0.004935
v 0.169300 -0.015706 -0.006506
v 0.169300 -0.014993 -0.008014
v 0.169300 -0.014135 -0.009445
v 0.169300 -0.013141 -0.010785
v 0.169300 -0.012021 -0.012021
v 0.169300 -0.010785 -0.013141
v 0.169300 -0.009445 -0.014135
v 0.169300 -0.008014 -0.014993
v 0.169300 -0.006506 -0.015706
v 0.169300 -0.004935 -0.016268
v 0.169300 -0.003317 -0.016673
v 0.169300 -0.001666 -0.016918
v 0.169650 0.000000 -0.016650
v 0.169650 0.001632 -0.016570
v 0.169650 0.003248 -0.016330
v 0.169650 0.004833 -0.015933
v 0.169650 0.006372 -0.015383
v 0.169650 0.007849 -0.014684
v 0.169650 0.009250 -0.013844
v 0.169650 0.010563 -0.012871
v 0.169650 0.011773 -0.011773
v 0.169650 0.012871 -0.010563
v 0.169650 0.013844 -0.009250
v 0.169650 0.014684 -0.007849
v 0.169650 0.015383 -0.006372
v 0.169650 0.015933 -0.004833
v 0.169650 0.016330 -0.003248
v 0.169650 0.016570 -0.001632
v 0.169650 0.016650 -0.000000
v 0.169650 0.016570 0.001632
v 0.169650 0.016330 0.003248
v 0.169650 0.015933 0.004833
v 0.169650 0.015383 0.006372
v 0.169650 0.014684 0.007849
v 0.169650 0.013844 0.009250
v 0.169650 0.012871 0.010563
v 0.169650 0.011773 0.011773
v 0.169650 0.010563 0.012871
v 0.169650 0.009250 0.013844
v 0.169650 0.007849 0.014684
v 0.169650 0.006372 0.015383
v 0.169650 0.004833 0.015933
v 0.169650 0.003248 0.016330
v 0.169650 0.001632 0.016570
v 0.169650 0.000000 0.016650
v 0.169650 -0.001632 0.016570
v 0.169650 -0.003248 0.016330
v 0.169650 -0.004833 0.015933
v 0.169650 -0.006372 0.015383
v 0.169650 -0.007849 0.014684
v 0.169650 -0.009250 0.013844
v 0.169650 -0.010563 0.012871
v 0.169650 -0.011773 0.011773
v 0.169650 -0.012871 0.010563
v 0.169650 -0.013844 0.009250
v 0.169650 -0.014684 0.007849
v 0.169650 -0.015383 0.006372
v 0.169650 -0.015933 0.004833
v 0.169650 -0.016330 0.003248
v 0.169650 -0.016570 0.001632
v 0.169650 -0.016650 0.000000
v 0.169650 -0.016570 -0.001632
v 0.169650 -0.016330 -0.003248
v 0.169650 -0.015933 -0.004833
v 0.169650 -0.015383 -0.006372
v 0.169650 -0.014684 -0.007849
v 0.169650 -0.013844 -0.009250
v 0.169650 -0.012871 -0.010563
v 0.169650 -0.011773 -0.011773
v 0.169650 -0.010563 -0.012871
v 0.169650 -0.009250 -0.013844
v 0.169650 -0.007849 -0.014684
v 0.169650 -0.006372 -0.015383
v 0.169650 -0.004833 -0.015933
v 0.169650 -0.003248 -0.016330
v 0.169650 -0.001632 -0.016570
v 0.170350 0.000000 -0.016650
v 0.170350 0.001632 -0.016570
v 0.170350 0.003248 -0.016330
v 0.170350 0.004833 -0.015933
v 0.170350 0.006372 -0.015383
v 0.170350 0.007849 -0.014684
v 0.170350 0.009250 -0.013844
v 0.170350 0.010563 -0.012871
v 0.170350 0.011773 -0.011773
v 0.170350 0.012871 -0.010563
v 0.170350 0.013844 -0.009250
v 0.170350 0.014684 -0.007849
v 0.170350 0.015383 -0.006372
v 0.170350 0.015933 -0.004833
v 0.170350 0.016330 -0.003248
v 0.170350 0.016570 -0.001632
v 0.170350 0.016650 -0.000000
v 0.170350 0.016570 0.001632
v 0.170350 0.016330 0.003248
v 0.170350 0.015933 0.004833
v 0.170350 0.015383 0.006372
v 0.170350 0.014684 0.007849
v 0.170350 0.013844 0.009250
v 0.170350 0.012871 0.010563
v 0.170350 0.011773 0.011773
v 0.170350 0.010563 0.012871
v 0.170350 0.009250 0.013844
v 0.170350 0.007849 0.014684
v 0.170350 0.006372 0.015383
v 0.170350 0.004833 0.015933
v 0.170350 0.003248 0.016330
v 0.170350 0.001632 0.016570
v 0.170350 0.000000 0.016650
v 0.170350 -0.001632 0.016570
v 0.170350 -0.003248 0.016330
v 0.170350 -0.004833 0.015933
v 0.170350 -0.006372 0.015383
v 0.170350 -0.007849 0.014684
v 0.170350 -0.009250 0.013844
v 0.170350 -0.010563 0.012871
v 0.170350 -0.011773 0.011773
v 0.170350 -0.012871 0.010563
v 0.170350 -0.013844 0.009250
v 0.170350 -0.014684 0.007849
v 0.170350 -0.015383 0.006372
v 0.170350 -0.015933 0.004833
v 0.170350 -0.016330 0.003248
v 0.170350 -0.016570 0.001632
v 0.170350 -0.016650 0.000000
v 0.170350 -0.016570 -0.001632
v 0.170350 -0.016330 -0.003248
v 0.170350 -0.015933 -0.004833
v 0.170350 -0.015383 -0.006372
v 0.170350 -0.014684 -0.007849
v 0.170350 -0.013844 -0.009250
v 0.170350 -0.012871 -0.010563
v 0.170350 -0.011773 -0.011773
v 0.170350 -0.010563 -0.012871
v 0.170350 -0.009250 -0.013844
v 0.170350 -0.007849 -0.014684
v 0.170350 -0.006372 -0.015383
v 0.170350 -0.004833 -0.015933
v 0.170350 -0.003248 -0.016330
v 0.170350 -0.001632 -0.016570
v 0.170700 0.000000 -0.017000
v 0.170700 0.001666 -0.016918
v 0.170700 0.003317 -0.016673
v 0.170700 0.004935 -0.016268
v 0.170700 0.006506 -0.015706
v 0.170700 0.008014 -0.014993
v 0.170700 0.009445 -0.014135
v 0.170700 0.010785 -0.013141
v 0.170700 0.012021 -0.012021
v 0.170700 0.013141 -0.010785
v 0.170700 0.014135 -0.009445
v 0.170700 0.014993 -0.008014
v 0.170700 0.015706 -0.006506
v 0.170700 0.016268 -0.004935
v 0.170700 0.016673 -0.003317
v 0.170700 0.016918 -0.001666
v 0.170700 0.017000 -0.000000
v 0.170700 0.016918 0.001666
v 0.170700 0.016673 0.003317
v 0.170700 0.016268 0.004935
v 0.170700 0.015706 0.006506
v 0.170700 0.014993 0.008014
v 0.170700 0.014135 0.009445
v 0.170700 0.013141 0.010785
v 0.170700 0.012021 0.012021
v 0.170700 0.010785 0.013141
v 0.170700 0.009445 0.014135
v 0.170700 0.008014 0.014993
v 0.170700 0.006506 0.015706
v 0.170700 0.004935 0.016268
v 0.170700 0.003317 0.016673
v 0.170700 0.001666 0.016918
v 0.170700 0.000000 0.017000
v 0.170700 -0.001666 0.016918
v 0.170700 -0.003317 0.016673
v 0.170700 -0.004935 0.016268
v 0.170700 -0.006506 0.015706
v 0.170700 -0.008014 0.014993
v 0.170700 -0.009445 0.014135
v 0.170700 -0.010785 0.013141
v 0.170700 -0.012021 0.012021
v 0.170700 -0.013141 0.010785
v 0.170700 -0.014135 0.009445
v 0.170700 -0.014993 0.008014
v 0.170700 -0.015706 0.006506
v 0.170700 -0.016268 0.004935
v 0.170700 -0.016673 0.003317
v 0.170700 -0.016918 0.001666
v 0.170700 -0.017000 0.000000
v 0.170700 -0.016918 -0.001666
v 0.170700 -0.016673 -0.003317
v 0.170700 -0.016268 -0.004935
v 0.170700 -0.015706 -0.006506
v 0.170700 -0.014993 -0.008014
v 0.170700 -0.014135 -0.009445
v 0.170700 -0.013141 -0.010785
v 0.170700 -0.012021 -0.012021
v 0.170700 -0.010785 -0.013141
v 0.170700 -0.009445 -0.014135
v 0.170700 -0.008014 -0.014993
v 0.170700 -0.006506 -0.015706
v 0.170700 -0.004935 -0.016268
v 0.170700 -0.003317 -0.016673
v 0.170700 -0.001666 -0.016918
v 0.217300 0.000000 -0.017000
v 0.217300 0.001666 -0.016918
v 0.217300 0.003317 -0.016673
v 0.217300 0.004935 -0.016268
v 0.217300 0.006506 -0.015706
v 0.217300 0.008014 -0.014993
v 0.217300 0.009445 -0.014135
v 0.217300 0.010785 -0.013141
v 0.217300 0.012021 -0.012021
v 0.217300 0.013141 -0.010785
v 0.217300 0.014135 -0.009445
v 0.217300 0.014993 -0.008014
v 0.217300 0.015706 -0.006506
v 0.217300 0.016268 -0.004935
v 0.217300 0.016673 -0.003317
v 0.217300 0.016918 -0.001666
v 0.217300 0.017000 -0.000000
v 0.217300 0.016918 0.001666
v 0.217300 0.016673 0.003317
v 0.217300 0.016268 0.004935
v 0.217300 0.015706 0.006506
v 0.217300 0.014993 0.008014
v 0.217300 0.014135 0.009445
v 0.217300 0.013141 0.010785
v 0.217300 0.012021 0.012021
v 0.217300 0.010785 0.013141
v 0.217300 0.009445 0.014135
v 0.217300 0.008014 0.014993
v 0.217300 0.006506 0.015706
v 0.217300 0.004935 0.016268
v 0.217300 0.003317 0.016673
v 0.217300 0.001666 0.016918
v 0.217300 0.000000 0.017000
v 0.217300 -0.001666 0.016918
v 0.217300 -0.003317 0.016673
v 0.217300 -0.004935 0.016268
v 0.217300 -0.006506 0.015706
v 0.217300 -0.008014 0.014993
v 0.217300 -0.009445 0.014135
v 0.217300 -0.010785 0.013141
v 0.217300 -0.012021 0.012021
v 0.217300 -0.013141 0.010785
v 0.217300 -0.014135 0.009445
v 0.217300 -0.014993 0.008014
v 0.217300 -0.015706 0.006506
v 0.217300 -0.016268 0.004935
v 0.217300 -0.016673 0.003317
v 0.217300 -0.016918 0.001666
v 0.217300 -0.017000 0.000000
v 0.217300 -0.016918 -0.001666
v 0.217300 -0.016673 -0.003317
v 0.217300 -0.016268 -0.004935
v 0.217300 -0.015706 -0.006506
v 0.217300 -0.014993 -0.008014
v 0.217300 -0.014135 -0.009445
v 0.217300 -0.013141 -0.010785
v 0.217300 -0.012021 -0.012021
v 0.217300 -0.010785 -0.013141
v 0.217300 -0.009445 -0.014135
v 0.217300 -0.008014 -0.014993
v 0.217300 -0.006506 -0.015706
v 0.217300 -0.004935 -0.016268
v 0.217300 -0.003317 -0.016673
v 0.217300 -0.001666 -0.016918
v 0.217650 0.000000 -0.016650
v 0.217650 0.001632 -0.016570
v 0.217650 0.003248 -0.016330
v 0.217650 0.004833 -0.015933
v 0.217650 0.006372 -0.015383
v 0.217650 0.007849 -0.014684
v 0.217650 0.009250 -0.013844
v 0.217650 0.010563 -0.012871
v 0.217650 0.011773 -0.011773
v 0.217650 0.012871 -0.010563
v 0.217650 0.013844 -0.009250
v 0.217650 0.014684 -0.007849
v 0.217650 0.015383 -0.006372
v 0.217650 0.015933 -0.004833
v 0.217650 0.016330 -0.003248
v 0.217650 0.016570 -0.001632
v 0.217650 0.016650 -0.000000
v 0.217650 0.016570 0.001632
v 0.217650 0.016330 0.003248
v 0.217650 0.015933 0.004833
v 0.217650 0.015383 0.006372
v 0.217650 0.014684 0.007849
v 0.217650 0.013844 0.009250
v 0.217650 0.012871 0.010563
v 0.217650 0.011773 0.011773
v 0.217650 0.010563 0.012871
v 0.217650 0.009250 0.013844
v 0.217650 0.007849 0.014684
v 0.217650 0.006372 0.015383
v 0.217650 0.004833 0.015933
v 0.217650 0.003248 0.016330
v 0.217650 0.001632 0.016570
v 0.217650 0.000000 0.016650
v 0.217650 -0.001632 0.016570
v 0.217650 -0.003248 0.016330
v 0.217650 -0.004833 0.015933
v 0.217650 -0.006372 0.015383
v 0.217650 -0.007849 0.014684
v 0.217650 -0.009250 0.013844
v 0.217650 -0.010563 0.012871
v 0.217650 -0.011773 0.011773
v 0.217650 -0.012871 0.010563
v 0.217650 -0.013844 0.009250
v 0.217650 -0.014684 0.007849
v 0.217650 -0.015383 0.006372
v 0.217650 -0.015933 0.004833
v 0.217650 -0.016330 0.003248
v 0.217650 -0.016570 0.001632
v 0.217650 -0.016650 0.000000
v 0.217650 -0.016570 -0.001632
v 0.217650 -0.016330 -0.003248
v 0.217650 -0.015933 -0.004833
v 0.217650 -0.015383 -0.006372
v 0.217650 -0.014684 -0.007849
v 0.217650 -0.013844 -0.009250
v 0.217650 -0.012871 -0.010563
v 0.217650 -0.011773 -0.011773
v 0.217650 -0.010563 -0.012871
v 0.217650 -0.009250 -0.013844
v 0.217650 -0.007849 -0.014684
v 0.217650 -0.006372 -0.015383
v 0.217650 -0.004833 -0.015933
v 0.217650 -0.003248 -0.016330
v 0.217650 -0.001632 -0.016570
v 0.218350 0.000000 -0.016650
v 0.218350 0.001632 -0.016570
v 0.218350 0.003248 -0.016330
v 0.218350 0.004833 -0.015933
v 0.218350 0.006372 -0.015383
v 0.218350 0.007849 -0.014684
v 0.218350 0.009250 -0.013844
v 0.218350 0.010563 -0.012871
v 0.218350 0.011773 -0.011773
v 0.218350 0.012871 -0.010563
v 0.218350 0.013844 -0.009250
v 0.218350 0.014684 -0.007849
v 0.218350 0.015383 -0.006372
v 0.218350 0.015933 -0.004833
v 0.218350 0.016330 -0.003248
v 0.218350 0.016570 -0.001632
v 0.218350 0.016650 -0.000000
v 0.218350 0.016570 0.001632
v 0.218350 0.016330 0.003248
v 0.218350 0.015933 0.004833
v 0.218350 0.015383 0.006372
v 0.218350 0.014684 0.007849
v 0.218350 0.013844 0.009250
v 0.218350 0.012871 0.010563
v 0.218350 0.011773 0.011773
v 0.218350 0.010563 0.012871
v 0.218350 0.009250 0.013844
v 0.218350 0.007849 0.014684
v 0.218350 0.006372 0.015383
v 0.218350 0.004833 0.015933
v 0.218350 0.003248 0.016330
v 0.218350 0.001632 0.016570
v 0.218350 0.000000 0.016650
v 0.218350 -0.001632 0.016570
v 0.218350 -0.003248 0.016330
v 0.218350 -0.004833 0.015933
v 0.218350 -0.006372 0.015383
v 0.218350 -0.007849 0.014684
v 0.218350 -0.009250 0.013844
v 0.218350 -0.010563 0.012871
v 0.218350 -0.011773 0.011773
v 0.218350 -0.012871 0.010563
v 0.218350 -0.013844 0.009250
v 0.218350 -0.014684 0.007849
v 0.218350 -0.015383 0.006372
v 0.218350 -0.015933 0.004833
v 0.218350 -0.016330 0.003248
v 0.218350 -0.016570 0.001632
v 0.218350 -0.016650 0.000000
v 0.218350 -0.016570 -0.001632
v 0.218350 -0.016330 -0.003248
v 0.218350 -0.015933 -0.004833
v 0.218350 -0.015383 -0.006372
v 0.218350 -0.014684 -0.007849
v 0.218350 -0.013844 -0.009250
v 0.218350 -0.012871 -0.010563
v 0.218350 -0.011773 -0.011773
v 0.218350 -0.010563 -0.012871
v 0.218350 -0.009250 -0.013844
v 0.218350 -0.007849 -0.014684
v 0.218350 -0.006372 -0.015383
v 0.218350 -0.004833 -0.015933
v 0.218350 -0.003248 -0.016330
v 0.218350 -0.001632 -0.016570
v 0.218700 0.000000 -0.017000
v 0.218700 0.001666 -0.016918
v 0.218700 0.003317 -0.016673
v 0.218700 0.004935 -0.016268
v 0.218700 0.006506 -0.015706
v 0.218700 0.008014 -0.014993
v 0.218700 0.009445 -0.014135
v 0.218700 0.010785 -0.013141
v 0.218700 0.012021 -0.012021
v 0.218700 0.013141 -0.010785
v 0.218700 0.014135 -0.009445
v 0.218700 0.014993 -0.008014
v 0.218700 0.015706 -0.006506
v 0.218700 0.016268 -0.004935
v 0.218700 0.016673 -0.003317
v 0.218700 0.016918 -0.001666
v 0.218700 0.017000 -0.000000
v 0.218700 0.016918 0.001666
v 0.218700 0.016673 0.003317
v 0.218700 0.016268 0.004935
v 0.218700 0.015706 0.006506
v 0.218700 0.014993 0.008014
v 0.218700 0.014135 0.009445
v 0.218700 0.013141 0.010785
v 0.218700 0.012021 0.012021
v 0.218700 0.010785 0.013141
v 0.218700 0.009445 0.014135
v 0.218700 0.008014 0.014993
v 0.218700 0.006506 0.015706
v 0.218700 0.004935 0.016268
v 0.218700 0.003317 0.016673
v 0.218700 0.001666 0.016918
v 0.218700 0.000000 0.017000
v 0.218700 -0.001666 0.016918
v 0.218700 -0.003317 0.016673
v 0.218700 -0.004935 0.016268
v 0.218700 -0.006506 0.015706
v 0.218700 -0.008014 0.014993
v 0.218700 -0.009445 0.014135
v 0.218700 -0.010785 0.013141
v 0.218700 -0.012021 0.012021
v 0.218700 -0.013141 0.010785
v 0.218700 -0.014135 0.009445
v 0.218700 -0.014993 0.008014
v 0.218700 -0.015706 0.006506
v 0.218700 -0.016268 0.004935
v 0.218700 -0.016673 0.003317
v 0.218700 -0.016918 0.001666
v 0.218700 -0.017000 0.000000
v 0.218700 -0.016918 -0.001666
v 0.218700 -0.016673 -0.003317
v 0.218700 -0.016268 -0.004935
v 0.218700 -0.015706 -0.006506
v 0.218700 -0.014993 -0.008014
v 0.218700 -0.014135 -0.009445
v 0.218700 -0.013141 -0.010785
v 0.218700 -0.012021 -0.012021
v 0.218700 -0.010785 -0.013141
v 0.218700 -0.009445 -0.014135
v 0.218700 -0.008014 -0.014993
v 0.218700 -0.006506 -0.015706
v 0.218700 -0.004935 -0.016268
v 0.218700 -0.003317 -0.016673
v 0.218700 -0.001666 -0.016918
v 0.228300 0.000000 -0.017000
v 0.228300 0.001666 -0.016918
v 0.228300 0.003317 -0.016673
v 0.228300 0.004935 -0.016268
v 0.228300 0.006506 -0.015706
v 0.228300 0.008014 -0.014993
v 0.228300 0.009445 -0.014135
v 0.228300 0.010785 -0.013141
v 0.228300 0.012021 -0.012021
v 0.228300 0.013141 -0.010785
v 0.228300 0.014135 -0.009445
v 0.228300 0.014993 -0.008014
v 0.228300 0.015706 -0.006506
v 0.228300 0.016268 -0.004935
v 0.228300 0.016673 -0.003317
v 0.228300 0.016918 -0.001666
v 0.228300 0.017000 -0.000000
v 0.228300 0.016918 0.001666
v 0.228300 0.016673 0.003317
v 0.228300 0.016268 0.004935
v 0.228300 0.015706 0.006506
v 0.228300 0.014993 0.008014
v 0.228300 0.014135 0.009445
v 0.228300 0.013141 0.010785
v 0.228300 0.012021 0.012021
v 0.228300 0.010785 0.013141
v 0.228300 0.009445 0.014135
v 0.228300 0.008014 0.014993
v 0.228300 0.006506 0.015706
v 0.228300 0.004935 0.016268
v 0.228300 0.003317 0.016673
v 0.228300 0.001666 0.016918
v 0.228300 0.000000 0.017000
v 0.228300 -0.001666 0.016918
v 0.228300 -0.003317 0.016673
v 0.228300 -0.004935 0.016268
v 0.228300 -0.006506 0.015706
v 0.228300 -0.008014 0.014993
v 0.228300 -0.009445 0.014135
v 0.228300 -0.010785 0.013141
v 0.228300 -0.012021 0.012021
v 0.228300 -0.013141 0.010785
v 0.228300 -0.014135 0.009445
v 0.228300 -0.014993 0.008014
v 0.228300 -0.015706 0.006506
v 0.228300 -0.016268 0.004935
v 0.228300 -0.016673 0.003317
v 0.228300 -0.016918 0.001666
v 0.228300 -0.017000 0.000000
v 0.228300 -0.016918 -0.001666
v 0.228300 -0.016673 -0.003317
v 0.228300 -0.016268 -0.004935
v 0.228300 -0.015706 -0.006506
v 0.228300 -0.014993 -0.008014
v 0.228300 -0.014135 -0.009445
v 0.228300 -0.013141 -0.010785
v 0.228300 -0.012021 -0.012021
v 0.228300 -0.010785 -0.013141
v 0.228300 -0.009445 -0.014135
v 0.228300 -0.008014 -0.014993
v 0.228300 -0.006506 -0.015706
v 0.228300 -0.004935 -0.016268
v 0.228300 -0.003317 -0.016673
v 0.228300 -0.001666 -0.016918
v 0.228650 0.000000 -0.016650
v 0.228650 0.001632 -0.016570
v 0.228650 0.003248 -0.016330
v 0.228650 0.004833 -0.015933
v 0.228650 0.006372 -0.015383
v 0.228650 0.007849 -0.014684
v 0.228650 0.009250 -0.013844
v 0.228650 0.010563 -0.012871
v 0.228650 0.011773 -0.011773
v 0.228650 0.012871 -0.010563
v 0.228650 0.013844 -0.009250
v 0.228650 0.014684 -0.007849
v 0.228650 0.015383 -0.006372
v 0.228650 0.015933 -0.004833
v 0.228650 0.016330 -0.003248
v 0.228650 0.016570 -0.001632
v 0.228650 0.016650 -0.000000
v 0.228650 0.016570 0.001632
v 0.228650 0.016330 0.003248
v 0.228650 0.015933 0.004833
v 0.228650 0.015383 0.006372
v 0.228650 0.014684 0.007849
v 0.228650 0.013844 0.009250
v 0.228650 0.012871 0.010563
v 0.228650 0.011773 0.011773
v 0.228650 0.010563 0.012871
v 0.228650 0.009250 0.013844
v 0.228650 0.007849 0.014684
v 0.228650 0.006372 0.015383
v 0.228650 0.004833 0.015933
v 0.228650 0.003248 0.016330
v 0.228650 0.001632 0.016570
v 0.228650 0.000000 0.016650
v 0.228650 -0.001632 0.016570
v 0.228650 -0.003248 0.016330
v 0.228650 -0.004833 0.015933
v 0.228650 -0.006372 0.015383
v 0.228650 -0.007849 0.014684
v 0.228650 -0.009250 0.013844
v 0.228650 -0.010563 0.012871
v 0.228650 -0.011773 0.011773
v 0.228650 -0.012871 0.010563
v 0.228650 -0.013844 0.009250
v 0.228650 -0.014684 0.007849
v 0.228650 -0.015383 0.006372
v 0.228650 -0.015933 0.004833
v 0.228650 -0.016330 0.003248
v 0.228650 -0.016570 0.001632
v 0.228650 -0.016650 0.000000
v 0.228650 -0.016570 -0.001632
v 0.228650 -0.016330 -0.003248
v 0.228650 -0.015933 -0.004833
v 0.228650 -0.015383 -0.006372
v 0.228650 -0.014684 -0.007849
v 0.228650 -0.013844 -0.009250
v 0.228650 -0.012871 -0.010563
v 0.228650 -0.011773 -0.011773
v 0.228650 -0.010563 -0.012871
v 0.228650 -0.009250 -0.013844
v 0.228650 -0.007849 -0.014684
v 0.228650 -0.006372 -0.015383
v 0.228650 -0.004833 -0.015933
v 0.228650 -0.003248 -0.016330
v 0.228650 -0.001632 -0.016570
v 0.229350 0.000000 -0.016650
v 0.229350 0.001632 -0.016570
v 0.229350 0.003248 -0.016330
v 0.229350 0.004833 -0.015933
v 0.229350 0.006372 -0.015383
v 0.229350 0.007849 -0.014684
v 0.229350 0.009250 -0.013844
v 0.229350 0.010563 -0.012871
v 0.229350 0.011773 -0.011773
v 0.229350 0.012871 -0.010563
v 0.229350 0.013844 -0.009250
v 0.229350 0.014684 -0.007849
v 0.229350 0.015383 -0.006372
v 0.229350 0.015933 -0.004833
v 0.229350 0.016330 -0.003248
v 0.229350 0.016570 -0.001632
v 0.229350 0.016650 -0.000000
v 0.229350 0.016570 0.001632
v 0.229350 0.016330 0.003248
v 0.229350 0.015933 0.004833
v 0.229350 0.015383 0.006372
v 0.229350 0.014684 0.007849
v 0.229350 0.013844 0.009250
v 0.229350 0.012871 0.010563
v 0.229350 0.011773 0.011773
v 0.229350 0.010563 0.012871
v 0.229350 0.009250 0.013844
v 0.229350 0.007849 0.014684
v 0.229350 0.006372 0.015383
v 0.229350 0.004833 0.015933
v 0.229350 0.003248 0.016330
v 0.229350 0.001632 0.016570
v 0.229350 0.000000 0.016650
v 0.229350 -0.001632 0.016570
v 0.229350 -0.003248 0.016330
v 0.229350 -0.004833 0.015933
v 0.229350 -0.006372 0.015383
v 0.229350 -0.007849 0.014684
v 0.229350 -0.009250 0.013844
v 0.229350 -0.010563 0.012871
v 0.229350 -0.011773 0.011773
v 0.229350 -0.012871 0.010563
v 0.229350 -0.013844 0.009250
v 0.229350 -0.014684 0.007849
v 0.229350 -0.015383 0.006372
v 0.229350 -0.015933 0.004833
v 0.229350 -0.016330 0.003248
v 0.229350 -0.016570 0.001632
v 0.229350 -0.016650 0.000000
v 0.229350 -0.016570 -0.001632
v 0.229350 -0.016330 -0.003248
v 0.229350 -0.015933 -0.004833
v 0.229350 -0.015383 -0.006372
v 0.229350 -0.014684 -0.007849
v 0.229350 -0.013844 -0.009250
v 0.229350 -0.012871 -0.010563
v 0.229350 -0.011773 -0.011773
v 0.229350 -0.010563 -0.012871
v 0.229350 -0.009250 -0.013844
v 0.229350 -0.007849 -0.014684
v 0.229350 -0.006372 -0.015383
v 0.229350 -0.004833 -0.015933
v 0.229350 -0.003248 -0.016330
v 0.229350 -0.001632 -0.016570
v 0.229700 0.000000 -0.017000
v 0.229700 0.001666 -0.016918
v 0.229700 0.003317 -0.016673
v 0.229700 0.004935 -0.016268
v 0.229700 0.006506 -0.015706
v 0.229700 0.008014 -0.014993
v 0.229700 0.009445 -0.014135
v 0.229700 0.010785 -0.013141
v 0.229700 0.012021 -0.012021
v 0.229700 0.013141 -0.010785
v 0.229700 0.014135 -0.009445
v 0.229700 0.014993 -0.008014
v 0.229700 0.015706 -0.006506
v 0.229700 0.016268 -0.004935
v 0.229700 0.016673 -0.003317
v 0.229700 0.016918 -0.001666
v 0.229700 0.017000 -0.000000
v 0.229700 0.016918 0.001666
v 0.229700 0.016673 0.003317
v 0.229700 0.016268 0.004935
v 0.229700 0.015706 0.006506
v 0.229700 0.014993 0.008014
v 0.229700 0.014135 0.009445
v 0.229700 0.013141 0.010785
v 0.229700 0.012021 0.012021
v 0.229700 0.010785 0.013141
v 0.229700 0.009445 0.014135
v 0.229700 0.008014 0.014993
v 0.229700 0.006506 0.015706
v 0.229700 0.004935 0.016268
v 0.229700 0.003317 0.016673
v 0.229700 0.001666 0.016918
v 0.229700 0.000000 0.017000
v 0.229700 -0.001666 0.016918
v 0.229700 -0.003317 0.016673
v 0.229700 -0.004935 0.016268
v 0.229700 -0.006506 0.015706
v 0.229700 -0.008014 0.014993
v 0.229700 -0.009445 0.014135
v 0.229700 -0.010785 0.013141
v 0.229700 -0.012021 0.012021
v 0.229700 -0.013141 0.010785
v 0.229700 -0.014135 0.009445
v 0.229700 -0.014993 0.008014
v 0.229700 -0.015706 0.006506
v 0.229700 -0.016268 0.004935
v 0.229700 -0.016673 0.003317
v 0.229700 -0.016918 0.001666
v 0.229700 -0.017000 0.000000
v 0.229700 -0.016918 -0.001666
v 0.229700 -0.016673 -0.003317
v 0.229700 -0.016268 -0.004935
v 0.229700 -0.015706 -0.006506
v 0.229700 -0.014993 -0.008014
v 0.229700 -0.014135 -0.009445
v 0.229700 -0.013141 -0.010785
v 0.229700 -0.012021 -0.012021
v 0.229700 -0.010785 -0.013141
v 0.229700 -0.009445 -0.014135
v 0.229700 -0.008014 -0.014993
v 0.229700 -0.006506 -0.015706
v 0.229700 -0.004935 -0.016268
v 0.229700 -0.003317 -0.016673
v 0.229700 -0.001666 -0.016918
v 0.275300 0.000000 -0.017000
v 0.275300 0.001666 -0.016918
v 0.275300 0.003317 -0.016673
v 0.275300 0.004935 -0.016268
v 0.275300 0.006506 -0.015706
v 0.275300 0.008014 -0.014993
v 0.275300 0.009445 -0.014135
v 0.275300 0.010785 -0.013141
v 0.275300 0.012021 -0.012021
v 0.275300 0.013141 -0.010785
v 0.275300 0.014135 -0.009445
v 0.275300 0.014993 -0.008014
v 0.275300 0.015706 -0.006506
v 0.275300 0.016268 -0.004935
v 0.275300 0.016673 -0.003317
v 0.275300 0.016918 -0.001666
v 0.275300 0.017000 -0.000000
v 0.275300 0.016918 0.001666
v 0.275300 0.016673 0.003317
v 0.275300 0.016268 0.004935
v 0.275300 0.015706 0.006506
v 0.275300 0.014993 0.008014
v 0.275300 0.014135 0.009445
v 0.275300 0.013141 0.010785
v 0.275300 0.012021 0.012021
v 0.275300 0.010785 0.013141
v 0.275300 0.009445 0.014135
v 0.275300 0.008014 0.014993
v 0.275300 0.006506 0.015706
v 0.275300 0.004935 0.016268
v 0.275300 0.003317 0.016673
v 0.275300 0.001666 0.016918
v 0.275300 0.000000 0.017000
v 0.275300 -0.001666 0.016918
v 0.275300 -0.003317 0.016673
v 0.275300 -0.004935 0.016268
v 0.275300 -0.006506 0.015706
v 0.275300 -0.008014 0.014993
v 0.275300 -0.009445 0.014135
v 0.275300 -0.010785 0.013141
v 0.275300 -0.012021 0.012021
v 0.275300 -0.013141 0.010785
v 0.275300 -0.014135 0.009445
v 0.275300 -0.014993 0.008014
v 0.275300 -0.015706 0.006506
v 0.275300 -0.016268 0.004935
v 0.275300 -0.016673 0.003317
v 0.275300 -0.016918 0.001666
v 0.275300 -0.017000 0.000000
v 0.275300 -0.016918 -0.001666
v 0.275300 -0.016673 -0.003317
v 0.275300 -0.016268 -0.004935
v 0.275300 -0.015706 -0.006506
v 0.275300 -0.014993 -0.008014
v 0.275300 -0.014135 -0.009445
v 0.275300 -0.013141 -0.010785
v 0.275300 -0.012021 -0.012021
v 0.275300 -0.010785 -0.013141
v 0.275300 -0.009445 -0.014135
v 0.275300 -0.008014 -0.014993
v 0.275300 -0.006506 -0.015706
v 0.275300 -0.004935 -0.016268
v 0.275300 -0.003317 -0.016673
v 0.275300 -0.001666 -0.016918
v 0.275650 0.000000 -0.016650
v 0.275650 0.001632 -0.016570
v 0.275650 0.003248 -0.016330
v 0.275650 0.004833 -0.015933
v 0.275650 0.006372 -0.015383
v 0.275650 0.007849 -0.014684
v 0.275650 0.009250 -0.013844
v 0.275650 0.010563 -0.012871
v 0.275650 0.011773 -0.011773
v 0.275650 0.012871 -0.010563
v 0.275650 0.013844 -0.009250
v 0.275650 0.014684 -0.007849
v 0.275650 0.015383 -0.006372
v 0.275650 0.015933 -0.004833
v 0.275650 0.016330 -0.003248
v 0.275650 0.016570 -0.001632
v 0.275650 0.016650 -0.000000
v 0.275650 0.016570 0.001632
v 0.275650 0.016330 0.003248
v 0.275650 0.015933 0.004833
v 0.275650 0.015383 0.006372
v 0.275650 0.014684 0.007849
v 0.275650 0.013844 0.009250
v 0.275650 0.012871 0.010563
v 0.275650 0.011773 0.011773
v 0.275650 0.010563 0.012871
v 0.275650 0.009250 0.013844
v 0.275650 0.007849 0.014684
v 0.275650 0.006372 0.015383
v 0.275650 0.004833 0.015933
v 0.275650 0.003248 0.016330
v 0.275650 0.001632 0.016570
v 0.275650 0.000000 0.016650
v 0.275650 -0.001632 0.016570
v 0.275650 -0.003248 0.016330
v 0.275650 -0.004833 0.015933
v 0.275650 -0.006372 0.015383
v 0.275650 -0.007849 0.014684
v 0.275650 -0.009250 0.013844
v 0.275650 -0.010563 0.012871
v 0.275650 -0.011773 0.011773
v 0.275650 -0.012871 0.010563
v 0.275650 -0.013844 0.009250
v 0.275650 -0.014684 0.007849
v 0.275650 -0.015383 0.006372
v 0.275650 -0.015933 0.004833
v 0.275650 -0.016330 0.003248
v 0.275650 -0.016570 0.001632
v 0.275650 -0.016650 0.000000
v 0.275650 -0.016570 -0.001632
v 0.275650 -0.016330 -0.003248
v 0.275650 -0.015933 -0.004833
v 0.275650 -0.015383 -0.006372
v 0.275650 -0.014684 -0.007849
v 0.275650 -0.013844 -0.009250
v 0.275650 -0.012871 -0.010563
v 0.275650 -0.011773 -0.011773
v 0.275650 -0.010563 -0.012871
v 0.275650 -0.009250 -0.013844
v 0.275650 -0.007849 -0.014684
v 0.275650 -0.006372 -0.015383
v 0.275650 -0.004833 -0.015933
v 0.275650 -0.003248 -0.016330
v 0.275650 -0.001632 -0.016570
v 0.276350 0.000000 -0.016650
v 0.276350 0.001632 -0.016570
v 0.276350 0.003248 -0.016330
v 0.276350 0.004833 -0.015933
v 0.276350 0.006372 -0.015383
v 0.276350 0.007849 -0.014684
v 0.276350 0.009250 -0.013844
v 0.276350 0.010563 -0.012871
v 0.276350 0.011773 -0.011773
v 0.276350 0.012871 -0.010563
v 0.276350 0.013844 -0.009250
v 0.276350 0.014684 -0.007849
v 0.276350 0.015383 -0.006372
v 0.276350 0.015933 -0.004833
v 0.276350 0.016330 -0.003248
v 0.276350 0.016570 -0.001632
v 0.276350 0.016650 -0.000000
v 0.276350 0.016570 0.001632
v 0.276350 0.016330 0.003248
v 0.276350 0.015933 0.004833
v 0.276350 0.015383 0.006372
v 0.276350 0.014684 0.007849
v 0.276350 0.013844 0.009250
v 0.276350 0.012871 0.010563
v 0.276350 0.011773 0.011773
v 0.276350 0.010563 0.012871
v 0.276350 0.009250 0.013844
v 0.276350 0.007849 0.014684
v 0.276350 0.006372 0.015383
v 0.276350 0.004833 0.015933
v 0.276350 0.003248 0.016330
v 0.276350 0.001632 0.016570
v 0.276350 0.000000 0.016650
v 0.276350 -0.001632 0.016570
v 0.276350 -0.003248 0.016330
v 0.276350 -0.004833 0.015933
v 0.276350 -0.006372 0.015383
v 0.276350 -0.007849 0.014684
v 0.276350 -0.009250 0.013844
v 0.276350 -0.010563 0.012871
v 0.276350 -0.011773 0.011773
v 0.276350 -0.012871 0.010563
v 0.276350 -0.013844 0.009250
v 0.276350 -0.014684 0.007849
v 0.276350 -0.015383 0.006372
v 0.276350 -0.015933 0.004833
v 0.276350 -0.016330 0.003248
v 0.276350 -0.016570 0.001632
v 0.276350 -0.016650 0.000000
v 0.276350 -0.016570 -0.001632
v 0.276350 -0.016330 -0.003248
v 0.276350 -0.015933 -0.004833
v 0.276350 -0.015383 -0.006372
v 0.276350 -0.014684 -0.007849
v 0.276350 -0.013844 -0.009250
v 0.276350 -0.012871 -0.010563
v 0.276350 -0.011773 -0.011773
v 0.276350 -0.010563 -0.012871
v 0.276350 -0.009250 -0.013844
v 0.276350 -0.007849 -0.014684
v 0.276350 -0.006372 -0.015383
v 0.276350 -0.004833 -0.015933
v 0.276350 -0.003248 -0.016330
v 0.276350 -0.001632 -0.016570
v 0.276700 0.000000 -0.017000
v 0.276700 0.001666 -0.016918
v 0.276700 0.003317 -0.016673
v 0.276700 0.004935 -0.016268
v 0.276700 0.006506 -0.015706
v 0.276700 0.008014 -0.014993
v 0.276700 0.009445 -0.014135
v 0.276700 0.010785 -0.013141
v 0.276700 0.012021 -0.012021
v 0.276700 0.013141 -0.010785
v 0.276700 0.014135 -0.009445
v 0.276700 0.014993 -0.008014
v 0.276700 0.015706 -0.006506
v 0.276700 0.016268 -0.004935
v 0.276700 0.016673 -0.003317
v 0.276700 0.016918 -0.001666
v 0.276700 0.017000 -0.000000
v 0.276700 0.016918 0.001666
v 0.276700 0.016673 0.003317
v 0.276700 0.016268 0.004935
v 0.276700 0.015706 0.006506
v 0.276700 0.014993 0.008014
v 0.276700 0.014135 0.009445
v 0.276700 0.013141 0.010785
v 0.276700 0.012021 0.012021
v 0.276700 0.010785 0.013141
v 0.276700 0.009445 0.014135
v 0.276700 0.008014 0.014993
v 0.276700 0.006506 0.015706
v 0.276700 0.004935 0.016268
v 0.276700 0.003317 0.016673
v 0.276700 0.001666 0.016918
v 0.276700 0.000000 0.017000
v 0.276700 -0.001666 0.016918
v 0.276700 -0.003317 0.016673
v 0.276700 -0.004935 0.016268
v 0.276700 -0.006506 0.015706
v 0.276700 -0.008014 0.014993
v 0.276700 -0.009445 0.014135
v 0.276700 -0.010785 0.013141
v 0.276700 -0.012021 0.012021
v 0.276700 -0.013141 0.010785
v 0.276700 -0.014135 0.009445
v 0.276700 -0.014993 0.008014
v 0.276700 -0.015706 0.006506
v 0.276700 -0.016268 0.004935
v 0.276700 -0.016673 0.003317
v 0.276700 -0.016918 0.001666
v 0.276700 -0.017000 0.000000
v 0.276700 -0.016918 -0.001666
v 0.276700 -0.016673 -0.003317
v 0.276700 -0.016268 -0.004935
v 0.276700 -0.015706 -0.006506
v 0.276700 -0.014993 -0.008014
v 0.276700 -0.014135 -0.009445
v 0.276700 -0.013141 -0.010785
v 0.276700 -0.012021 -0.012021
v 0.276700 -0.010785 -0.013141
v 0.276700 -0.009445 -0.014135
v 0.276700 -0.008014 -0.014993
v 0.276700 -0.006506 -0.015706
v 0.276700 -0.004935 -0.016268
v 0.276700 -0.003317 -0.016673
v 0.276700 -0.001666 -0.016918
v 0.285300 0.000000 -0.017000
v 0.285300 0.001666 -0.016918
v 0.285300 0.003317 -0.016673
v 0.285300 0.004935 -0.016268
v 0.285300 0.006506 -0.015706
v 0.285300 0.008014 -0.014993
v 0.285300 0.009445 -0.014135
v 0.285300 0.010785 -0.013141
v 0.285300 0.012021 -0.012021
v 0.285300 0.013141 -0.010785
v 0.285300 0.014135 -0.009445
v 0.285300 0.014993 -0.008014
v 0.285300 0.015706 -0.006506
v 0.285300 0.016268 -0.004935
v 0.285300 0.016673 -0.003317
v 0.285300 0.016918 -0.001666
v 0.285300 0.017000 -0.000000
v 0.285300 0.016918 0.001666
v 0.285300 0.016673 0.003317
v 0.285300 0.016268 0.004935
v 0.285300 0.015706 0.006506
v 0.285300 0.014993 0.008014
v 0.285300 0.014135 0.009445
v 0.285300 0.013141 0.010785
v 0.285300 0.012021 0.012021
v 0.285300 0.010785 0.013141
v 0.285300 0.009445 0.014135
v 0.285300 0.008014 0.014993
v 0.285300 0.006506 0.015706
v 0.285300 0.004935 0.016268
v 0.285300 0.003317 0.016673
v 0.285300 0.001666 0.016918
v 0.285300 0.000000 0.017000
v 0.285300 -0.001666 0.016918
v 0.285300 -0.003317 0.016673
v 0.285300 -0.004935 0.016268
v 0.285300 -0.006506 0.015706
v 0.285300 -0.008014 0.014993
v 0.285300 -0.009445 0.014135
v 0.285300 -0.010785 0.013141
v 0.285300 -0.012021 0.012021
v 0.285300 -0.013141 0.010785
v 0.285300 -0.014135 0.009445
v 0.285300 -0.014993 0.008014
v 0.285300 -0.015706 0.006506
v 0.285300 -0.016268 0.004935
v 0.285300 -0.016673 0.003317
v 0.285300 -0.016918 0.001666
v 0.285300 -0.017000 0.000000
v 0.285300 -0.016918 -0.001666
v 0.285300 -0.016673 -0.003317
v 0.285300 -0.016268 -0.004935
v 0.285300 -0.015706 -0.006506
v 0.285300 -0.014993 -0.008014
v 0.285300 -0.014135 -0.009445
v 0.285300 -0.013141 -0.010785
v 0.285300 -0.012021 -0.012021
v 0.285300 -0.010785 -0.013141
v 0.285300 -0.009445 -0.014135
v 0.285300 -0.008014 -0.014993
v 0.285300 -0.006506 -0.015706
v 0.285300 -0.004935 -0.016268
v 0.285300 -0.003317 -0.016673
v 0.285300 -0.001666 -0.016918
v 0.285650 0.000000 -0.016650
v 0.285650 0.001632 -0.016570
v 0.285650 0.003248 -0.016330
v 0.285650 0.004833 -0.015933
v 0.285650 0.006372 -0.015383
v 0.285650 0.007849 -0.014684
v 0.285650 0.009250 -0.013844
v 0.285650 0.010563 -0.012871
v 0.285650 0.011773 -0.011773
v 0.285650 0.012871 -0.010563
v 0.285650 0.013844 -0.009250
v 0.285650 0.014684 -0.007849
v 0.285650 0.015383 -0.006372
v 0.285650 0.015933 -0.004833
v 0.285650 0.016330 -0.003248
v 0.285650 0.016570 -0.001632
v 0.285650 0.016650 -0.000000
v 0.285650 0.016570 0.001632
v 0.285650 0.016330 0.003248
v 0.285650 0.015933 0.004833
v 0.285650 0.015383 0.006372
v 0.285650 0.014684 0.007849
v 0.285650 0.013844 0.009250
v 0.285650 0.012871 0.010563
v 0.285650 0.011773 0.011773
v 0.285650 0.010563 0.012871
v 0.285650 0.009250 0.013844
v 0.285650 0.007849 0.014684
v 0.285650 0.006372 0.015383
v 0.285650 0.004833 0.015933
v 0.285650 0.003248 0.016330
v 0.285650 0.001632 0.016570
v 0.285650 0.000000 0.016650
v 0.285650 -0.001632 0.016570
v 0.285650 -0.003248 0.016330
v 0.285650 -0.004833 0.015933
v 0.285650 -0.006372 0.015383
v 0.285650 -0.007849 0.014684
v 0.285650 -0.009250 0.013844
v 0.285650 -0.010563 0.012871
v 0.285650 -0.011773 0.011773
v 0.285650 -0.012871 0.010563
v 0.285650 -0.013844 0.009250
v 0.285650 -0.014684 0.007849
v 0.285650 -0.015383 0.006372
v 0.285650 -0.015933 0.004833
v 0.285650 -0.016330 0.003248
v 0.285650 -0.016570 0.001632
v 0.285650 -0.016650 0.000000
v 0.285650 -0.016570 -0.001632
v 0.285650 -0.016330 -0.003248
v 0.285650 -0.015933 -0.004833
v 0.285650 -0.015383 -0.006372
v 0.285650 -0.014684 -0.007849
v 0.285650 -0.013844 -0.009250
v 0.285650 -0.012871 -0.010563
v 0.285650 -0.011773 -0.011773
v 0.285650 -0.010563 -0.012871
v 0.285650 -0.009250 -0.013844
v 0.285650 -0.007849 -0.014684
v 0.285650 -0.006372 -0.015383
v 0.285650 -0.004833 -0.015933
v 0.285650 -0.003248 -0.016330
v 0.285650 -0.001632 -0.016570
v 0.286350 0.000000 -0.016650
v 0.286350 0.001632 -0.016570
v 0.286350 0.003248 -0.016330
v 0.286350 0.004833 -0.015933
v 0.286350 0.006372 -0.015383
v 0.286350 0.007849 -0.014684
v 0.286350 0.009250 -0.013844
v 0.286350 0.010563 -0.012871
v 0.286350 0.011773 -0.011773
v 0.286350 0.012871 -0.010563
v 0.286350 0.013844 -0.009250
v 0.286350 0.014684 -0.007849
v 0.286350 0.015383 -0.006372
v 0.286350 0.015933 -0.004833
v 0.286350 0.016330 -0.003248
v 0.286350 0.016570 -0.001632
v 0.286350 0.016650 -0.000000
v 0.286350 0.016570 0.001632
v 0.286350 0.016330 0.003248
v 0.286350 0.015933 0.004833
v 0.286350 0.015383 0.006372
v 0.286350 0.014684 0.007849
v 0.286350 0.013844 0.009250
v 0.286350 0.012871 0.010563
v 0.286350 0.011773 0.011773
v 0.286350 0.010563 0.012871
v 0.286350 0.009250 0.013844
v 0.286350 0.007849 0.014684
v 0.286350 0.006372 0.015383
v 0.286350 0.004833 0.015933
v 0.286350 0.003248 0.016330
v 0.286350 0.001632 0.016570
v 0.286350 0.000000 0.016650
v 0.286350 -0.001632 0.016570
v 0.286350 -0.003248 0.016330
v 0.286350 -0.004833 0.015933
v 0.286350 -0.006372 0.015383
v 0.286350 -0.007849 0.014684
v 0.286350 -0.009250 0.013844
v 0.286350 -0.010563 0.012871
v 0.286350 -0.011773 0.011773
v 0.286350 -0.012871 0.010563
v 0.286350 -0.013844 0.009250
v 0.286350 -0.014684 0.007849
v 0.286350 -0.015383 0.006372
v 0.286350 -0.015933 0.004833
v 0.286350 -0.016330 0.003248
v 0.286350 -0.016570 0.001632
v 0.286350 -0.016650 0.000000
v 0.286350 -0.016570 -0.001632
v 0.286350 -0.016330 -0.003248
v 0.286350 -0.015933 -0.004833
v 0.286350 -0.015383 -0.006372
v 0.286350 -0.014684 -0.007849
v 0.286350 -0.013844 -0.009250
v 0.286350 -0.012871 -0.010563
v 0.286350 -0.011773 -0.011773
v 0.286350 -0.010563 -0.012871
v 0.286350 -0.009250 -0.013844
v 0.286350 -0.007849 -0.014684
v 0.286350 -0.006372 -0.015383
v 0.286350 -0.004833 -0.015933
v 0.286350 -0.003248 -0.016330
v 0.286350 -0.001632 -0.016570
v 0.286700 0.000000 -0.017000
v 0.286700 0.001666 -0.016918
v 0.286700 0.003317 -0.016673
v 0.286700 0.004935 -0.016268
v 0.286700 0.006506 -0.015706
v 0.286700 0.008014 -0.014993
v 0.286700 0.009445 -0.014135
v 0.286700 0.010785 -0.013141
v 0.286700 0.012021 -0.012021
v 0.286700 0.013141 -0.010785
v 0.286700 0.014135 -0.009445
v 0.286700 0.014993 -0.008014
v 0.286700 0.015706 -0.006506
v 0.286700 0.016268 -0.004935
v 0.286700 0.016673 -0.003317
v 0.286700 0.016918 -0.001666
v 0.286700 0.017000 -0.000000
v 0.286700 0.016918 0.001666
v 0.286700 0.016673 0.003317
v 0.286700 0.016268 0.004935
v 0.286700 0.015706 0.006506
v 0.286700 0.014993 0.008014
v 0.286700 0.014135 0.009445
v 0.286700 0.013141 0.010785
v 0.286700 0.012021 0.012021
v 0.286700 0.010785 0.013141
v 0.286700 0.009445 0.014135
v 0.286700 0.008014 0.014993
v 0.286700 0.006506 0.015706
v 0.286700 0.004935 0.016268
v 0.286700 0.003317 0.016673
v 0.286700 0.001666 0.016918
v 0.286700 0.000000 0.017000
v 0.286700 -0.001666 0.016918
v 0.286700 -0.003317 0.016673
v 0.286700 -0.004935 0.016268
v 0.286700 -0.006506 0.015706
v 0.286700 -0.008014 0.014993
v 0.286700 -0.009445 0.014135
v 0.286700 -0.010785 0.013141
v 0.286700 -0.012021 0.012021
v 0.286700 -0.013141 0.010785
v 0.286700 -0.014135 0.009445
v 0.286700 -0.014993 0.008014
v 0.286700 -0.015706 0.006506
v 0.286700 -0.016268 0.004935
v 0.286700 -0.016673 0.003317
v 0.286700 -0.016918 0.001666
v 0.286700 -0.017000 0.000000
v 0.286700 -0.016918 -0.001666
v 0.286700 -0.016673 -0.003317
v 0.286700 -0.016268 -0.004935
v 0.286700 -0.015706 -0.006506
v 0.286700 -0.014993 -0.008014
v 0.286700 -0.014135 -0.009445
v 0.286700 -0.013141 -0.010785
v 0.286700 -0.012021 -0.012021
v 0.286700 -0.010785 -0.013141
v 0.286700 -0.009445 -0.014135
v 0.286700 -0.008014 -0.014993
v 0.286700 -0.006506 -0.015706
v 0.286700 -0.004935 -0.016268
v 0.286700 -0.003317 -0.016673
v 0.286700 -0.001666 -0.016918
v 0.298500 0.000000 -0.017000
v 0.298500 0.001666 -0.016918
v 0.298500 0.003317 -0.016673
v 0.298500 0.004935 -0.016268
v 0.298500 0.006506 -0.015706
v 0.298500 0.008014 -0.014993
v 0.298500 0.009445 -0.014135
v 0.298500 0.010785 -0.013141
v 0.298500 0.012021 -0.012021
v 0.298500 0.013141 -0.010785
v 0.298500 0.014135 -0.009445
v 0.298500 0.014993 -0.008014
v 0.298500 0.015706 -0.006506
v 0.298500 0.016268 -0.004935
v 0.298500 0.016673 -0.003317
v 0.298500 0.016918 -0.001666
v 0.298500 0.017000 -0.000000
v 0.298500 0.016918 0.001666
v 0.298500 0.016673 0.003317
v 0.298500 0.016268 0.004935
v 0.298500 0.015706 0.006506
v 0.298500 0.014993 0.008014
v 0.298500 0.014135 0.009445
v 0.298500 0.013141 0.010785
v 0.298500 0.012021 0.012021
v 0.298500 0.010785 0.013141
v 0.298500 0.009445 0.014135
v 0.298500 0.008014 0.014993
v 0.298500 0.006506 0.015706
v 0.298500 0.004935 0.016268
v 0.298500 0.003317 0.016673
v 0.298500 0.001666 0.016918
v 0.298500 0.000000 0.017000
v 0.298500 -0.001666 0.016918
v 0.298500 -0.003317 0.016673
v 0.298500 -0.004935 0.016268
v 0.298500 -0.006506 0.015706
v 0.298500 -0.008014 0.014993
v 0.298500 -0.009445 0.014135
v 0.298500 -0.010785 0.013141
v 0.298500 -0.012021 0.012021
v 0.298500 -0.013141 0.010785
v 0.298500 -0.014135 0.009445
v 0.298500 -0.014993 0.008014
v 0.298500 -0.015706 0.006506
v 0.298500 -0.016268 0.004935
v 0.298500 -0.016673 0.003317
v 0.298500 -0.016918 0.001666
v 0.298500 -0.017000 0.000000
v 0.298500 -0.016918 -0.001666
v 0.298500 -0.016673 -0.003317
v 0.298500 -0.016268 -0.004935
v 0.298500 -0.015706 -0.006506
v 0.298500 -0.014993 -0.008014
v 0.298500 -0.014135 -0.009445
v 0.298500 -0.013141 -0.010785
v 0.298500 -0.012021 -0.012021
v 0.298500 -0.010785 -0.013141
v 0.298500 -0.009445 -0.014135
v 0.298500 -0.008014 -0.014993
v 0.298500 -0.006506 -0.015706
v 0.298500 -0.004935 -0.016268
v 0.298500 -0.003317 -0.016673
v 0.298500 -0.001666 -0.016918
v 0.299300 0.000000 -0.016700
v 0.299300 0.001637 -0.016620
v 0.299300 0.003258 -0.016379
v 0.299300 0.004848 -0.015981
v 0.299300 0.006391 -0.015429
v 0.299300 0.007872 -0.014728
v 0.299300 0.009278 -0.013886
v 0.299300 0.010594 -0.012909
v 0.299300 0.011809 -0.011809
v 0.299300 0.012909 -0.010594
v 0.299300 0.013886 -0.009278
v 0.299300 0.014728 -0.007872
v 0.299300 0.015429 -0.006391
v 0.299300 0.015981 -0.004848
v 0.299300 0.016379 -0.003258
v 0.299300 0.016620 -0.001637
v 0.299300 0.016700 -0.000000
v 0.299300 0.016620 0.001637
v 0.299300 0.016379 0.003258
v 0.299300 0.015981 0.004848
v 0.299300 0.015429 0.006391
v 0.299300 0.014728 0.007872
v 0.299300 0.013886 0.009278
v 0.299300 0.012909 0.010594
v 0.299300 0.011809 0.011809
v 0.299300 0.010594 0.012909
v 0.299300 0.009278 0.013886
v 0.299300 0.007872 0.014728
v 0.299300 0.006391 0.015429
v 0.299300 0.004848 0.015981
v 0.299300 0.003258 0.016379
v 0.299300 0.001637 0.016620
v 0.299300 0.000000 0.016700
v 0.299300 -0.001637 0.016620
v 0.299300 -0.003258 0.016379
v 0.299300 -0.004848 0.015981
v 0.299300 -0.006391 0.015429
v 0.299300 -0.007872 0.014728
v 0.299300 -0.009278 0.013886
v 0.299300 -0.010594 0.012909
v 0.299300 -0.011809 0.011809
v 0.299300 -0.012909 0.010594
v 0.299300 -0.013886 0.009278
v 0.299300 -0.014728 0.007872
v 0.299300 -0.015429 0.006391
v 0.299300 -0.015981 0.004848
v 0.299300 -0.016379 0.003258
v 0.299300 -0.016620 0.001637
v 0.299300 -0.016700 0.000000
v 0.299300 -0.016620 -0.001637
v 0.299300 -0.016379 -0.003258
v 0.299300 -0.015981 -0.004848
v 0.299300 -0.015429 -0.006391
v 0.299300 -0.014728 -0.007872
v 0.299300 -0.013886 -0.009278
v 0.299300 -0.012909 -0.010594
v 0.299300 -0.011809 -0.011809
v 0.299300 -0.010594 -0.012909
v 0.299300 -0.009278 -0.013886
v 0.299300 -0.007872 -0.014728
v 0.299300 -0.006391 -0.015429
v 0.299300 -0.004848 -0.015981
v 0.299300 -0.003258 -0.016379
v 0.299300 -0.001637 -0.016620
v 0.300000 0.000000 -0.015700
v 0.300000 0.001539 -0.015624
v 0.300000 0.003063 -0.015398
v 0.300000 0.004557 -0.015024
v 0.300000 0.006008 -0.014505
v 0.300000 0.007401 -0.013846
v 0.300000 0.008722 -0.013054
v 0.300000 0.009960 -0.012136
v 0.300000 0.011102 -0.011102
v 0.300000 0.012136 -0.009960
v 0.300000 0.013054 -0.008722
v 0.300000 0.013846 -0.007401
v 0.300000 0.014505 -0.006008
v 0.300000 0.015024 -0.004557
v 0.300000 0.015398 -0.003063
v 0.300000 0.015624 -0.001539
v 0.300000 0.015700 -0.000000
v 0.300000 0.015624 0.001539
v 0.300000 0.015398 0.003063
v 0.300000 0.015024 0.004557
v 0.300000 0.014505 0.006008
v 0.300000 0.013846 0.007401
v 0.300000 0.013054 0.008722
v 0.300000 0.012136 0.009960
v 0.300000 0.011102 0.011102
v 0.300000 0.009960 0.012136
v 0.300000 0.008722 0.013054
v 0.300000 0.007401 0.013846
v 0.300000 0.006008 0.014505
v 0.300000 0.004557 0.015024
v 0.300000 0.003063 0.015398
v 0.300000 0.001539 0.015624
v 0.300000 0.000000 0.015700
v 0.300000 -0.001539 0.015624
v 0.300000 -0.003063 0.015398
v 0.300000 -0.004557 0.015024
v 0.300000 -0.006008 0.014505
v 0.300000 -0.007401 0.013846
v 0.300000 -0.008722 0.013054
v 0.300000 -0.009960 0.012136
v 0.300000 -0.011102 0.011102
v 0.300000 -0.012136 0.009960
v 0.300000 -0.013054 0.008722
v 0.300000 -0.013846 0.007401
v 0.300000 -0.014505 0.006008
v 0.300000 -0.015024 0.004557
v 0.300000 -0.015398 0.003063
v 0.300000 -0.015624 0.001539
v 0.300000 -0.015700 0.000000
v 0.300000 -0.015624 -0.001539
v 0.300000 -0.015398 -0.003063
v 0.300000 -0.015024 -0.004557
v 0.300000 -0.014505 -0.006008
v 0.300000 -0.013846 -0.007401
v 0.300000 -0.013054 -0.008722
v 0.300000 -0.012136 -0.009960
v 0.300000 -0.011102 -0.011102
v 0.300000 -0.009960 -0.012136
v 0.300000 -0.008722 -0.013054
v 0.300000 -0.007401 -0.013846
v 0.300000 -0.006008 -0.014505
v 0.300000 -0.004557 -0.015024
v 0.300000 -0.003063 -0.015398
v 0.300000 -0.001539 -0.015624
vn -0.9191 -0.0000 -0.3939
vn -0.9191 0.0386 -0.3921
vn -0.9191 0.0769 -0.3864
vn -0.9191 0.1144 -0.3770
vn -0.9191 0.0769 -0.3863
vn -0.9191 0.1508 -0.3640
vn -0.9191 0.1857 -0.3474
vn -0.9191 0.2189 -0.3276
vn -0.9191 0.2499 -0.3045
vn -0.9191 0.2189 -0.3275
vn -0.9191 0.2786 -0.2786
vn -0.9191 0.3045 -0.2499
vn -0.9191 0.3276 -0.2189
vn -0.9191 0.3275 -0.2189
vn -0.9191 0.3474 -0.1857
vn -0.9191 0.3640 -0.1508
vn -0.9191 0.3770 -0.1144
vn -0.9191 0.3864 -0.0768
vn -0.9191 0.3920 -0.0386
vn -0.9191 0.3939 -0.0000
vn -0.9191 0.3920 0.0386
vn -0.9191 0.3864 0.0768
vn -0.9191 0.3770 0.1144
vn -0.9191 0.3640 0.1508
vn -0.9191 0.3474 0.1857
vn -0.9191 0.3275 0.2189
vn -0.9191 0.3045 0.2499
vn -0.9191 0.3276 0.2189
vn -0.9191 0.2786 0.2786
vn -0.9191 0.2499 0.3045
vn -0.9191 0.2189 0.3275
vn -0.9191 0.2189 0.3276
vn -0.9191 0.1857 0.3474
vn -0.9191 0.1508 0.3640
vn -0.9191 0.1144 0.3770
vn -0.9191 0.0769 0.3864
vn -0.9191 0.0386 0.3921
vn -0.9191 0.0769 0.3863
vn -0.9191 -0.0000 0.3939
vn -0.9191 -0.0386 0.3921
vn -0.9191 -0.0769 0.3864
vn -0.9191 -0.1144 0.3770
vn -0.9191 -0.0769 0.3863
vn -0.9191 -0.1508 0.3640
vn -0.9191 -0.1857 0.3474
vn -0.9191 -0.2189 0.3276
vn -0.9191 -0.2499 0.3045
vn -0.9191 -0.2189 0.3275
vn -0.9191 -0.2786 0.2786
vn -0.9191 -0.3045 0.2499
vn -0.9191 -0.3276 0.2189
vn -0.9191 -0.3275 0.2189
vn -0.9191 -0.3474 0.1857
vn -0.9191 -0.3640 0.1508
vn -0.9191 -0.3770 0.1144
vn -0.9191 -0.3864 0.0768
vn -0.9191 -0.3920 0.0386
vn -0.9191 -0.3939 -0.0000
vn -0.9191 -0.3920 -0.0386
vn -0.9191 -0.3864 -0.0768
vn -0.9191 -0.3770 -0.1144
vn -0.9191 -0.3640 -0.1508
vn -0.9191 -0.3474 -0.1857
vn -0.9191 -0.3275 -0.2189
vn -0.9191 -0.3045 -0.2499
vn -0.9191 -0.3276 -0.2189
vn -0.9191 -0.2786 -0.2786
vn -0.9191 -0.2499 -0.3045
vn -0.9191 -0.2189 -0.3275
vn -0.9191 -0.2189 -0.3276
vn -0.9191 -0.1857 -0.3474
vn -0.9191 -0.1508 -0.3640
vn -0.9191 -0.1144 -0.3770
vn -0.9191 -0.0769 -0.3864
vn -0.9191 -0.0386 -0.3921
vn -0.9191 -0.0769 -0.3863
vn -0.7071 -0.0000 -0.7071
vn -0.7071 0.0693 -0.7037
vn -0.7071 0.1379 -0.6935
vn -0.7071 0.2053 -0.6767
vn -0.7071 0.2706 -0.6533
vn -0.7071 0.3333 -0.6236
vn -0.7071 0.2706 -0.6532
vn -0.7071 0.3928 -0.5879
vn -0.7071 0.4486 -0.5466
vn -0.7071 0.3928 -0.5880
vn -0.7071 0.5000 -0.5000
vn -0.7071 0.5466 -0.4486
vn -0.7071 0.5879 -0.3929
vn -0.7071 0.6236 -0.3333
vn -0.7071 0.6533 -0.2706
vn -0.7071 0.6767 -0.2053
vn -0.7071 0.6935 -0.1379
vn -0.7071 0.7037 -0.0693
vn -0.7071 0.7071 -0.0000
vn -0.7071 0.7037 0.0693
vn -0.7071 0.6935 0.1379
vn -0.7071 0.6767 0.2053
vn -0.7071 0.6533 0.2706
vn -0.7071 0.6236 0.3333
vn -0.7071 0.5879 0.3929
vn -0.7071 0.5466 0.4486
vn -0.7071 0.5000 0.5000
vn -0.7071 0.4486 0.5466
vn -0.7071 0.5000 0.4999
vn -0.7071 0.3928 0.5879
vn -0.7071 0.3333 0.6236
vn -0.7071 0.3928 0.5880
vn -0.7071 0.2706 0.6533
vn -0.7071 0.2053 0.6767
vn -0.7071 0.2706 0.6532
vn -0.7071 0.1379 0.6935
vn -0.7071 0.0693 0.7037
vn -0.7071 -0.0000 0.7071
vn -0.7071 -0.0693 0.7037
vn -0.7071 -0.1379 0.6935
vn -0.7071 -0.2053 0.6767
vn -0.7071 -0.2706 0.6533
vn -0.7071 -0.3333 0.6236
vn -0.7071 -0.2706 0.6532
vn -0.7071 -0.3928 0.5879
vn -0.7071 -0.4486 0.5466
vn -0.7071 -0.3928 0.5880
vn -0.7071 -0.5000 0.5000
vn -0.7071 -0.5466 0.4486
vn -0.7071 -0.5879 0.3929
vn -0.7071 -0.6236 0.3333
vn -0.7071 -0.6533 0.2706
vn -0.7071 -0.6767 0.2053
vn -0.7071 -0.6935 0.1379
vn -0.7071 -0.7037 0.0693
vn -0.7071 -0.7071 -0.0000
vn -0.7071 -0.7037 -0.0693
vn -0.7071 -0.6935 -0.1379
vn -0.7071 -0.6767 -0.2053
vn -0.7071 -0.6533 -0.2706
vn -0.7071 -0.6236 -0.3333
vn -0.7071 -0.5879 -0.3929
vn -0.7071 -0.5466 -0.4486
vn -0.7071 -0.5000 -0.5000
vn -0.7071 -0.4486 -0.5466
vn -0.7071 -0.5000 -0.4999
vn -0.7071 -0.3928 -0.5879
vn -0.7071 -0.3333 -0.6236
vn -0.7071 -0.3928 -0.5880
vn -0.7071 -0.2706 -0.6533
vn -0.7071 -0.2053 -0.6767
vn -0.7071 -0.2706 -0.6532
vn -0.7071 -0.1379 -0.6935
vn -0.7071 -0.0693 -0.7037
vn -0.0000 0.0980 -0.9952
vn -0.0000 -0.0000 -1.0000
vn -0.0000 0.1951 -0.9808
vn -0.0000 0.2903 -0.9569
vn -0.0000 0.3827 -0.9239
vn -0.0000 0.4714 -0.8819
vn -0.0000 0.5556 -0.8315
vn -0.0000 0.6344 -0.7730
vn -0.0000 0.7071 -0.7071
vn -0.0000 0.7730 -0.6344
vn -0.0000 0.8315 -0.5556
vn -0.0000 0.8819 -0.4714
vn -0.0000 0.9239 -0.3827
vn -0.0000 0.9569 -0.2903
vn -0.0000 0.9808 -0.1951
vn -0.0000 0.9952 -0.0980
vn -0.0000 1.0000 -0.0000
vn -0.0000 0.9952 0.0980
vn -0.0000 0.9808 0.1951
vn -0.0000 0.9569 0.2903
vn -0.0000 0.9239 0.3827
vn -0.0000 0.8819 0.4714
vn -0.0000 0.8315 0.5556
vn -0.0000 0.7730 0.6344
vn -0.0000 0.7071 0.7071
vn -0.0000 0.6344 0.7730
vn -0.0000 0.5556 0.8315
vn -0.0000 0.4714 0.8819
vn -0.0000 0.3827 0.9239
vn -0.0000 0.2903 0.9569
vn -0.0000 0.1951 0.9808
vn -0.0000 0.0980 0.9952
vn -0.0000 -0.0000 1.0000
vn -0.0000 -0.0980 0.9952
vn -0.0000 -0.1951 0.9808
vn -0.0000 -0.2903 0.9569
vn -0.0000 -0.3827 0.9239
vn -0.0000 -0.4714 0.8819
vn -0.0000 -0.5556 0.8315
vn -0.0000 -0.6344 0.7730
vn -0.0000 -0.7071 0.7071
vn -0.0000 -0.7730 0.6344
vn -0.0000 -0.8315 0.5556
vn -0.0000 -0.8819 0.4714
vn -0.0000 -0.9239 0.3827
vn -0.0000 -0.9569 0.2903
vn -0.0000 -0.9808 0.1951
vn -0.0000 -0.9952 0.0980
vn -0.0000 -1.0000 -0.0000
vn -0.0000 -0.9952 -0.0980
vn -0.0000 -0.9808 -0.1951
vn -0.0000 -0.9569 -0.2903
vn -0.0000 -0.9239 -0.3827
vn -0.0000 -0.8819 -0.4714
vn -0.0000 -0.8315 -0.5556
vn -0.0000 -0.7730 -0.6344
vn -0.0000 -0.7071 -0.7071
vn -0.0000 -0.6344 -0.7730
vn -0.0000 -0.5556 -0.8315
vn -0.0000 -0.4714 -0.8819
vn -0.0000 -0.3827 -0.9239
vn -0.0000 -0.2903 -0.9569
vn -0.0000 -0.1951 -0.9808
vn -0.0000 -0.0980 -0.9952
vn 0.5300 0.0831 -0.8439
vn 0.5300 -0.0000 -0.8480
vn 0.5300 0.1654 -0.8317
vn 0.5300 0.2462 -0.8115
vn 0.5300 0.3245 -0.7834
vn 0.5300 0.3998 -0.7479
vn 0.5300 0.4711 -0.7051
vn 0.5300 0.5380 -0.6555
vn 0.5300 0.5996 -0.5996
vn 0.5300 0.6555 -0.5380
vn 0.5300 0.7051 -0.4711
vn 0.5300 0.7479 -0.3997
vn 0.5300 0.7479 -0.3998
vn 0.5300 0.7835 -0.3245
vn 0.5300 0.8115 -0.2462
vn 0.5300 0.8317 -0.1654
vn 0.5300 0.8439 -0.0831
vn 0.5300 0.8480 -0.0000
vn 0.5300 0.8439 0.0831
vn 0.5300 0.8317 0.1654
vn 0.5300 0.8115 0.2462
vn 0.5300 0.7835 0.3245
vn 0.5300 0.7479 0.3998
vn 0.5300 0.7051 0.4711
vn 0.5300 0.7479 0.3997
vn 0.5300 0.6555 0.5380
vn 0.5300 0.5996 0.5996
vn 0.5300 0.5380 0.6555
vn 0.5300 0.4711 0.7051
vn 0.5300 0.3998 0.7479
vn 0.5300 0.3245 0.7834
vn 0.5300 0.2462 0.8115
vn 0.5300 0.1654 0.8317
vn 0.5300 0.0831 0.8439
vn 0.5300 -0.0000 0.8480
vn 0.5300 -0.0831 0.8439
vn 0.5300 -0.1654 0.8317
vn 0.5300 -0.2462 0.8115
vn 0.5300 -0.3245 0.7834
vn 0.5300 -0.3998 0.7479
vn 0.5300 -0.4711 0.7051
vn 0.5300 -0.5380 0.6555
vn 0.5300 -0.5996 0.5996
vn 0.5300 -0.6555 0.5380
vn 0.5300 -0.7051 0.4711
vn 0.5300 -0.7479 0.3997
vn 0.5300 -0.7479 0.3998
vn 0.5300 -0.7835 0.3245
vn 0.5300 -0.8115 0.2462
vn 0.5300 -0.8317 0.1654
vn 0.5300 -0.8439 0.0831
vn 0.5300 -0.8480 -0.0000
vn 0.5300 -0.8439 -0.0831
vn 0.5300 -0.8317 -0.1654
vn 0.5300 -0.8115 -0.2462
vn 0.5300 -0.7835 -0.3245
vn 0.5300 -0.7479 -0.3998
vn 0.5300 -0.7051 -0.4711
vn 0.5300 -0.7479 -0.3997
vn 0.5300 -0.6555 -0.5380
vn 0.5300 -0.5996 -0.5996
vn 0.5300 -0.5380 -0.6555
vn 0.5300 -0.4711 -0.7051
vn 0.5300 -0.3998 -0.7479
vn 0.5300 -0.3245 -0.7834
vn 0.5300 -0.2462 -0.8115
vn 0.5300 -0.1654 -0.8317
vn 0.5300 -0.0831 -0.8439
vn -1.0000 -0.0000 -0.0000
vn 1.0000 -0.0000 -0.0000
vn -0.8480 -0.0000 -0.5300
vn -0.8480 0.0519 -0.5275
vn -0.8480 0.1034 -0.5198
vn -0.8480 0.1538 -0.5072
vn -0.8480 0.2028 -0.4897
vn -0.8480 0.1539 -0.5072
vn -0.8480 0.2498 -0.4674
vn -0.8480 0.2028 -0.4896
vn -0.8480 0.2944 -0.4407
vn -0.8480 0.3362 -0.4097
vn -0.8480 0.3748 -0.3748
vn -0.8480 0.4097 -0.3363
vn -0.8480 0.4407 -0.2945
vn -0.8480 0.4097 -0.3362
vn -0.8480 0.4674 -0.2498
vn -0.8480 0.4407 -0.2944
vn -0.8480 0.4897 -0.2028
vn -0.8480 0.5072 -0.1538
vn -0.8480 0.5198 -0.1034
vn -0.8480 0.5274 -0.0519
vn -0.8480 0.5300 -0.0000
vn -0.8480 0.5274 0.0519
vn -0.8480 0.5198 0.1034
vn -0.8480 0.5072 0.1538
vn -0.8480 0.4897 0.2028
vn -0.8480 0.4674 0.2498
vn -0.8480 0.4407 0.2944
vn -0.8480 0.4407 0.2945
vn -0.8480 0.4097 0.3362
vn -0.8480 0.4097 0.3363
vn -0.8480 0.3748 0.3748
vn -0.8480 0.3362 0.4097
vn -0.8480 0.2944 0.4407
vn -0.8480 0.2498 0.4674
vn -0.8480 0.2028 0.4896
vn -0.8480 0.2028 0.4897
vn -0.8480 0.1539 0.5072
vn -0.8480 0.1538 0.5072
vn -0.8480 0.1034 0.5198
vn -0.8480 0.0519 0.5275
vn -0.8480 -0.0000 0.5300
vn -0.8480 -0.0519 0.5275
vn -0.8480 -0.1034 0.5198
vn -0.8480 -0.1538 0.5072
vn -0.8480 -0.2028 0.4897
vn -0.8480 -0.1539 0.5072
vn -0.8480 -0.2498 0.4674
vn -0.8480 -0.2028 0.4896
vn -0.8480 -0.2944 0.4407
vn -0.8480 -0.3362 0.4097
vn -0.8480 -0.3748 0.3748
vn -0.8480 -0.4097 0.3363
vn -0.8480 -0.4407 0.2945
vn -0.8480 -0.4097 0.3362
vn -0.8480 -0.4674 0.2498
vn -0.8480 -0.4407 0.2944
vn -0.8480 -0.4897 0.2028
vn -0.8480 -0.5072 0.1538
vn -0.8480 -0.5198 0.1034
vn -0.8480 -0.5274 0.0519
vn -0.8480 -0.5300 -0.0000
vn -0.8480 -0.5274 -0.0519
vn -0.8480 -0.5198 -0.1034
vn -0.8480 -0.5072 -0.1538
vn -0.8480 -0.4897 -0.2028
vn -0.8480 -0.4674 -0.2498
vn -0.8480 -0.4407 -0.2944
vn -0.8480 -0.4407 -0.2945
vn -0.8480 -0.4097 -0.3362
vn -0.8480 -0.4097 -0.3363
vn -0.8480 -0.3748 -0.3748
vn -0.8480 -0.3362 -0.4097
vn -0.8480 -0.2944 -0.4407
vn -0.8480 -0.2498 -0.4674
vn -0.8480 -0.2028 -0.4896
vn -0.8480 -0.2028 -0.4897
vn -0.8480 -0.1539 -0.5072
vn -0.8480 -0.1538 -0.5072
vn -0.8480 -0.1034 -0.5198
vn -0.8480 -0.0519 -0.5275
vn 0.5145 0.0840 -0.8534
vn 0.5145 -0.0000 -0.8575
vn 0.5145 0.1673 -0.8410
vn 0.5145 0.2489 -0.8206
vn 0.5145 0.3281 -0.7922
vn 0.5145 0.4042 -0.7562
vn 0.5145 0.4764 -0.7130
vn 0.5145 0.4042 -0.7563
vn 0.5145 0.5440 -0.6628
vn 0.5145 0.6063 -0.6063
vn 0.5145 0.6629 -0.5440
vn 0.5145 0.6628 -0.5440
vn 0.5145 0.7130 -0.4764
vn 0.5145 0.7562 -0.4042
vn 0.5145 0.7922 -0.3282
vn 0.5145 0.8206 -0.2489
vn 0.5145 0.8410 -0.1673
vn 0.5145 0.8534 -0.0840
vn 0.5145 0.8575 -0.0000
vn 0.5145 0.8534 0.0840
vn 0.5145 0.8410 0.1673
vn 0.5145 0.8206 0.2489
vn 0.5145 0.7922 0.3282
vn 0.5145 0.7562 0.4042
vn 0.5145 0.7130 0.4764
vn 0.5145 0.6628 0.5440
vn 0.5145 0.6063 0.6063
vn 0.5145 0.6629 0.5440
vn 0.5145 0.5440 0.6628
vn 0.5145 0.4764 0.7130
vn 0.5145 0.4042 0.7562
vn 0.5145 0.3281 0.7922
vn 0.5145 0.4042 0.7563
vn 0.5145 0.2489 0.8206
vn 0.5145 0.1673 0.8410
vn 0.5145 0.0840 0.8534
vn 0.5145 -0.0000 0.8575
vn 0.5145 -0.0840 0.8534
vn 0.5145 -0.1673 0.8410
vn 0.5145 -0.2489 0.8206
vn 0.5145 -0.3281 0.7922
vn 0.5145 -0.4042 0.7562
vn 0.5145 -0.4764 0.7130
vn 0.5145 -0.4042 0.7563
vn 0.5145 -0.5440 0.6628
vn 0.5145 -0.6063 0.6063
vn 0.5145 -0.6629 0.5440
vn 0.5145 -0.6628 0.5440
vn 0.5145 -0.7130 0.4764
vn 0.5145 -0.7562 0.4042
vn 0.5145 -0.7922 0.3282
vn 0.5145 -0.8206 0.2489
vn 0.5145 -0.8410 0.1673
vn 0.5145 -0.8534 0.0840
vn 0.5145 -0.8575 -0.0000
vn 0.5145 -0.8534 -0.0840
vn 0.5145 -0.8410 -0.1673
vn 0.5145 -0.8206 -0.2489
vn 0.5145 -0.7922 -0.3282
vn 0.5145 -0.7562 -0.4042
vn 0.5145 -0.7130 -0.4764
vn 0.5145 -0.6628 -0.5440
vn 0.5145 -0.6063 -0.6063
vn 0.5145 -0.6629 -0.5440
vn 0.5145 -0.5440 -0.6628
vn 0.5145 -0.4764 -0.7130
vn 0.5145 -0.4042 -0.7562
vn 0.5145 -0.3281 -0.7922
vn 0.5145 -0.4042 -0.7563
vn 0.5145 -0.2489 -0.8206
vn 0.5145 -0.1673 -0.8410
vn 0.5145 -0.0840 -0.8534
vn 0.7071 0.0693 -0.7037
vn 0.7071 -0.0000 -0.7071
vn 0.7071 0.1380 -0.6935
vn 0.7071 0.2053 -0.6767
vn 0.7071 0.2706 -0.6533
vn 0.7071 0.3333 -0.6236
vn 0.7071 0.3928 -0.5879
vn 0.7071 0.4486 -0.5466
vn 0.7071 0.3928 -0.5880
vn 0.7071 0.5000 -0.5000
vn 0.7071 0.5466 -0.4486
vn 0.7071 0.5879 -0.3928
vn 0.7071 0.6236 -0.3333
vn 0.7071 0.6533 -0.2706
vn 0.7071 0.6767 -0.2053
vn 0.7071 0.6935 -0.1379
vn 0.7071 0.7037 -0.0693
vn 0.7071 0.7071 -0.0000
vn 0.7071 0.7037 0.0693
vn 0.7071 0.6935 0.1379
vn 0.7071 0.6767 0.2053
vn 0.7071 0.6533 0.2706
vn 0.7071 0.6236 0.3333
vn 0.7071 0.5879 0.3928
vn 0.7071 0.5466 0.4486
vn 0.7071 0.5000 0.5000
vn 0.7071 0.4486 0.5466
vn 0.7071 0.3928 0.5879
vn 0.7071 0.3333 0.6236
vn 0.7071 0.3928 0.5880
vn 0.7071 0.2706 0.6533
vn 0.7071 0.2053 0.6767
vn 0.7071 0.1380 0.6935
vn 0.7071 0.0693 0.7037
vn 0.7071 -0.0000 0.7071
vn 0.7071 -0.0693 0.7037
vn 0.7071 -0.1380 0.6935
vn 0.7071 -0.2053 0.6767
vn 0.7071 -0.2706 0.6533
vn 0.7071 -0.3333 0.6236
vn 0.7071 -0.3928 0.5879
vn 0.7071 -0.4486 0.5466
vn 0.7071 -0.3928 0.5880
vn 0.7071 -0.5000 0.5000
vn 0.7071 -0.5466 0.4486
vn 0.7071 -0.5879 0.3928
vn 0.7071 -0.6236 0.3333
vn 0.7071 -0.6533 0.2706
vn 0.7071 -0.6767 0.2053
vn 0.7071 -0.6935 0.1379
vn 0.7071 -0.7037 0.0693
vn 0.7071 -0.7071 -0.0000
vn 0.7071 -0.7037 -0.0693
vn 0.7071 -0.6935 -0.1379
vn 0.7071 -0.6767 -0.2053
vn 0.7071 -0.6533 -0.2706
vn 0.7071 -0.6236 -0.3333
vn 0.7071 -0.5879 -0.3928
vn 0.7071 -0.5466 -0.4486
vn 0.7071 -0.5000 -0.5000
vn 0.7071 -0.4486 -0.5466
vn 0.7071 -0.3928 -0.5879
vn 0.7071 -0.3333 -0.6236
vn 0.7071 -0.3928 -0.5880
vn 0.7071 -0.2706 -0.6533
vn 0.7071 -0.2053 -0.6767
vn 0.7071 -0.1380 -0.6935
vn 0.7071 -0.0693 -0.7037
vn -0.7071 0.1380 -0.6935
vn -0.7071 0.1380 0.6935
vn -0.7071 -0.1380 0.6935
vn -0.7071 -0.1380 -0.6935
vn -0.5145 -0.0000 -0.8575
vn -0.5145 0.0840 -0.8534
vn -0.5145 0.1673 -0.8410
vn -0.5145 0.2489 -0.8206
vn -0.5145 0.3281 -0.7922
vn -0.5145 0.4042 -0.7562
vn -0.5145 0.4764 -0.7130
vn -0.5145 0.5440 -0.6628
vn -0.5145 0.5440 -0.6629
vn -0.5145 0.6063 -0.6063
vn -0.5145 0.6628 -0.5440
vn -0.5145 0.7130 -0.4764
vn -0.5145 0.7562 -0.4042
vn -0.5145 0.7922 -0.3281
vn -0.5145 0.8206 -0.2489
vn -0.5145 0.8410 -0.1673
vn -0.5145 0.8534 -0.0840
vn -0.5145 0.8575 -0.0000
vn -0.5145 0.8534 0.0840
vn -0.5145 0.8410 0.1673
vn -0.5145 0.8206 0.2489
vn -0.5145 0.7922 0.3281
vn -0.5145 0.7562 0.4042
vn -0.5145 0.7130 0.4764
vn -0.5145 0.6628 0.5440
vn -0.5145 0.6063 0.6063
vn -0.5145 0.5440 0.6629
vn -0.5145 0.4764 0.7130
vn -0.5145 0.5440 0.6628
vn -0.5145 0.4042 0.7562
vn -0.5145 0.3281 0.7922
vn -0.5145 0.2489 0.8206
vn -0.5145 0.1673 0.8410
vn -0.5145 0.0840 0.8534
vn -0.5145 -0.0000 0.8575
vn -0.5145 -0.0840 0.8534
vn -0.5145 -0.1673 0.8410
vn -0.5145 -0.2489 0.8206
vn -0.5145 -0.3281 0.7922
vn -0.5145 -0.4042 0.7562
vn -0.5145 -0.4764 0.7130
vn -0.5145 -0.5440 0.6628
vn -0.5145 -0.5440 0.6629
vn -0.5145 -0.6063 0.6063
vn -0.5145 -0.6628 0.5440
vn -0.5145 -0.7130 0.4764
vn -0.5145 -0.7562 0.4042
vn -0.5145 -0.7922 0.3281
vn -0.5145 -0.8206 0.2489
vn -0.5145 -0.8410 0.1673
vn -0.5145 -0.8534 0.0840
vn -0.5145 -0.8575 -0.0000
vn -0.5145 -0.8534 -0.0840
vn -0.5145 -0.8410 -0.1673
vn -0.5145 -0.8206 -0.2489
vn -0.5145 -0.7922 -0.3281
vn -0.5145 -0.7562 -0.4042
vn -0.5145 -0.7130 -0.4764
vn -0.5145 -0.6628 -0.5440
vn -0.5145 -0.6063 -0.6063
vn -0.5145 -0.5440 -0.6629
vn -0.5145 -0.4764 -0.7130
vn -0.5145 -0.5440 -0.6628
vn -0.5145 -0.4042 -0.7562
vn -0.5145 -0.3281 -0.7922
vn -0.5145 -0.2489 -0.8206
vn -0.5145 -0.1673 -0.8410
vn -0.5145 -0.0840 -0.8534
vn 0.7071 0.3929 -0.5879
vn 0.7071 0.6935 -0.1380
vn 0.7071 0.6935 0.1380
vn 0.7071 0.3929 0.5879
vn 0.7071 -0.3929 0.5879
vn 0.7071 -0.6935 0.1380
vn 0.7071 -0.6935 -0.1380
vn 0.7071 -0.3929 -0.5879
vn -0.8742 0.0476 -0.4833
vn -0.8742 -0.0000 -0.4856
vn -0.8742 0.0947 -0.4763
vn -0.8742 0.1410 -0.4647
vn -0.8742 0.1858 -0.4487
vn -0.8742 0.2289 -0.4283
vn -0.8742 0.2698 -0.4038
vn -0.8742 0.3081 -0.3754
vn -0.8742 0.3434 -0.3434
vn -0.8742 0.3754 -0.3081
vn -0.8742 0.4038 -0.2698
vn -0.8742 0.4283 -0.2289
vn -0.8742 0.4487 -0.1858
vn -0.8742 0.4647 -0.1410
vn -0.8742 0.4763 -0.0947
vn -0.8742 0.4833 -0.0476
vn -0.8742 0.4856 -0.0000
vn -0.8742 0.4833 0.0476
vn -0.8742 0.4763 0.0947
vn -0.8742 0.4647 0.1410
vn -0.8742 0.4487 0.1858
vn -0.8742 0.4283 0.2289
vn -0.8742 0.4038 0.2698
vn -0.8742 0.3754 0.3081
vn -0.8742 0.3434 0.3434
vn -0.8742 0.3081 0.3754
vn -0.8742 0.2698 0.4038
vn -0.8742 0.2289 0.4283
vn -0.8742 0.1858 0.4487
vn -0.8742 0.1410 0.4647
vn -0.8742 0.0947 0.4763
vn -0.8742 0.0476 0.4833
vn -0.8742 -0.0000 0.4856
vn -0.8742 -0.0476 0.4833
vn -0.8742 -0.0947 0.4763
vn -0.8742 -0.1410 0.4647
vn -0.8742 -0.1858 0.4487
vn -0.8742 -0.2289 0.4283
vn -0.8742 -0.2698 0.4038
vn -0.8742 -0.3081 0.3754
vn -0.8742 -0.3434 0.3434
vn -0.8742 -0.3754 0.3081
vn -0.8742 -0.4038 0.2698
vn -0.8742 -0.4283 0.2289
vn -0.8742 -0.4487 0.1858
vn -0.8742 -0.4647 0.1410
vn -0.8742 -0.4763 0.0947
vn -0.8742 -0.4833 0.0476
vn -0.8742 -0.4856 -0.0000
vn -0.8742 -0.4833 -0.0476
vn -0.8742 -0.4763 -0.0947
vn -0.8742 -0.4647 -0.1410
vn -0.8742 -0.4487 -0.1858
vn -0.8742 -0.4283 -0.2289
vn -0.8742 -0.4038 -0.2698
vn -0.8742 -0.3754 -0.3081
vn -0.8742 -0.3434 -0.3434
vn -0.8742 -0.3081 -0.3754
vn -0.8742 -0.2698 -0.4038
vn -0.8742 -0.2289 -0.4283
vn -0.8742 -0.1858 -0.4487
vn -0.8742 -0.1410 -0.4647
vn -0.8742 -0.0947 -0.4763
vn -0.8742 -0.0476 -0.4833
vn 0.5547 -0.0000 -0.8321
vn 0.5547 0.0816 -0.8280
vn 0.5547 0.1623 -0.8161
vn 0.5547 0.2415 -0.7962
vn 0.5547 0.3184 -0.7687
vn 0.5547 0.3922 -0.7338
vn 0.5547 0.4623 -0.6918
vn 0.5547 0.5278 -0.6432
vn 0.5547 0.5883 -0.5884
vn 0.5547 0.5279 -0.6432
vn 0.5547 0.6432 -0.5278
vn 0.5547 0.6918 -0.4623
vn 0.5547 0.7338 -0.3922
vn 0.5547 0.7687 -0.3184
vn 0.5547 0.7962 -0.2415
vn 0.5547 0.8161 -0.1623
vn 0.5547 0.8280 -0.0816
vn 0.5547 0.8320 -0.0000
vn 0.5547 0.8280 0.0816
vn 0.5547 0.8161 0.1623
vn 0.5547 0.7962 0.2415
vn 0.5547 0.7687 0.3184
vn 0.5547 0.7338 0.3922
vn 0.5547 0.6918 0.4623
vn 0.5547 0.6432 0.5278
vn 0.5547 0.5883 0.5884
vn 0.5547 0.5278 0.6432
vn 0.5547 0.4623 0.6918
vn 0.5547 0.5279 0.6432
vn 0.5547 0.3922 0.7338
vn 0.5547 0.3184 0.7687
vn 0.5547 0.2415 0.7962
vn 0.5547 0.1623 0.8161
vn 0.5547 0.0816 0.8280
vn 0.5547 -0.0000 0.8321
vn 0.5547 -0.0816 0.8280
vn 0.5547 -0.1623 0.8161
vn 0.5547 -0.2415 0.7962
vn 0.5547 -0.3184 0.7687
vn 0.5547 -0.3922 0.7338
vn 0.5547 -0.4623 0.6918
vn 0.5547 -0.5278 0.6432
vn 0.5547 -0.5883 0.5884
vn 0.5547 -0.5279 0.6432
vn 0.5547 -0.6432 0.5278
vn 0.5547 -0.6918 0.4623
vn 0.5547 -0.7338 0.3922
vn 0.5547 -0.7687 0.3184
vn 0.5547 -0.7962 0.2415
vn 0.5547 -0.8161 0.1623
vn 0.5547 -0.8280 0.0816
vn 0.5547 -0.8320 -0.0000
vn 0.5547 -0.8280 -0.0816
vn 0.5547 -0.8161 -0.1623
vn 0.5547 -0.7962 -0.2415
vn 0.5547 -0.7687 -0.3184
vn 0.5547 -0.7338 -0.3922
vn 0.5547 -0.6918 -0.4623
vn 0.5547 -0.6432 -0.5278
vn 0.5547 -0.5883 -0.5884
vn 0.5547 -0.5278 -0.6432
vn 0.5547 -0.4623 -0.6918
vn 0.5547 -0.5279 -0.6432
vn 0.5547 -0.3922 -0.7338
vn 0.5547 -0.3184 -0.7687
vn 0.5547 -0.2415 -0.7962
vn 0.5547 -0.1623 -0.8161
vn 0.5547 -0.0816 -0.8280
vn 0.7071 0.1379 -0.6935
vn 0.7071 0.2053 -0.6766
vn 0.7071 0.1379 0.6935
vn 0.7071 -0.1379 0.6935
vn 0.7071 -0.2053 0.6766
vn 0.7071 -0.1379 -0.6935
vn -0.7071 0.1379 -0.6936
vn -0.7071 0.3929 -0.5879
vn -0.7071 0.6935 0.1380
vn -0.7071 0.6767 0.2052
vn -0.7071 0.3929 0.5879
vn -0.7071 -0.1379 0.6936
vn -0.7071 -0.3929 0.5879
vn -0.7071 -0.6935 -0.1380
vn -0.7071 -0.6767 -0.2052
vn -0.7071 -0.3929 -0.5879
vn -0.7071 0.2053 0.6766
vn -0.7071 -0.2053 -0.6766
vn -0.7071 0.3333 -0.6237
vn -0.7071 0.6935 -0.1380
vn -0.7071 -0.3333 0.6237
vn -0.7071 -0.6935 0.1380
vn -0.7071 0.2053 -0.6766
vn -0.7071 0.5879 -0.3928
vn -0.7071 0.5879 0.3928
vn -0.7071 -0.2053 0.6766
vn -0.7071 -0.5879 0.3928
vn -0.7071 -0.5879 -0.3928
vn -0.7071 0.6767 -0.2052
vn -0.7071 -0.6767 0.2052
vn 0.7071 0.1380 -0.6936
vn 0.7071 0.3929 -0.5880
vn 0.7071 0.5880 -0.3929
vn 0.7071 0.6236 -0.3334
vn 0.7071 0.6236 0.3334
vn 0.7071 0.5880 0.3929
vn 0.7071 0.3929 0.5880
vn 0.7071 0.3333 0.6237
vn 0.7071 0.1380 0.6936
vn 0.7071 -0.1380 0.6936
vn 0.7071 -0.3929 0.5880
vn 0.7071 -0.5880 0.3929
vn 0.7071 -0.6236 0.3334
vn 0.7071 -0.6236 -0.3334
vn 0.7071 -0.5880 -0.3929
vn 0.7071 -0.3929 -0.5880
vn 0.7071 -0.3333 -0.6237
vn 0.7071 -0.1380 -0.6936
vn -0.7071 0.6236 -0.3334
vn -0.7071 -0.6236 0.3334
vn 0.3511 0.0918 -0.9318
vn 0.3511 -0.0000 -0.9363
vn 0.3511 0.1827 -0.9183
vn 0.3511 0.2718 -0.8960
vn 0.3511 0.3583 -0.8651
vn 0.3511 0.4414 -0.8258
vn 0.3511 0.5202 -0.7785
vn 0.3511 0.5940 -0.7238
vn 0.3511 0.6621 -0.6621
vn 0.3511 0.7238 -0.5940
vn 0.3511 0.7785 -0.5202
vn 0.3511 0.8258 -0.4414
vn 0.3511 0.8651 -0.3583
vn 0.3511 0.8960 -0.2718
vn 0.3511 0.9183 -0.1827
vn 0.3511 0.9318 -0.0918
vn 0.3511 0.9363 -0.0000
vn 0.3511 0.9318 0.0918
vn 0.3511 0.9183 0.1827
vn 0.3511 0.8960 0.2718
vn 0.3511 0.8651 0.3583
vn 0.3511 0.8258 0.4414
vn 0.3511 0.7785 0.5202
vn 0.3511 0.7238 0.5940
vn 0.3511 0.6621 0.6621
vn 0.3511 0.5940 0.7238
vn 0.3511 0.5202 0.7785
vn 0.3511 0.4414 0.8258
vn 0.3511 0.3583 0.8651
vn 0.3511 0.2718 0.8960
vn 0.3511 0.1827 0.9183
vn 0.3511 0.0918 0.9318
vn 0.3511 -0.0000 0.9363
vn 0.3511 -0.0918 0.9318
vn 0.3511 -0.1827 0.9183
vn 0.3511 -0.2718 0.8960
vn 0.3511 -0.3583 0.8651
vn 0.3511 -0.4414 0.8258
vn 0.3511 -0.5202 0.7785
vn 0.3511 -0.5940 0.7238
vn 0.3511 -0.6621 0.6621
vn 0.3511 -0.7238 0.5940
vn 0.3511 -0.7785 0.5202
vn 0.3511 -0.8258 0.4414
vn 0.3511 -0.8651 0.3583
vn 0.3511 -0.8960 0.2718
vn 0.3511 -0.9183 0.1827
vn 0.3511 -0.9318 0.0918
vn 0.3511 -0.9363 -0.0000
vn 0.3511 -0.9318 -0.0918
vn 0.3511 -0.9183 -0.1827
vn 0.3511 -0.8960 -0.2718
vn 0.3511 -0.8651 -0.3583
vn 0.3511 -0.8258 -0.4414
vn 0.3511 -0.7785 -0.5202
vn 0.3511 -0.7238 -0.5940
vn 0.3511 -0.6621 -0.6621
vn 0.3511 -0.5940 -0.7238
vn 0.3511 -0.5202 -0.7785
vn 0.3511 -0.4414 -0.8258
vn 0.3511 -0.3583 -0.8651
vn 0.3511 -0.2718 -0.8960
vn 0.3511 -0.1827 -0.9183
vn 0.3511 -0.0918 -0.9318
vn 0.8192 0.0562 -0.5707
vn 0.8192 -0.0000 -0.5735
vn 0.8192 0.1119 -0.5625
vn 0.8192 0.1665 -0.5488
vn 0.8192 0.2195 -0.5298
vn 0.8192 0.2703 -0.5057
vn 0.8192 0.2703 -0.5058
vn 0.8192 0.3186 -0.4768
vn 0.8192 0.3638 -0.4433
vn 0.8192 0.4055 -0.4055
vn 0.8192 0.4433 -0.3638
vn 0.8192 0.4768 -0.3186
vn 0.8192 0.5058 -0.2703
vn 0.8192 0.5298 -0.2195
vn 0.8192 0.5488 -0.1665
vn 0.8192 0.5625 -0.1119
vn 0.8192 0.5707 -0.0562
vn 0.8192 0.5735 -0.0000
vn 0.8192 0.5707 0.0562
vn 0.8192 0.5625 0.1119
vn 0.8192 0.5488 0.1665
vn 0.8192 0.5298 0.2195
vn 0.8192 0.5058 0.2703
vn 0.8192 0.4768 0.3186
vn 0.8192 0.4433 0.3638
vn 0.8192 0.4055 0.4055
vn 0.8192 0.3638 0.4433
vn 0.8192 0.3186 0.4768
vn 0.8192 0.2703 0.5058
vn 0.8192 0.2195 0.5298
vn 0.8192 0.2703 0.5057
vn 0.8192 0.1665 0.5488
vn 0.8192 0.1119 0.5625
vn 0.8192 0.0562 0.5707
vn 0.8192 -0.0000 0.5735
vn 0.8192 -0.0562 0.5707
vn 0.8192 -0.1119 0.5625
vn 0.8192 -0.1665 0.5488
vn 0.8192 -0.2195 0.5298
vn 0.8192 -0.2703 0.5057
vn 0.8192 -0.2703 0.5058
vn 0.8192 -0.3186 0.4768
vn 0.8192 -0.3638 0.4433
vn 0.8192 -0.4055 0.4055
vn 0.8192 -0.4433 0.3638
vn 0.8192 -0.4768 0.3186
vn 0.8192 -0.5058 0.2703
vn 0.8192 -0.5298 0.2195
vn 0.8192 -0.5488 0.1665
vn 0.8192 -0.5625 0.1119
vn 0.8192 -0.5707 0.0562
vn 0.8192 -0.5735 -0.0000
vn 0.8192 -0.5707 -0.0562
vn 0.8192 -0.5625 -0.1119
vn 0.8192 -0.5488 -0.1665
vn 0.8192 -0.5298 -0.2195
vn 0.8192 -0.5058 -0.2703
vn 0.8192 -0.4768 -0.3186
vn 0.8192 -0.4433 -0.3638
vn 0.8192 -0.4055 -0.4055
vn 0.8192 -0.3638 -0.4433
vn 0.8192 -0.3186 -0.4768
vn 0.8192 -0.2703 -0.5058
vn 0.8192 -0.2195 -0.5298
vn 0.8192 -0.2703 -0.5057
vn 0.8192 -0.1665 -0.5488
vn 0.8192 -0.1119 -0.5625
vn 0.8192 -0.0562 -0.5707
vn -1.0000 -0.0000 0.0002
vn -1.0000 -0.0000 -0.0002
vn -1.0000 -0.0000 -0.0001
vn -1.0000 -0.0000 0.0001
vn -1.0000 -0.0000 0.0003
vn -1.0000 -0.0000 -0.0003
vn 1.0000 -0.0000 -0.0002
vn 1.0000 -0.0000 -0.0001
vn 1.0000 -0.0000 0.0001
vn 1.0000 -0.0000 0.0002
vt 0.030000 0.700000
vt 0.031500 0.703594
vt 0.031500 0.700000
vt 0.030000 0.707187
vt 0.030000 0.703594
vt 0.031500 0.710781
vt 0.031500 0.707187
vt 0.030000 0.710781
vt 0.031500 0.714375
vt 0.030000 0.714375
vt 0.031500 0.717969
vt 0.030000 0.721563
vt 0.030000 0.717969
vt 0.030000 0.725156
vt 0.031500 0.721563
vt 0.031500 0.728750
vt 0.031500 0.725156
vt 0.030000 0.732344
vt 0.030000 0.728750
vt 0.031500 0.735937
vt 0.031500 0.732344
vt 0.030000 0.735937
vt 0.031500 0.739531
vt 0.030000 0.743125
vt 0.030000 0.739531
vt 0.030000 0.746719
vt 0.031500 0.743125
vt 0.030000 0.750313
vt 0.031500 0.746719
vt 0.031500 0.753906
vt 0.031500 0.750313
vt 0.030000 0.757500
vt 0.030000 0.753906
vt 0.031500 0.761094
vt 0.031500 0.757500
vt 0.030000 0.764687
vt 0.030000 0.761094
vt 0.031500 0.768281
vt 0.031500 0.764687
vt 0.030000 0.768281
vt 0.031500 0.771875
vt 0.030000 0.771875
vt 0.031500 0.775469
vt 0.030000 0.779063
vt 0.030000 0.775469
vt 0.030000 0.782656
vt 0.031500 0.779063
vt 0.031500 0.786250
vt 0.031500 0.782656
vt 0.030000 0.789844
vt 0.030000 0.786250
vt 0.031500 0.793437
vt 0.031500 0.789844
vt 0.030000 0.793437
vt 0.031500 0.797031
vt 0.030000 0.800625
vt 0.030000 0.797031
vt 0.030000 0.804219
vt 0.031500 0.800625
vt 0.030000 0.807813
vt 0.031500 0.804219
vt 0.031500 0.811406
vt 0.031500 0.807813
vt 0.030000 0.815000
vt 0.030000 0.811406
vt 0.031500 0.818594
vt 0.031500 0.815000
vt 0.030000 0.822187
vt 0.030000 0.818594
vt 0.031500 0.825781
vt 0.031500 0.822187
vt 0.030000 0.825781
vt 0.031500 0.829375
vt 0.030000 0.829375
vt 0.031500 0.832969
vt 0.030000 0.836563
vt 0.030000 0.832969
vt 0.030000 0.840156
vt 0.031500 0.836563
vt 0.031500 0.843750
vt 0.031500 0.840156
vt 0.030000 0.847344
vt 0.030000 0.843750
vt 0.031500 0.850937
vt 0.031500 0.847344
vt 0.030000 0.850937
vt 0.031500 0.854531
vt 0.030000 0.858125
vt 0.030000 0.854531
vt 0.030000 0.861719
vt 0.031500 0.858125
vt 0.030000 0.865313
vt 0.031500 0.861719
vt 0.031500 0.868906
vt 0.031500 0.865313
vt 0.030000 0.872500
vt 0.030000 0.868906
vt 0.031500 0.876094
vt 0.031500 0.872500
vt 0.030000 0.879687
vt 0.030000 0.876094
vt 0.031500 0.883281
vt 0.031500 0.879687
vt 0.030000 0.883281
vt 0.031500 0.886875
vt 0.030000 0.886875
vt 0.031500 0.890469
vt 0.030000 0.894063
vt 0.030000 0.890469
vt 0.030000 0.897656
vt 0.031500 0.894063
vt 0.031500 0.901250
vt 0.031500 0.897656
vt 0.030000 0.904844
vt 0.030000 0.901250
vt 0.031500 0.908437
vt 0.031500 0.904844
vt 0.030000 0.908437
vt 0.031500 0.912031
vt 0.030000 0.915625
vt 0.030000 0.912031
vt 0.030000 0.919219
vt 0.031500 0.915625
vt 0.030000 0.922813
vt 0.031500 0.919219
vt 0.031500 0.926406
vt 0.031500 0.922813
vt 0.030000 0.930000
vt 0.030000 0.926406
vt 0.034000 0.703594
vt 0.034000 0.700000
vt 0.034000 0.710781
vt 0.034000 0.707187
vt 0.034000 0.717969
vt 0.034000 0.714375
vt 0.034000 0.721563
vt 0.034000 0.725156
vt 0.034000 0.728750
vt 0.034000 0.735937
vt 0.034000 0.732344
vt 0.034000 0.739531
vt 0.034000 0.746719
vt 0.034000 0.743125
vt 0.034000 0.753906
vt 0.034000 0.750313
vt 0.034000 0.761094
vt 0.034000 0.757500
vt 0.034000 0.768281
vt 0.034000 0.764687
vt 0.034000 0.775469
vt 0.034000 0.771875
vt 0.034000 0.779063
vt 0.034000 0.782656
vt 0.034000 0.789844
vt 0.034000 0.786250
vt 0.034000 0.793437
vt 0.034000 0.797031
vt 0.034000 0.804219
vt 0.034000 0.800625
vt 0.034000 0.811406
vt 0.034000 0.807813
vt 0.034000 0.818594
vt 0.034000 0.815000
vt 0.034000 0.825781
vt 0.034000 0.822187
vt 0.034000 0.832969
vt 0.034000 0.829375
vt 0.034000 0.836563
vt 0.034000 0.840156
vt 0.034000 0.843750
vt 0.034000 0.850937
vt 0.034000 0.847344
vt 0.034000 0.854531
vt 0.034000 0.861719
vt 0.034000 0.858125
vt 0.034000 0.868906
vt 0.034000 0.865313
vt 0.034000 0.876094
vt 0.034000 0.872500
vt 0.034000 0.883281
vt 0.034000 0.879687
vt 0.034000 0.890469
vt 0.034000 0.886875
vt 0.034000 0.894063
vt 0.034000 0.897656
vt 0.034000 0.904844
vt 0.034000 0.901250
vt 0.034000 0.908437
vt 0.034000 0.912031
vt 0.034000 0.919219
vt 0.034000 0.915625
vt 0.034000 0.926406
vt 0.034000 0.922813
vt 0.031500 0.930000
vt 0.056000 0.700000
vt 0.056000 0.703594
vt 0.056000 0.707187
vt 0.056000 0.710781
vt 0.056000 0.714375
vt 0.056000 0.717969
vt 0.056000 0.721563
vt 0.056000 0.725156
vt 0.056000 0.728750
vt 0.056000 0.732344
vt 0.056000 0.735937
vt 0.056000 0.739531
vt 0.056000 0.743125
vt 0.056000 0.746719
vt 0.056000 0.750313
vt 0.056000 0.753906
vt 0.056000 0.757500
vt 0.056000 0.761094
vt 0.056000 0.764687
vt 0.056000 0.768281
vt 0.056000 0.771875
vt 0.056000 0.775469
vt 0.056000 0.779063
vt 0.056000 0.782656
vt 0.056000 0.786250
vt 0.056000 0.789844
vt 0.056000 0.793437
vt 0.056000 0.797031
vt 0.056000 0.800625
vt 0.056000 0.804219
vt 0.056000 0.807813
vt 0.056000 0.811406
vt 0.056000 0.815000
vt 0.056000 0.818594
vt 0.056000 0.822187
vt 0.056000 0.825781
vt 0.056000 0.829375
vt 0.056000 0.832969
vt 0.056000 0.836563
vt 0.056000 0.840156
vt 0.056000 0.843750
vt 0.056000 0.847344
vt 0.056000 0.850937
vt 0.056000 0.854531
vt 0.056000 0.858125
vt 0.056000 0.861719
vt 0.056000 0.865313
vt 0.056000 0.868906
vt 0.056000 0.872500
vt 0.056000 0.876094
vt 0.056000 0.879687
vt 0.056000 0.883281
vt 0.056000 0.886875
vt 0.056000 0.890469
vt 0.056000 0.894063
vt 0.056000 0.897656
vt 0.056000 0.901250
vt 0.056000 0.904844
vt 0.056000 0.908437
vt 0.056000 0.912031
vt 0.056000 0.915625
vt 0.056000 0.919219
vt 0.056000 0.922813
vt 0.034000 0.930000
vt 0.056000 0.926406
vt 0.060000 0.700000
vt 0.060000 0.707187
vt 0.060000 0.703594
vt 0.060000 0.714375
vt 0.060000 0.710781
vt 0.060000 0.717969
vt 0.060000 0.725156
vt 0.060000 0.721563
vt 0.060000 0.728750
vt 0.060000 0.732344
vt 0.060000 0.739531
vt 0.060000 0.735937
vt 0.060000 0.743125
vt 0.060000 0.750313
vt 0.060000 0.746719
vt 0.060000 0.757500
vt 0.060000 0.753906
vt 0.060000 0.764687
vt 0.060000 0.761094
vt 0.060000 0.771875
vt 0.060000 0.768281
vt 0.060000 0.775469
vt 0.060000 0.782656
vt 0.060000 0.779063
vt 0.060000 0.786250
vt 0.060000 0.789844
vt 0.060000 0.797031
vt 0.060000 0.793437
vt 0.060000 0.800625
vt 0.060000 0.807813
vt 0.060000 0.804219
vt 0.060000 0.815000
vt 0.060000 0.811406
vt 0.060000 0.822187
vt 0.060000 0.818594
vt 0.060000 0.829375
vt 0.060000 0.825781
vt 0.060000 0.832969
vt 0.060000 0.840156
vt 0.060000 0.836563
vt 0.060000 0.843750
vt 0.060000 0.847344
vt 0.060000 0.854531
vt 0.060000 0.850937
vt 0.060000 0.858125
vt 0.060000 0.865313
vt 0.060000 0.861719
vt 0.060000 0.872500
vt 0.060000 0.868906
vt 0.060000 0.879687
vt 0.060000 0.876094
vt 0.060000 0.886875
vt 0.060000 0.883281
vt 0.060000 0.890469
vt 0.060000 0.897656
vt 0.060000 0.894063
vt 0.060000 0.901250
vt 0.060000 0.904844
vt 0.060000 0.912031
vt 0.060000 0.908437
vt 0.060000 0.915625
vt 0.060000 0.922813
vt 0.060000 0.919219
vt 0.060000 0.930000
vt 0.060000 0.926406
vt 0.122000 0.810000
vt 0.160000 0.848000
vt 0.198000 0.810000
vt 0.253725 0.847817
vt 0.212183 0.813725
vt 0.246275 0.772183
vt 0.030000 0.030000
vt 0.031059 0.033594
vt 0.031059 0.030000
vt 0.030000 0.037188
vt 0.030000 0.033594
vt 0.030000 0.040781
vt 0.031059 0.037188
vt 0.030000 0.044375
vt 0.031059 0.040781
vt 0.030000 0.047969
vt 0.031059 0.044375
vt 0.031059 0.051562
vt 0.031059 0.047969
vt 0.030000 0.051562
vt 0.031059 0.055156
vt 0.030000 0.055156
vt 0.031059 0.058750
vt 0.030000 0.062344
vt 0.030000 0.058750
vt 0.030000 0.065937
vt 0.031059 0.062344
vt 0.030000 0.069531
vt 0.031059 0.065937
vt 0.031059 0.073125
vt 0.031059 0.069531
vt 0.030000 0.073125
vt 0.031059 0.076719
vt 0.030000 0.076719
vt 0.031059 0.080312
vt 0.030000 0.080312
vt 0.031059 0.083906
vt 0.030000 0.087500
vt 0.030000 0.083906
vt 0.031059 0.091094
vt 0.031059 0.087500
vt 0.030000 0.094687
vt 0.030000 0.091094
vt 0.030000 0.098281
vt 0.031059 0.094687
vt 0.030000 0.101875
vt 0.031059 0.098281
vt 0.030000 0.105469
vt 0.031059 0.101875
vt 0.031059 0.109063
vt 0.031059 0.105469
vt 0.030000 0.109063
vt 0.031059 0.112656
vt 0.030000 0.112656
vt 0.031059 0.116250
vt 0.030000 0.119844
vt 0.030000 0.116250
vt 0.030000 0.123438
vt 0.031059 0.119844
vt 0.030000 0.127031
vt 0.031059 0.123438
vt 0.031059 0.130625
vt 0.031059 0.127031
vt 0.030000 0.130625
vt 0.031059 0.134219
vt 0.030000 0.134219
vt 0.031059 0.137812
vt 0.030000 0.137812
vt 0.031059 0.141406
vt 0.030000 0.145000
vt 0.030000 0.141406
vt 0.031059 0.148594
vt 0.031059 0.145000
vt 0.030000 0.152187
vt 0.030000 0.148594
vt 0.030000 0.155781
vt 0.031059 0.152187
vt 0.030000 0.159375
vt 0.031059 0.155781
vt 0.030000 0.162969
vt 0.031059 0.159375
vt 0.031059 0.166562
vt 0.031059 0.162969
vt 0.030000 0.166562
vt 0.031059 0.170156
vt 0.030000 0.170156
vt 0.031059 0.173750
vt 0.030000 0.177344
vt 0.030000 0.173750
vt 0.030000 0.180937
vt 0.031059 0.177344
vt 0.030000 0.184531
vt 0.031059 0.180937
vt 0.031059 0.188125
vt 0.031059 0.184531
vt 0.030000 0.188125
vt 0.031059 0.191719
vt 0.030000 0.191719
vt 0.031059 0.195312
vt 0.030000 0.195312
vt 0.031059 0.198906
vt 0.030000 0.202500
vt 0.030000 0.198906
vt 0.031059 0.206094
vt 0.031059 0.202500
vt 0.030000 0.209688
vt 0.030000 0.206094
vt 0.030000 0.213281
vt 0.031059 0.209688
vt 0.030000 0.216875
vt 0.031059 0.213281
vt 0.030000 0.220469
vt 0.031059 0.216875
vt 0.031059 0.224063
vt 0.031059 0.220469
vt 0.030000 0.224063
vt 0.031059 0.227656
vt 0.030000 0.227656
vt 0.031059 0.231250
vt 0.030000 0.234844
vt 0.030000 0.231250
vt 0.030000 0.238438
vt 0.031059 0.234844
vt 0.030000 0.242031
vt 0.031059 0.238438
vt 0.031059 0.245625
vt 0.031059 0.242031
vt 0.030000 0.245625
vt 0.031059 0.249219
vt 0.030000 0.249219
vt 0.031059 0.252813
vt 0.030000 0.252813
vt 0.031059 0.256406
vt 0.030000 0.260000
vt 0.030000 0.256406
vt 0.401554 0.030000
vt 0.401554 0.033594
vt 0.401554 0.037188
vt 0.401554 0.040781
vt 0.401554 0.044375
vt 0.401554 0.047969
vt 0.401554 0.051562
vt 0.401554 0.055156
vt 0.401554 0.058750
vt 0.401554 0.062344
vt 0.401554 0.065937
vt 0.401554 0.069531
vt 0.401554 0.073125
vt 0.401554 0.076719
vt 0.401554 0.080312
vt 0.401554 0.083906
vt 0.401554 0.087500
vt 0.401554 0.091094
vt 0.401554 0.094687
vt 0.401554 0.098281
vt 0.401554 0.101875
vt 0.401554 0.105469
vt 0.401554 0.109063
vt 0.401554 0.112656
vt 0.401554 0.116250
vt 0.401554 0.119844
vt 0.401554 0.123438
vt 0.401554 0.127031
vt 0.401554 0.130625
vt 0.401554 0.134219
vt 0.401554 0.137812
vt 0.401554 0.141406
vt 0.401554 0.145000
vt 0.401554 0.148594
vt 0.401554 0.152187
vt 0.401554 0.155781
vt 0.401554 0.159375
vt 0.401554 0.162969
vt 0.401554 0.166562
vt 0.401554 0.170156
vt 0.401554 0.173750
vt 0.401554 0.177344
vt 0.401554 0.180937
vt 0.401554 0.184531
vt 0.401554 0.188125
vt 0.401554 0.191719
vt 0.401554 0.195312
vt 0.401554 0.198906
vt 0.401554 0.202500
vt 0.401554 0.206094
vt 0.401554 0.209688
vt 0.401554 0.213281
vt 0.401554 0.216875
vt 0.401554 0.220469
vt 0.401554 0.224063
vt 0.401554 0.227656
vt 0.401554 0.231250
vt 0.401554 0.234844
vt 0.401554 0.238438
vt 0.401554 0.242031
vt 0.401554 0.245625
vt 0.401554 0.249219
vt 0.401554 0.252813
vt 0.031059 0.260000
vt 0.401554 0.256406
vt 0.402613 0.030000
vt 0.402613 0.037188
vt 0.402613 0.033594
vt 0.402613 0.040781
vt 0.402613 0.044375
vt 0.402613 0.047969
vt 0.402613 0.051562
vt 0.402613 0.055156
vt 0.402613 0.062344
vt 0.402613 0.058750
vt 0.402613 0.065937
vt 0.402613 0.069531
vt 0.402613 0.073125
vt 0.402613 0.076719
vt 0.402613 0.080312
vt 0.402613 0.087500
vt 0.402613 0.083906
vt 0.402613 0.094687
vt 0.402613 0.091094
vt 0.402613 0.098281
vt 0.402613 0.101875
vt 0.402613 0.105469
vt 0.402613 0.109063
vt 0.402613 0.112656
vt 0.402613 0.119844
vt 0.402613 0.116250
vt 0.402613 0.123438
vt 0.402613 0.127031
vt 0.402613 0.130625
vt 0.402613 0.134219
vt 0.402613 0.137812
vt 0.402613 0.145000
vt 0.402613 0.141406
vt 0.402613 0.152187
vt 0.402613 0.148594
vt 0.402613 0.155781
vt 0.402613 0.159375
vt 0.402613 0.162969
vt 0.402613 0.166562
vt 0.402613 0.170156
vt 0.402613 0.177344
vt 0.402613 0.173750
vt 0.402613 0.180937
vt 0.402613 0.184531
vt 0.402613 0.188125
vt 0.402613 0.191719
vt 0.402613 0.195312
vt 0.402613 0.202500
vt 0.402613 0.198906
vt 0.402613 0.209688
vt 0.402613 0.206094
vt 0.402613 0.213281
vt 0.402613 0.216875
vt 0.402613 0.220469
vt 0.402613 0.224063
vt 0.402613 0.227656
vt 0.402613 0.234844
vt 0.402613 0.231250
vt 0.402613 0.238438
vt 0.402613 0.242031
vt 0.402613 0.245625
vt 0.402613 0.249219
vt 0.402613 0.252813
vt 0.402613 0.260000
vt 0.402613 0.256406
vt 0.403671 0.030000
vt 0.403671 0.037188
vt 0.403671 0.033594
vt 0.403671 0.044375
vt 0.403671 0.040781
vt 0.403671 0.047969
vt 0.403671 0.055156
vt 0.403671 0.051562
vt 0.403671 0.058750
vt 0.403671 0.062344
vt 0.403671 0.069531
vt 0.403671 0.065937
vt 0.403671 0.073125
vt 0.403671 0.080312
vt 0.403671 0.076719
vt 0.403671 0.087500
vt 0.403671 0.083906
vt 0.403671 0.094687
vt 0.403671 0.091094
vt 0.403671 0.101875
vt 0.403671 0.098281
vt 0.403671 0.105469
vt 0.403671 0.112656
vt 0.403671 0.109063
vt 0.403671 0.116250
vt 0.403671 0.119844
vt 0.403671 0.127031
vt 0.403671 0.123438
vt 0.403671 0.130625
vt 0.403671 0.137812
vt 0.403671 0.134219
vt 0.403671 0.145000
vt 0.403671 0.141406
vt 0.403671 0.152187
vt 0.403671 0.148594
vt 0.403671 0.159375
vt 0.403671 0.155781
vt 0.403671 0.162969
vt 0.403671 0.170156
vt 0.403671 0.166562
vt 0.403671 0.173750
vt 0.403671 0.177344
vt 0.403671 0.184531
vt 0.403671 0.180937
vt 0.403671 0.188125
vt 0.403671 0.195312
vt 0.403671 0.191719
vt 0.403671 0.202500
vt 0.403671 0.198906
vt 0.403671 0.209688
vt 0.403671 0.206094
vt 0.403671 0.216875
vt 0.403671 0.213281
vt 0.403671 0.220469
vt 0.403671 0.227656
vt 0.403671 0.224063
vt 0.403671 0.231250
vt 0.403671 0.234844
vt 0.403671 0.242031
vt 0.403671 0.238438
vt 0.403671 0.245625
vt 0.403671 0.252813
vt 0.403671 0.249219
vt 0.403671 0.260000
vt 0.403671 0.256406
vt 0.405788 0.030000
vt 0.405788 0.033594
vt 0.405788 0.037188
vt 0.405788 0.040781
vt 0.405788 0.044375
vt 0.405788 0.047969
vt 0.405788 0.051562
vt 0.405788 0.055156
vt 0.405788 0.058750
vt 0.405788 0.062344
vt 0.405788 0.065937
vt 0.405788 0.069531
vt 0.405788 0.073125
vt 0.405788 0.076719
vt 0.405788 0.080312
vt 0.405788 0.083906
vt 0.405788 0.087500
vt 0.405788 0.091094
vt 0.405788 0.094687
vt 0.405788 0.098281
vt 0.405788 0.101875
vt 0.405788 0.105469
vt 0.405788 0.109063
vt 0.405788 0.112656
vt 0.405788 0.116250
vt 0.405788 0.119844
vt 0.405788 0.123438
vt 0.405788 0.127031
vt 0.405788 0.130625
vt 0.405788 0.134219
vt 0.405788 0.137812
vt 0.405788 0.141406
vt 0.405788 0.145000
vt 0.405788 0.148594
vt 0.405788 0.152187
vt 0.405788 0.155781
vt 0.405788 0.159375
vt 0.405788 0.162969
vt 0.405788 0.166562
vt 0.405788 0.170156
vt 0.405788 0.173750
vt 0.405788 0.177344
vt 0.405788 0.180937
vt 0.405788 0.184531
vt 0.405788 0.188125
vt 0.405788 0.191719
vt 0.405788 0.195312
vt 0.405788 0.198906
vt 0.405788 0.202500
vt 0.405788 0.206094
vt 0.405788 0.209688
vt 0.405788 0.213281
vt 0.405788 0.216875
vt 0.405788 0.220469
vt 0.405788 0.224063
vt 0.405788 0.227656
vt 0.405788 0.231250
vt 0.405788 0.234844
vt 0.405788 0.238438
vt 0.405788 0.242031
vt 0.405788 0.245625
vt 0.405788 0.249219
vt 0.405788 0.252813
vt 0.405788 0.256406
vt 0.406847 0.033594
vt 0.406847 0.030000
vt 0.406847 0.040781
vt 0.406847 0.037188
vt 0.406847 0.047969
vt 0.406847 0.044375
vt 0.406847 0.051562
vt 0.406847 0.055156
vt 0.406847 0.058750
vt 0.406847 0.065937
vt 0.406847 0.062344
vt 0.406847 0.069531
vt 0.406847 0.076719
vt 0.406847 0.073125
vt 0.406847 0.083906
vt 0.406847 0.080312
vt 0.406847 0.091094
vt 0.406847 0.087500
vt 0.406847 0.098281
vt 0.406847 0.094687
vt 0.406847 0.105469
vt 0.406847 0.101875
vt 0.406847 0.109063
vt 0.406847 0.112656
vt 0.406847 0.116250
vt 0.406847 0.123438
vt 0.406847 0.119844
vt 0.406847 0.127031
vt 0.406847 0.134219
vt 0.406847 0.130625
vt 0.406847 0.141406
vt 0.406847 0.137812
vt 0.406847 0.148594
vt 0.406847 0.145000
vt 0.406847 0.155781
vt 0.406847 0.152187
vt 0.406847 0.162969
vt 0.406847 0.159375
vt 0.406847 0.166562
vt 0.406847 0.170156
vt 0.406847 0.173750
vt 0.406847 0.180937
vt 0.406847 0.177344
vt 0.406847 0.184531
vt 0.406847 0.191719
vt 0.406847 0.188125
vt 0.406847 0.198906
vt 0.406847 0.195312
vt 0.406847 0.206094
vt 0.406847 0.202500
vt 0.406847 0.213281
vt 0.406847 0.209688
vt 0.406847 0.220469
vt 0.406847 0.216875
vt 0.406847 0.224063
vt 0.406847 0.227656
vt 0.406847 0.231250
vt 0.406847 0.238438
vt 0.406847 0.234844
vt 0.406847 0.242031
vt 0.406847 0.249219
vt 0.406847 0.245625
vt 0.406847 0.256406
vt 0.406847 0.252813
vt 0.405788 0.260000
vt 0.407905 0.033594
vt 0.407905 0.030000
vt 0.407905 0.037188
vt 0.407905 0.040781
vt 0.407905 0.044375
vt 0.407905 0.051562
vt 0.407905 0.047969
vt 0.407905 0.055156
vt 0.407905 0.058750
vt 0.407905 0.062344
vt 0.407905 0.065937
vt 0.407905 0.073125
vt 0.407905 0.069531
vt 0.407905 0.076719
vt 0.407905 0.080312
vt 0.407905 0.083906
vt 0.407905 0.091094
vt 0.407905 0.087500
vt 0.407905 0.094687
vt 0.407905 0.098281
vt 0.407905 0.101875
vt 0.407905 0.109063
vt 0.407905 0.105469
vt 0.407905 0.112656
vt 0.407905 0.116250
vt 0.407905 0.119844
vt 0.407905 0.123438
vt 0.407905 0.130625
vt 0.407905 0.127031
vt 0.407905 0.134219
vt 0.407905 0.137812
vt 0.407905 0.141406
vt 0.407905 0.148594
vt 0.407905 0.145000
vt 0.407905 0.152187
vt 0.407905 0.155781
vt 0.407905 0.159375
vt 0.407905 0.166562
vt 0.407905 0.162969
vt 0.407905 0.170156
vt 0.407905 0.173750
vt 0.407905 0.177344
vt 0.407905 0.180937
vt 0.407905 0.188125
vt 0.407905 0.184531
vt 0.407905 0.191719
vt 0.407905 0.195312
vt 0.407905 0.198906
vt 0.407905 0.206094
vt 0.407905 0.202500
vt 0.407905 0.209688
vt 0.407905 0.213281
vt 0.407905 0.216875
vt 0.407905 0.224063
vt 0.407905 0.220469
vt 0.407905 0.227656
vt 0.407905 0.231250
vt 0.407905 0.234844
vt 0.407905 0.238438
vt 0.407905 0.245625
vt 0.407905 0.242031
vt 0.407905 0.249219
vt 0.407905 0.252813
vt 0.407905 0.256406
vt 0.406847 0.260000
vt 0.968941 0.030000
vt 0.968941 0.033594
vt 0.968941 0.037188
vt 0.968941 0.040781
vt 0.968941 0.044375
vt 0.968941 0.047969
vt 0.968941 0.051562
vt 0.968941 0.055156
vt 0.968941 0.058750
vt 0.968941 0.062344
vt 0.968941 0.065937
vt 0.968941 0.069531
vt 0.968941 0.073125
vt 0.968941 0.076719
vt 0.968941 0.080312
vt 0.968941 0.083906
vt 0.968941 0.087500
vt 0.968941 0.091094
vt 0.968941 0.094687
vt 0.968941 0.098281
vt 0.968941 0.101875
vt 0.968941 0.105469
vt 0.968941 0.109063
vt 0.968941 0.112656
vt 0.968941 0.116250
vt 0.968941 0.119844
vt 0.968941 0.123438
vt 0.968941 0.127031
vt 0.968941 0.130625
vt 0.968941 0.134219
vt 0.968941 0.137812
vt 0.968941 0.141406
vt 0.968941 0.145000
vt 0.968941 0.148594
vt 0.968941 0.152187
vt 0.968941 0.155781
vt 0.968941 0.159375
vt 0.968941 0.162969
vt 0.968941 0.166562
vt 0.968941 0.170156
vt 0.968941 0.173750
vt 0.968941 0.177344
vt 0.968941 0.180937
vt 0.968941 0.184531
vt 0.968941 0.188125
vt 0.968941 0.191719
vt 0.968941 0.195312
vt 0.968941 0.198906
vt 0.968941 0.202500
vt 0.968941 0.206094
vt 0.968941 0.209688
vt 0.968941 0.213281
vt 0.968941 0.216875
vt 0.968941 0.220469
vt 0.968941 0.224063
vt 0.968941 0.227656
vt 0.968941 0.231250
vt 0.968941 0.234844
vt 0.968941 0.238438
vt 0.968941 0.242031
vt 0.968941 0.245625
vt 0.968941 0.249219
vt 0.968941 0.252813
vt 0.407905 0.260000
vt 0.968941 0.256406
vt 0.970000 0.033594
vt 0.970000 0.030000
vt 0.970000 0.040781
vt 0.970000 0.037188
vt 0.970000 0.047969
vt 0.970000 0.044375
vt 0.970000 0.051562
vt 0.970000 0.055156
vt 0.970000 0.062344
vt 0.970000 0.058750
vt 0.970000 0.065937
vt 0.970000 0.069531
vt 0.970000 0.076719
vt 0.970000 0.073125
vt 0.970000 0.083906
vt 0.970000 0.080312
vt 0.970000 0.091094
vt 0.970000 0.087500
vt 0.970000 0.098281
vt 0.970000 0.094687
vt 0.970000 0.105469
vt 0.970000 0.101875
vt 0.970000 0.109063
vt 0.970000 0.112656
vt 0.970000 0.119844
vt 0.970000 0.116250
vt 0.970000 0.123438
vt 0.970000 0.127031
vt 0.970000 0.134219
vt 0.970000 0.130625
vt 0.970000 0.141406
vt 0.970000 0.137812
vt 0.970000 0.148594
vt 0.970000 0.145000
vt 0.970000 0.155781
vt 0.970000 0.152187
vt 0.970000 0.162969
vt 0.970000 0.159375
vt 0.970000 0.166562
vt 0.970000 0.170156
vt 0.970000 0.177344
vt 0.970000 0.173750
vt 0.970000 0.180937
vt 0.970000 0.184531
vt 0.970000 0.191719
vt 0.970000 0.188125
vt 0.970000 0.198906
vt 0.970000 0.195312
vt 0.970000 0.206094
vt 0.970000 0.202500
vt 0.970000 0.213281
vt 0.970000 0.209688
vt 0.970000 0.220469
vt 0.970000 0.216875
vt 0.970000 0.224063
vt 0.970000 0.227656
vt 0.970000 0.234844
vt 0.970000 0.231250
vt 0.970000 0.238438
vt 0.970000 0.242031
vt 0.970000 0.249219
vt 0.970000 0.245625
vt 0.970000 0.256406
vt 0.970000 0.252813
vt 0.968941 0.260000
vt 0.322000 0.810000
vt 0.360000 0.848000
vt 0.398000 0.810000
vt 0.474107 0.780626
vt 0.487817 0.806275
vt 0.412183 0.813725
vt 0.030000 0.383594
vt 0.033133 0.380000
vt 0.030000 0.380000
vt 0.033133 0.387188
vt 0.033133 0.383594
vt 0.030000 0.390781
vt 0.030000 0.387188
vt 0.033133 0.394375
vt 0.033133 0.390781
vt 0.030000 0.394375
vt 0.033133 0.397969
vt 0.030000 0.401563
vt 0.030000 0.397969
vt 0.033133 0.405156
vt 0.033133 0.401563
vt 0.030000 0.405156
vt 0.033133 0.408750
vt 0.030000 0.412344
vt 0.030000 0.408750
vt 0.030000 0.415938
vt 0.033133 0.412344
vt 0.033133 0.419531
vt 0.033133 0.415938
vt 0.030000 0.423125
vt 0.030000 0.419531
vt 0.030000 0.426719
vt 0.033133 0.423125
vt 0.033133 0.430313
vt 0.033133 0.426719
vt 0.030000 0.433906
vt 0.030000 0.430313
vt 0.033133 0.437500
vt 0.033133 0.433906
vt 0.030000 0.441094
vt 0.030000 0.437500
vt 0.033133 0.444687
vt 0.033133 0.441094
vt 0.030000 0.448281
vt 0.030000 0.444687
vt 0.033133 0.451875
vt 0.033133 0.448281
vt 0.030000 0.451875
vt 0.033133 0.455469
vt 0.030000 0.459062
vt 0.030000 0.455469
vt 0.033133 0.462656
vt 0.033133 0.459062
vt 0.030000 0.462656
vt 0.033133 0.466250
vt 0.030000 0.469844
vt 0.030000 0.466250
vt 0.030000 0.473437
vt 0.033133 0.469844
vt 0.033133 0.477031
vt 0.033133 0.473437
vt 0.030000 0.480625
vt 0.030000 0.477031
vt 0.030000 0.484219
vt 0.033133 0.480625
vt 0.033133 0.487812
vt 0.033133 0.484219
vt 0.030000 0.491406
vt 0.030000 0.487812
vt 0.033133 0.495000
vt 0.033133 0.491406
vt 0.030000 0.498594
vt 0.030000 0.495000
vt 0.033133 0.502187
vt 0.033133 0.498594
vt 0.030000 0.505781
vt 0.030000 0.502187
vt 0.033133 0.509375
vt 0.033133 0.505781
vt 0.030000 0.509375
vt 0.033133 0.512969
vt 0.030000 0.516563
vt 0.030000 0.512969
vt 0.033133 0.520156
vt 0.033133 0.516563
vt 0.030000 0.520156
vt 0.033133 0.523750
vt 0.030000 0.527344
vt 0.030000 0.523750
vt 0.030000 0.530937
vt 0.033133 0.527344
vt 0.033133 0.534531
vt 0.033133 0.530937
vt 0.030000 0.538125
vt 0.030000 0.534531
vt 0.030000 0.541719
vt 0.033133 0.538125
vt 0.033133 0.545313
vt 0.033133 0.541719
vt 0.030000 0.548906
vt 0.030000 0.545313
vt 0.033133 0.552500
vt 0.033133 0.548906
vt 0.030000 0.556094
vt 0.030000 0.552500
vt 0.033133 0.559687
vt 0.033133 0.556094
vt 0.030000 0.563281
vt 0.030000 0.559687
vt 0.033133 0.566875
vt 0.033133 0.563281
vt 0.030000 0.566875
vt 0.033133 0.570469
vt 0.030000 0.574063
vt 0.030000 0.570469
vt 0.033133 0.577656
vt 0.033133 0.574063
vt 0.030000 0.577656
vt 0.033133 0.581250
vt 0.030000 0.584844
vt 0.030000 0.581250
vt 0.030000 0.588437
vt 0.033133 0.584844
vt 0.033133 0.592031
vt 0.033133 0.588437
vt 0.030000 0.595625
vt 0.030000 0.592031
vt 0.030000 0.599219
vt 0.033133 0.595625
vt 0.033133 0.602813
vt 0.033133 0.599219
vt 0.030000 0.606406
vt 0.030000 0.602813
vt 0.033133 0.610000
vt 0.033133 0.606406
vt 0.061333 0.380000
vt 0.061333 0.383594
vt 0.061333 0.387188
vt 0.061333 0.390781
vt 0.061333 0.394375
vt 0.061333 0.397969
vt 0.061333 0.401563
vt 0.061333 0.405156
vt 0.061333 0.408750
vt 0.061333 0.412344
vt 0.061333 0.415938
vt 0.061333 0.419531
vt 0.061333 0.423125
vt 0.061333 0.426719
vt 0.061333 0.430313
vt 0.061333 0.433906
vt 0.061333 0.437500
vt 0.061333 0.441094
vt 0.061333 0.444687
vt 0.061333 0.448281
vt 0.061333 0.451875
vt 0.061333 0.455469
vt 0.061333 0.459062
vt 0.061333 0.462656
vt 0.061333 0.466250
vt 0.061333 0.469844
vt 0.061333 0.473437
vt 0.061333 0.477031
vt 0.061333 0.480625
vt 0.061333 0.484219
vt 0.061333 0.487812
vt 0.061333 0.491406
vt 0.061333 0.495000
vt 0.061333 0.498594
vt 0.061333 0.502187
vt 0.061333 0.505781
vt 0.061333 0.509375
vt 0.061333 0.512969
vt 0.061333 0.516563
vt 0.061333 0.520156
vt 0.061333 0.523750
vt 0.061333 0.527344
vt 0.061333 0.530937
vt 0.061333 0.534531
vt 0.061333 0.538125
vt 0.061333 0.541719
vt 0.061333 0.545313
vt 0.061333 0.548906
vt 0.061333 0.552500
vt 0.061333 0.556094
vt 0.061333 0.559687
vt 0.061333 0.563281
vt 0.061333 0.566875
vt 0.061333 0.570469
vt 0.061333 0.574063
vt 0.061333 0.577656
vt 0.061333 0.581250
vt 0.061333 0.584844
vt 0.061333 0.588437
vt 0.061333 0.592031
vt 0.061333 0.595625
vt 0.061333 0.599219
vt 0.061333 0.602813
vt 0.061333 0.606406
vt 0.065093 0.383594
vt 0.065093 0.380000
vt 0.065093 0.387188
vt 0.065093 0.390781
vt 0.065093 0.394375
vt 0.065093 0.401563
vt 0.065093 0.397969
vt 0.065093 0.405156
vt 0.065093 0.412344
vt 0.065093 0.408750
vt 0.065093 0.415938
vt 0.065093 0.423125
vt 0.065093 0.419531
vt 0.065093 0.426719
vt 0.065093 0.430313
vt 0.065093 0.433906
vt 0.065093 0.441094
vt 0.065093 0.437500
vt 0.065093 0.444687
vt 0.065093 0.448281
vt 0.065093 0.451875
vt 0.065093 0.459062
vt 0.065093 0.455469
vt 0.065093 0.462656
vt 0.065093 0.469844
vt 0.065093 0.466250
vt 0.065093 0.473437
vt 0.065093 0.480625
vt 0.065093 0.477031
vt 0.065093 0.484219
vt 0.065093 0.487812
vt 0.065093 0.491406
vt 0.065093 0.498594
vt 0.065093 0.495000
vt 0.065093 0.502187
vt 0.065093 0.505781
vt 0.065093 0.509375
vt 0.065093 0.516563
vt 0.065093 0.512969
vt 0.065093 0.520156
vt 0.065093 0.527344
vt 0.065093 0.523750
vt 0.065093 0.530937
vt 0.065093 0.538125
vt 0.065093 0.534531
vt 0.065093 0.541719
vt 0.065093 0.545313
vt 0.065093 0.548906
vt 0.065093 0.556094
vt 0.065093 0.552500
vt 0.065093 0.559687
vt 0.065093 0.563281
vt 0.065093 0.566875
vt 0.065093 0.574063
vt 0.065093 0.570469
vt 0.065093 0.577656
vt 0.065093 0.584844
vt 0.065093 0.581250
vt 0.065093 0.588437
vt 0.065093 0.595625
vt 0.065093 0.592031
vt 0.065093 0.599219
vt 0.065093 0.602813
vt 0.065093 0.606406
vt 0.061333 0.610000
vt 0.082013 0.380000
vt 0.082013 0.383594
vt 0.082013 0.387188
vt 0.082013 0.390781
vt 0.082013 0.394375
vt 0.082013 0.397969
vt 0.082013 0.401563
vt 0.082013 0.405156
vt 0.082013 0.408750
vt 0.082013 0.412344
vt 0.082013 0.415938
vt 0.082013 0.419531
vt 0.082013 0.423125
vt 0.082013 0.426719
vt 0.082013 0.430313
vt 0.082013 0.433906
vt 0.082013 0.437500
vt 0.082013 0.441094
vt 0.082013 0.444687
vt 0.082013 0.448281
vt 0.082013 0.451875
vt 0.082013 0.455469
vt 0.082013 0.459062
vt 0.082013 0.462656
vt 0.082013 0.466250
vt 0.082013 0.469844
vt 0.082013 0.473437
vt 0.082013 0.477031
vt 0.082013 0.480625
vt 0.082013 0.484219
vt 0.082013 0.487812
vt 0.082013 0.491406
vt 0.082013 0.495000
vt 0.082013 0.498594
vt 0.082013 0.502187
vt 0.082013 0.505781
vt 0.082013 0.509375
vt 0.082013 0.512969
vt 0.082013 0.516563
vt 0.082013 0.520156
vt 0.082013 0.523750
vt 0.082013 0.527344
vt 0.082013 0.530937
vt 0.082013 0.534531
vt 0.082013 0.538125
vt 0.082013 0.541719
vt 0.082013 0.545313
vt 0.082013 0.548906
vt 0.082013 0.552500
vt 0.082013 0.556094
vt 0.082013 0.559687
vt 0.082013 0.563281
vt 0.082013 0.566875
vt 0.082013 0.570469
vt 0.082013 0.574063
vt 0.082013 0.577656
vt 0.082013 0.581250
vt 0.082013 0.584844
vt 0.082013 0.588437
vt 0.082013 0.592031
vt 0.082013 0.595625
vt 0.082013 0.599219
vt 0.082013 0.602813
vt 0.065093 0.610000
vt 0.082013 0.606406
vt 0.084207 0.383594
vt 0.084207 0.380000
vt 0.084207 0.387188
vt 0.084207 0.390781
vt 0.084207 0.397969
vt 0.084207 0.394375
vt 0.084207 0.401563
vt 0.084207 0.405156
vt 0.084207 0.412344
vt 0.084207 0.408750
vt 0.084207 0.415938
vt 0.084207 0.419531
vt 0.084207 0.426719
vt 0.084207 0.423125
vt 0.084207 0.430313
vt 0.084207 0.433906
vt 0.084207 0.441094
vt 0.084207 0.437500
vt 0.084207 0.444687
vt 0.084207 0.448281
vt 0.084207 0.451875
vt 0.084207 0.455469
vt 0.084207 0.459062
vt 0.084207 0.462656
vt 0.084207 0.469844
vt 0.084207 0.466250
vt 0.084207 0.473437
vt 0.084207 0.477031
vt 0.084207 0.484219
vt 0.084207 0.480625
vt 0.084207 0.487812
vt 0.084207 0.491406
vt 0.084207 0.498594
vt 0.084207 0.495000
vt 0.084207 0.502187
vt 0.084207 0.505781
vt 0.084207 0.512969
vt 0.084207 0.509375
vt 0.084207 0.516563
vt 0.084207 0.520156
vt 0.084207 0.527344
vt 0.084207 0.523750
vt 0.084207 0.530937
vt 0.084207 0.534531
vt 0.084207 0.541719
vt 0.084207 0.538125
vt 0.084207 0.545313
vt 0.084207 0.548906
vt 0.084207 0.556094
vt 0.084207 0.552500
vt 0.084207 0.559687
vt 0.084207 0.563281
vt 0.084207 0.566875
vt 0.084207 0.570469
vt 0.084207 0.574063
vt 0.084207 0.577656
vt 0.084207 0.584844
vt 0.084207 0.581250
vt 0.084207 0.588437
vt 0.084207 0.592031
vt 0.084207 0.599219
vt 0.084207 0.595625
vt 0.084207 0.602813
vt 0.082013 0.610000
vt 0.084207 0.606406
vt 0.088593 0.380000
vt 0.088593 0.383594
vt 0.088593 0.387188
vt 0.088593 0.390781
vt 0.088593 0.394375
vt 0.088593 0.397969
vt 0.088593 0.401563
vt 0.088593 0.405156
vt 0.088593 0.408750
vt 0.088593 0.412344
vt 0.088593 0.415938
vt 0.088593 0.419531
vt 0.088593 0.423125
vt 0.088593 0.426719
vt 0.088593 0.430313
vt 0.088593 0.433906
vt 0.088593 0.437500
vt 0.088593 0.441094
vt 0.088593 0.444687
vt 0.088593 0.448281
vt 0.088593 0.451875
vt 0.088593 0.455469
vt 0.088593 0.459062
vt 0.088593 0.462656
vt 0.088593 0.466250
vt 0.088593 0.469844
vt 0.088593 0.473437
vt 0.088593 0.477031
vt 0.088593 0.480625
vt 0.088593 0.484219
vt 0.088593 0.487812
vt 0.088593 0.491406
vt 0.088593 0.495000
vt 0.088593 0.498594
vt 0.088593 0.502187
vt 0.088593 0.505781
vt 0.088593 0.509375
vt 0.088593 0.512969
vt 0.088593 0.516563
vt 0.088593 0.520156
vt 0.088593 0.523750
vt 0.088593 0.527344
vt 0.088593 0.530937
vt 0.088593 0.534531
vt 0.088593 0.538125
vt 0.088593 0.541719
vt 0.088593 0.545313
vt 0.088593 0.548906
vt 0.088593 0.552500
vt 0.088593 0.556094
vt 0.088593 0.559687
vt 0.088593 0.563281
vt 0.088593 0.566875
vt 0.088593 0.570469
vt 0.088593 0.574063
vt 0.088593 0.577656
vt 0.088593 0.581250
vt 0.088593 0.584844
vt 0.088593 0.588437
vt 0.088593 0.592031
vt 0.088593 0.595625
vt 0.088593 0.599219
vt 0.088593 0.602813
vt 0.084207 0.610000
vt 0.088593 0.606406
vt 0.090787 0.380000
vt 0.090787 0.383594
vt 0.090787 0.387188
vt 0.090787 0.394375
vt 0.090787 0.390781
vt 0.090787 0.401563
vt 0.090787 0.397969
vt 0.090787 0.405156
vt 0.090787 0.408750
vt 0.090787 0.412344
vt 0.090787 0.415938
vt 0.090787 0.423125
vt 0.090787 0.419531
vt 0.090787 0.426719
vt 0.090787 0.433906
vt 0.090787 0.430313
vt 0.090787 0.437500
vt 0.090787 0.441094
vt 0.090787 0.444687
vt 0.090787 0.451875
vt 0.090787 0.448281
vt 0.090787 0.459062
vt 0.090787 0.455469
vt 0.090787 0.462656
vt 0.090787 0.466250
vt 0.090787 0.469844
vt 0.090787 0.473437
vt 0.090787 0.477031
vt 0.090787 0.480625
vt 0.090787 0.484219
vt 0.090787 0.491406
vt 0.090787 0.487812
vt 0.090787 0.495000
vt 0.090787 0.498594
vt 0.090787 0.502187
vt 0.090787 0.509375
vt 0.090787 0.505781
vt 0.090787 0.516563
vt 0.090787 0.512969
vt 0.090787 0.520156
vt 0.090787 0.523750
vt 0.090787 0.527344
vt 0.090787 0.530937
vt 0.090787 0.538125
vt 0.090787 0.534531
vt 0.090787 0.541719
vt 0.090787 0.548906
vt 0.090787 0.545313
vt 0.090787 0.552500
vt 0.090787 0.556094
vt 0.090787 0.559687
vt 0.090787 0.566875
vt 0.090787 0.563281
vt 0.090787 0.574063
vt 0.090787 0.570469
vt 0.090787 0.577656
vt 0.090787 0.581250
vt 0.090787 0.584844
vt 0.090787 0.588437
vt 0.090787 0.592031
vt 0.090787 0.595625
vt 0.090787 0.599219
vt 0.090787 0.606406
vt 0.090787 0.602813
vt 0.090787 0.610000
vt 0.150947 0.380000
vt 0.150947 0.383594
vt 0.150947 0.387188
vt 0.150947 0.390781
vt 0.150947 0.394375
vt 0.150947 0.397969
vt 0.150947 0.401563
vt 0.150947 0.405156
vt 0.150947 0.408750
vt 0.150947 0.412344
vt 0.150947 0.415938
vt 0.150947 0.419531
vt 0.150947 0.423125
vt 0.150947 0.426719
vt 0.150947 0.430313
vt 0.150947 0.433906
vt 0.150947 0.437500
vt 0.150947 0.441094
vt 0.150947 0.444687
vt 0.150947 0.448281
vt 0.150947 0.451875
vt 0.150947 0.455469
vt 0.150947 0.459062
vt 0.150947 0.462656
vt 0.150947 0.466250
vt 0.150947 0.469844
vt 0.150947 0.473437
vt 0.150947 0.477031
vt 0.150947 0.480625
vt 0.150947 0.484219
vt 0.150947 0.487812
vt 0.150947 0.491406
vt 0.150947 0.495000
vt 0.150947 0.498594
vt 0.150947 0.502187
vt 0.150947 0.505781
vt 0.150947 0.509375
vt 0.150947 0.512969
vt 0.150947 0.516563
vt 0.150947 0.520156
vt 0.150947 0.523750
vt 0.150947 0.527344
vt 0.150947 0.530937
vt 0.150947 0.534531
vt 0.150947 0.538125
vt 0.150947 0.541719
vt 0.150947 0.545313
vt 0.150947 0.548906
vt 0.150947 0.552500
vt 0.150947 0.556094
vt 0.150947 0.559687
vt 0.150947 0.563281
vt 0.150947 0.566875
vt 0.150947 0.570469
vt 0.150947 0.574063
vt 0.150947 0.577656
vt 0.150947 0.581250
vt 0.150947 0.584844
vt 0.150947 0.588437
vt 0.150947 0.592031
vt 0.150947 0.595625
vt 0.150947 0.599219
vt 0.150947 0.602813
vt 0.150947 0.606406
vt 0.153140 0.383594
vt 0.153140 0.380000
vt 0.153140 0.387188
vt 0.153140 0.390781
vt 0.153140 0.397969
vt 0.153140 0.394375
vt 0.153140 0.401563
vt 0.153140 0.405156
vt 0.153140 0.412344
vt 0.153140 0.408750
vt 0.153140 0.415938
vt 0.153140 0.419531
vt 0.153140 0.426719
vt 0.153140 0.423125
vt 0.153140 0.430313
vt 0.153140 0.433906
vt 0.153140 0.441094
vt 0.153140 0.437500
vt 0.153140 0.444687
vt 0.153140 0.448281
vt 0.153140 0.451875
vt 0.153140 0.455469
vt 0.153140 0.459062
vt 0.153140 0.462656
vt 0.153140 0.469844
vt 0.153140 0.466250
vt 0.153140 0.473437
vt 0.153140 0.477031
vt 0.153140 0.484219
vt 0.153140 0.480625
vt 0.153140 0.487812
vt 0.153140 0.491406
vt 0.153140 0.498594
vt 0.153140 0.495000
vt 0.153140 0.502187
vt 0.153140 0.505781
vt 0.153140 0.512969
vt 0.153140 0.509375
vt 0.153140 0.516563
vt 0.153140 0.520156
vt 0.153140 0.527344
vt 0.153140 0.523750
vt 0.153140 0.530937
vt 0.153140 0.534531
vt 0.153140 0.541719
vt 0.153140 0.538125
vt 0.153140 0.545313
vt 0.153140 0.548906
vt 0.153140 0.556094
vt 0.153140 0.552500
vt 0.153140 0.559687
vt 0.153140 0.563281
vt 0.153140 0.566875
vt 0.153140 0.570469
vt 0.153140 0.574063
vt 0.153140 0.577656
vt 0.153140 0.584844
vt 0.153140 0.581250
vt 0.153140 0.588437
vt 0.153140 0.592031
vt 0.153140 0.599219
vt 0.153140 0.595625
vt 0.153140 0.602813
vt 0.150947 0.610000
vt 0.153140 0.606406
vt 0.157527 0.380000
vt 0.157527 0.383594
vt 0.157527 0.387188
vt 0.157527 0.390781
vt 0.157527 0.394375
vt 0.157527 0.397969
vt 0.157527 0.401563
vt 0.157527 0.405156
vt 0.157527 0.408750
vt 0.157527 0.412344
vt 0.157527 0.415938
vt 0.157527 0.419531
vt 0.157527 0.423125
vt 0.157527 0.426719
vt 0.157527 0.430313
vt 0.157527 0.433906
vt 0.157527 0.437500
vt 0.157527 0.441094
vt 0.157527 0.444687
vt 0.157527 0.448281
vt 0.157527 0.451875
vt 0.157527 0.455469
vt 0.157527 0.459062
vt 0.157527 0.462656
vt 0.157527 0.466250
vt 0.157527 0.469844
vt 0.157527 0.473437
vt 0.157527 0.477031
vt 0.157527 0.480625
vt 0.157527 0.484219
vt 0.157527 0.487812
vt 0.157527 0.491406
vt 0.157527 0.495000
vt 0.157527 0.498594
vt 0.157527 0.502187
vt 0.157527 0.505781
vt 0.157527 0.509375
vt 0.157527 0.512969
vt 0.157527 0.516563
vt 0.157527 0.520156
vt 0.157527 0.523750
vt 0.157527 0.527344
vt 0.157527 0.530937
vt 0.157527 0.534531
vt 0.157527 0.538125
vt 0.157527 0.541719
vt 0.157527 0.545313
vt 0.157527 0.548906
vt 0.157527 0.552500
vt 0.157527 0.556094
vt 0.157527 0.559687
vt 0.157527 0.563281
vt 0.157527 0.566875
vt 0.157527 0.570469
vt 0.157527 0.574063
vt 0.157527 0.577656
vt 0.157527 0.581250
vt 0.157527 0.584844
vt 0.157527 0.588437
vt 0.157527 0.592031
vt 0.157527 0.595625
vt 0.157527 0.599219
vt 0.157527 0.602813
vt 0.153140 0.610000
vt 0.157527 0.606406
vt 0.159720 0.380000
vt 0.159720 0.383594
vt 0.159720 0.387188
vt 0.159720 0.394375
vt 0.159720 0.390781
vt 0.159720 0.401563
vt 0.159720 0.397969
vt 0.159720 0.405156
vt 0.159720 0.408750
vt 0.159720 0.412344
vt 0.159720 0.415938
vt 0.159720 0.419531
vt 0.159720 0.423125
vt 0.159720 0.426719
vt 0.159720 0.433906
vt 0.159720 0.430313
vt 0.159720 0.437500
vt 0.159720 0.441094
vt 0.159720 0.444687
vt 0.159720 0.451875
vt 0.159720 0.448281
vt 0.159720 0.459062
vt 0.159720 0.455469
vt 0.159720 0.462656
vt 0.159720 0.466250
vt 0.159720 0.469844
vt 0.159720 0.473437
vt 0.159720 0.480625
vt 0.159720 0.477031
vt 0.159720 0.484219
vt 0.159720 0.491406
vt 0.159720 0.487812
vt 0.159720 0.495000
vt 0.159720 0.498594
vt 0.159720 0.502187
vt 0.159720 0.509375
vt 0.159720 0.505781
vt 0.159720 0.516563
vt 0.159720 0.512969
vt 0.159720 0.520156
vt 0.159720 0.523750
vt 0.159720 0.527344
vt 0.159720 0.530937
vt 0.159720 0.534531
vt 0.159720 0.538125
vt 0.159720 0.541719
vt 0.159720 0.548906
vt 0.159720 0.545313
vt 0.159720 0.552500
vt 0.159720 0.556094
vt 0.159720 0.559687
vt 0.159720 0.566875
vt 0.159720 0.563281
vt 0.159720 0.574063
vt 0.159720 0.570469
vt 0.159720 0.577656
vt 0.159720 0.581250
vt 0.159720 0.584844
vt 0.159720 0.588437
vt 0.159720 0.595625
vt 0.159720 0.592031
vt 0.159720 0.599219
vt 0.159720 0.606406
vt 0.159720 0.602813
vt 0.159720 0.610000
vt 0.451747 0.380000
vt 0.451747 0.383594
vt 0.451747 0.387188
vt 0.451747 0.390781
vt 0.451747 0.394375
vt 0.451747 0.397969
vt 0.451747 0.401563
vt 0.451747 0.405156
vt 0.451747 0.408750
vt 0.451747 0.412344
vt 0.451747 0.415938
vt 0.451747 0.419531
vt 0.451747 0.423125
vt 0.451747 0.426719
vt 0.451747 0.430313
vt 0.451747 0.433906
vt 0.451747 0.437500
vt 0.451747 0.441094
vt 0.451747 0.444687
vt 0.451747 0.448281
vt 0.451747 0.451875
vt 0.451747 0.455469
vt 0.451747 0.459062
vt 0.451747 0.462656
vt 0.451747 0.466250
vt 0.451747 0.469844
vt 0.451747 0.473437
vt 0.451747 0.477031
vt 0.451747 0.480625
vt 0.451747 0.484219
vt 0.451747 0.487812
vt 0.451747 0.491406
vt 0.451747 0.495000
vt 0.451747 0.498594
vt 0.451747 0.502187
vt 0.451747 0.505781
vt 0.451747 0.509375
vt 0.451747 0.512969
vt 0.451747 0.516563
vt 0.451747 0.520156
vt 0.451747 0.523750
vt 0.451747 0.527344
vt 0.451747 0.530937
vt 0.451747 0.534531
vt 0.451747 0.538125
vt 0.451747 0.541719
vt 0.451747 0.545313
vt 0.451747 0.548906
vt 0.451747 0.552500
vt 0.451747 0.556094
vt 0.451747 0.559687
vt 0.451747 0.563281
vt 0.451747 0.566875
vt 0.451747 0.570469
vt 0.451747 0.574063
vt 0.451747 0.577656
vt 0.451747 0.581250
vt 0.451747 0.584844
vt 0.451747 0.588437
vt 0.451747 0.592031
vt 0.451747 0.595625
vt 0.451747 0.599219
vt 0.451747 0.602813
vt 0.451747 0.606406
vt 0.453940 0.383594
vt 0.453940 0.380000
vt 0.453940 0.387188
vt 0.453940 0.390781
vt 0.453940 0.397969
vt 0.453940 0.394375
vt 0.453940 0.401563
vt 0.453940 0.405156
vt 0.453940 0.412344
vt 0.453940 0.408750
vt 0.453940 0.415938
vt 0.453940 0.419531
vt 0.453940 0.426719
vt 0.453940 0.423125
vt 0.453940 0.430313
vt 0.453940 0.433906
vt 0.453940 0.441094
vt 0.453940 0.437500
vt 0.453940 0.444687
vt 0.453940 0.448281
vt 0.453940 0.451875
vt 0.453940 0.455469
vt 0.453940 0.459062
vt 0.453940 0.462656
vt 0.453940 0.469844
vt 0.453940 0.466250
vt 0.453940 0.473437
vt 0.453940 0.477031
vt 0.453940 0.484219
vt 0.453940 0.480625
vt 0.453940 0.487812
vt 0.453940 0.491406
vt 0.453940 0.498594
vt 0.453940 0.495000
vt 0.453940 0.502187
vt 0.453940 0.505781
vt 0.453940 0.512969
vt 0.453940 0.509375
vt 0.453940 0.516563
vt 0.453940 0.520156
vt 0.453940 0.527344
vt 0.453940 0.523750
vt 0.453940 0.530937
vt 0.453940 0.534531
vt 0.453940 0.541719
vt 0.453940 0.538125
vt 0.453940 0.545313
vt 0.453940 0.548906
vt 0.453940 0.556094
vt 0.453940 0.552500
vt 0.453940 0.559687
vt 0.453940 0.563281
vt 0.453940 0.566875
vt 0.453940 0.570469
vt 0.453940 0.574063
vt 0.453940 0.577656
vt 0.453940 0.584844
vt 0.453940 0.581250
vt 0.453940 0.588437
vt 0.453940 0.592031
vt 0.453940 0.599219
vt 0.453940 0.595625
vt 0.453940 0.602813
vt 0.451747 0.610000
vt 0.453940 0.606406
vt 0.458327 0.380000
vt 0.458327 0.383594
vt 0.458327 0.387188
vt 0.458327 0.390781
vt 0.458327 0.394375
vt 0.458327 0.397969
vt 0.458327 0.401563
vt 0.458327 0.405156
vt 0.458327 0.408750
vt 0.458327 0.412344
vt 0.458327 0.415938
vt 0.458327 0.419531
vt 0.458327 0.423125
vt 0.458327 0.426719
vt 0.458327 0.430313
vt 0.458327 0.433906
vt 0.458327 0.437500
vt 0.458327 0.441094
vt 0.458327 0.444687
vt 0.458327 0.448281
vt 0.458327 0.451875
vt 0.458327 0.455469
vt 0.458327 0.459062
vt 0.458327 0.462656
vt 0.458327 0.466250
vt 0.458327 0.469844
vt 0.458327 0.473437
vt 0.458327 0.477031
vt 0.458327 0.480625
vt 0.458327 0.484219
vt 0.458327 0.487812
vt 0.458327 0.491406
vt 0.458327 0.495000
vt 0.458327 0.498594
vt 0.458327 0.502187
vt 0.458327 0.505781
vt 0.458327 0.509375
vt 0.458327 0.512969
vt 0.458327 0.516563
vt 0.458327 0.520156
vt 0.458327 0.523750
vt 0.458327 0.527344
vt 0.458327 0.530937
vt 0.458327 0.534531
vt 0.458327 0.538125
vt 0.458327 0.541719
vt 0.458327 0.545313
vt 0.458327 0.548906
vt 0.458327 0.552500
vt 0.458327 0.556094
vt 0.458327 0.559687
vt 0.458327 0.563281
vt 0.458327 0.566875
vt 0.458327 0.570469
vt 0.458327 0.574063
vt 0.458327 0.577656
vt 0.458327 0.581250
vt 0.458327 0.584844
vt 0.458327 0.588437
vt 0.458327 0.592031
vt 0.458327 0.595625
vt 0.458327 0.599219
vt 0.458327 0.602813
vt 0.453940 0.610000
vt 0.458327 0.606406
vt 0.460520 0.380000
vt 0.460520 0.383594
vt 0.460520 0.387188
vt 0.460520 0.394375
vt 0.460520 0.390781
vt 0.460520 0.401563
vt 0.460520 0.397969
vt 0.460520 0.405156
vt 0.460520 0.408750
vt 0.460520 0.412344
vt 0.460520 0.415938
vt 0.460520 0.423125
vt 0.460520 0.419531
vt 0.460520 0.426719
vt 0.460520 0.433906
vt 0.460520 0.430313
vt 0.460520 0.437500
vt 0.460520 0.441094
vt 0.460520 0.444687
vt 0.460520 0.451875
vt 0.460520 0.448281
vt 0.460520 0.459062
vt 0.460520 0.455469
vt 0.460520 0.462656
vt 0.460520 0.466250
vt 0.460520 0.469844
vt 0.460520 0.473437
vt 0.460520 0.477031
vt 0.460520 0.480625
vt 0.460520 0.484219
vt 0.460520 0.491406
vt 0.460520 0.487812
vt 0.460520 0.495000
vt 0.460520 0.498594
vt 0.460520 0.502187
vt 0.460520 0.509375
vt 0.460520 0.505781
vt 0.460520 0.516563
vt 0.460520 0.512969
vt 0.460520 0.520156
vt 0.460520 0.523750
vt 0.460520 0.527344
vt 0.460520 0.530937
vt 0.460520 0.538125
vt 0.460520 0.534531
vt 0.460520 0.541719
vt 0.460520 0.548906
vt 0.460520 0.545313
vt 0.460520 0.552500
vt 0.460520 0.556094
vt 0.460520 0.559687
vt 0.460520 0.566875
vt 0.460520 0.563281
vt 0.460520 0.574063
vt 0.460520 0.570469
vt 0.460520 0.577656
vt 0.460520 0.581250
vt 0.460520 0.584844
vt 0.460520 0.588437
vt 0.460520 0.592031
vt 0.460520 0.595625
vt 0.460520 0.599219
vt 0.460520 0.606406
vt 0.460520 0.602813
vt 0.460520 0.610000
vt 0.520680 0.380000
vt 0.520680 0.383594
vt 0.520680 0.387188
vt 0.520680 0.390781
vt 0.520680 0.394375
vt 0.520680 0.397969
vt 0.520680 0.401563
vt 0.520680 0.405156
vt 0.520680 0.408750
vt 0.520680 0.412344
vt 0.520680 0.415938
vt 0.520680 0.419531
vt 0.520680 0.423125
vt 0.520680 0.426719
vt 0.520680 0.430313
vt 0.520680 0.433906
vt 0.520680 0.437500
vt 0.520680 0.441094
vt 0.520680 0.444687
vt 0.520680 0.448281
vt 0.520680 0.451875
vt 0.520680 0.455469
vt 0.520680 0.459062
vt 0.520680 0.462656
vt 0.520680 0.466250
vt 0.520680 0.469844
vt 0.520680 0.473437
vt 0.520680 0.477031
vt 0.520680 0.480625
vt 0.520680 0.484219
vt 0.520680 0.487812
vt 0.520680 0.491406
vt 0.520680 0.495000
vt 0.520680 0.498594
vt 0.520680 0.502187
vt 0.520680 0.505781
vt 0.520680 0.509375
vt 0.520680 0.512969
vt 0.520680 0.516563
vt 0.520680 0.520156
vt 0.520680 0.523750
vt 0.520680 0.527344
vt 0.520680 0.530937
vt 0.520680 0.534531
vt 0.520680 0.538125
vt 0.520680 0.541719
vt 0.520680 0.545313
vt 0.520680 0.548906
vt 0.520680 0.552500
vt 0.520680 0.556094
vt 0.520680 0.559687
vt 0.520680 0.563281
vt 0.520680 0.566875
vt 0.520680 0.570469
vt 0.520680 0.574063
vt 0.520680 0.577656
vt 0.520680 0.581250
vt 0.520680 0.584844
vt 0.520680 0.588437
vt 0.520680 0.592031
vt 0.520680 0.595625
vt 0.520680 0.599219
vt 0.520680 0.602813
vt 0.520680 0.606406
vt 0.522873 0.383594
vt 0.522873 0.380000
vt 0.522873 0.387188
vt 0.522873 0.390781
vt 0.522873 0.397969
vt 0.522873 0.394375
vt 0.522873 0.401563
vt 0.522873 0.405156
vt 0.522873 0.412344
vt 0.522873 0.408750
vt 0.522873 0.415938
vt 0.522873 0.419531
vt 0.522873 0.426719
vt 0.522873 0.423125
vt 0.522873 0.430313
vt 0.522873 0.433906
vt 0.522873 0.441094
vt 0.522873 0.437500
vt 0.522873 0.444687
vt 0.522873 0.448281
vt 0.522873 0.451875
vt 0.522873 0.455469
vt 0.522873 0.459062
vt 0.522873 0.462656
vt 0.522873 0.469844
vt 0.522873 0.466250
vt 0.522873 0.473437
vt 0.522873 0.477031
vt 0.522873 0.484219
vt 0.522873 0.480625
vt 0.522873 0.487812
vt 0.522873 0.491406
vt 0.522873 0.498594
vt 0.522873 0.495000
vt 0.522873 0.502187
vt 0.522873 0.505781
vt 0.522873 0.512969
vt 0.522873 0.509375
vt 0.522873 0.516563
vt 0.522873 0.520156
vt 0.522873 0.527344
vt 0.522873 0.523750
vt 0.522873 0.530937
vt 0.522873 0.534531
vt 0.522873 0.541719
vt 0.522873 0.538125
vt 0.522873 0.545313
vt 0.522873 0.548906
vt 0.522873 0.556094
vt 0.522873 0.552500
vt 0.522873 0.559687
vt 0.522873 0.563281
vt 0.522873 0.566875
vt 0.522873 0.570469
vt 0.522873 0.574063
vt 0.522873 0.577656
vt 0.522873 0.584844
vt 0.522873 0.581250
vt 0.522873 0.588437
vt 0.522873 0.592031
vt 0.522873 0.599219
vt 0.522873 0.595625
vt 0.522873 0.602813
vt 0.520680 0.610000
vt 0.522873 0.606406
vt 0.527260 0.380000
vt 0.527260 0.383594
vt 0.527260 0.387188
vt 0.527260 0.390781
vt 0.527260 0.394375
vt 0.527260 0.397969
vt 0.527260 0.401563
vt 0.527260 0.405156
vt 0.527260 0.408750
vt 0.527260 0.412344
vt 0.527260 0.415938
vt 0.527260 0.419531
vt 0.527260 0.423125
vt 0.527260 0.426719
vt 0.527260 0.430313
vt 0.527260 0.433906
vt 0.527260 0.437500
vt 0.527260 0.441094
vt 0.527260 0.444687
vt 0.527260 0.448281
vt 0.527260 0.451875
vt 0.527260 0.455469
vt 0.527260 0.459062
vt 0.527260 0.462656
vt 0.527260 0.466250
vt 0.527260 0.469844
vt 0.527260 0.473437
vt 0.527260 0.477031
vt 0.527260 0.480625
vt 0.527260 0.484219
vt 0.527260 0.487812
vt 0.527260 0.491406
vt 0.527260 0.495000
vt 0.527260 0.498594
vt 0.527260 0.502187
vt 0.527260 0.505781
vt 0.527260 0.509375
vt 0.527260 0.512969
vt 0.527260 0.516563
vt 0.527260 0.520156
vt 0.527260 0.523750
vt 0.527260 0.527344
vt 0.527260 0.530937
vt 0.527260 0.534531
vt 0.527260 0.538125
vt 0.527260 0.541719
vt 0.527260 0.545313
vt 0.527260 0.548906
vt 0.527260 0.552500
vt 0.527260 0.556094
vt 0.527260 0.559687
vt 0.527260 0.563281
vt 0.527260 0.566875
vt 0.527260 0.570469
vt 0.527260 0.574063
vt 0.527260 0.577656
vt 0.527260 0.581250
vt 0.527260 0.584844
vt 0.527260 0.588437
vt 0.527260 0.592031
vt 0.527260 0.595625
vt 0.527260 0.599219
vt 0.527260 0.602813
vt 0.522873 0.610000
vt 0.527260 0.606406
vt 0.529453 0.380000
vt 0.529453 0.383594
vt 0.529453 0.387188
vt 0.529453 0.394375
vt 0.529453 0.390781
vt 0.529453 0.401563
vt 0.529453 0.397969
vt 0.529453 0.405156
vt 0.529453 0.408750
vt 0.529453 0.412344
vt 0.529453 0.415938
vt 0.529453 0.419531
vt 0.529453 0.423125
vt 0.529453 0.426719
vt 0.529453 0.433906
vt 0.529453 0.430313
vt 0.529453 0.437500
vt 0.529453 0.441094
vt 0.529453 0.444687
vt 0.529453 0.451875
vt 0.529453 0.448281
vt 0.529453 0.459062
vt 0.529453 0.455469
vt 0.529453 0.462656
vt 0.529453 0.466250
vt 0.529453 0.469844
vt 0.529453 0.473437
vt 0.529453 0.480625
vt 0.529453 0.477031
vt 0.529453 0.484219
vt 0.529453 0.491406
vt 0.529453 0.487812
vt 0.529453 0.495000
vt 0.529453 0.498594
vt 0.529453 0.502187
vt 0.529453 0.509375
vt 0.529453 0.505781
vt 0.529453 0.516563
vt 0.529453 0.512969
vt 0.529453 0.520156
vt 0.529453 0.523750
vt 0.529453 0.527344
vt 0.529453 0.530937
vt 0.529453 0.534531
vt 0.529453 0.538125
vt 0.529453 0.541719
vt 0.529453 0.548906
vt 0.529453 0.545313
vt 0.529453 0.552500
vt 0.529453 0.556094
vt 0.529453 0.559687
vt 0.529453 0.566875
vt 0.529453 0.563281
vt 0.529453 0.574063
vt 0.529453 0.570469
vt 0.529453 0.577656
vt 0.529453 0.581250
vt 0.529453 0.584844
vt 0.529453 0.588437
vt 0.529453 0.595625
vt 0.529453 0.592031
vt 0.529453 0.599219
vt 0.529453 0.606406
vt 0.529453 0.602813
vt 0.529453 0.610000
vt 0.815213 0.380000
vt 0.815213 0.383594
vt 0.815213 0.387188
vt 0.815213 0.390781
vt 0.815213 0.394375
vt 0.815213 0.397969
vt 0.815213 0.401563
vt 0.815213 0.405156
vt 0.815213 0.408750
vt 0.815213 0.412344
vt 0.815213 0.415938
vt 0.815213 0.419531
vt 0.815213 0.423125
vt 0.815213 0.426719
vt 0.815213 0.430313
vt 0.815213 0.433906
vt 0.815213 0.437500
vt 0.815213 0.441094
vt 0.815213 0.444687
vt 0.815213 0.448281
vt 0.815213 0.451875
vt 0.815213 0.455469
vt 0.815213 0.459062
vt 0.815213 0.462656
vt 0.815213 0.466250
vt 0.815213 0.469844
vt 0.815213 0.473437
vt 0.815213 0.477031
vt 0.815213 0.480625
vt 0.815213 0.484219
vt 0.815213 0.487812
vt 0.815213 0.491406
vt 0.815213 0.495000
vt 0.815213 0.498594
vt 0.815213 0.502187
vt 0.815213 0.505781
vt 0.815213 0.509375
vt 0.815213 0.512969
vt 0.815213 0.516563
vt 0.815213 0.520156
vt 0.815213 0.523750
vt 0.815213 0.527344
vt 0.815213 0.530937
vt 0.815213 0.534531
vt 0.815213 0.538125
vt 0.815213 0.541719
vt 0.815213 0.545313
vt 0.815213 0.548906
vt 0.815213 0.552500
vt 0.815213 0.556094
vt 0.815213 0.559687
vt 0.815213 0.563281
vt 0.815213 0.566875
vt 0.815213 0.570469
vt 0.815213 0.574063
vt 0.815213 0.577656
vt 0.815213 0.581250
vt 0.815213 0.584844
vt 0.815213 0.588437
vt 0.815213 0.592031
vt 0.815213 0.595625
vt 0.815213 0.599219
vt 0.815213 0.602813
vt 0.815213 0.606406
vt 0.817407 0.383594
vt 0.817407 0.380000
vt 0.817407 0.387188
vt 0.817407 0.390781
vt 0.817407 0.397969
vt 0.817407 0.394375
vt 0.817407 0.401563
vt 0.817407 0.405156
vt 0.817407 0.412344
vt 0.817407 0.408750
vt 0.817407 0.415938
vt 0.817407 0.419531
vt 0.817407 0.426719
vt 0.817407 0.423125
vt 0.817407 0.430313
vt 0.817407 0.433906
vt 0.817407 0.441094
vt 0.817407 0.437500
vt 0.817407 0.444687
vt 0.817407 0.448281
vt 0.817407 0.451875
vt 0.817407 0.455469
vt 0.817407 0.459062
vt 0.817407 0.462656
vt 0.817407 0.469844
vt 0.817407 0.466250
vt 0.817407 0.473437
vt 0.817407 0.477031
vt 0.817407 0.484219
vt 0.817407 0.480625
vt 0.817407 0.487812
vt 0.817407 0.491406
vt 0.817407 0.498594
vt 0.817407 0.495000
vt 0.817407 0.502187
vt 0.817407 0.505781
vt 0.817407 0.512969
vt 0.817407 0.509375
vt 0.817407 0.516563
vt 0.817407 0.520156
vt 0.817407 0.527344
vt 0.817407 0.523750
vt 0.817407 0.530937
vt 0.817407 0.534531
vt 0.817407 0.541719
vt 0.817407 0.538125
vt 0.817407 0.545313
vt 0.817407 0.548906
vt 0.817407 0.556094
vt 0.817407 0.552500
vt 0.817407 0.559687
vt 0.817407 0.563281
vt 0.817407 0.566875
vt 0.817407 0.570469
vt 0.817407 0.574063
vt 0.817407 0.577656
vt 0.817407 0.584844
vt 0.817407 0.581250
vt 0.817407 0.588437
vt 0.817407 0.592031
vt 0.817407 0.599219
vt 0.817407 0.595625
vt 0.817407 0.602813
vt 0.815213 0.610000
vt 0.817407 0.606406
vt 0.821793 0.380000
vt 0.821793 0.383594
vt 0.821793 0.387188
vt 0.821793 0.390781
vt 0.821793 0.394375
vt 0.821793 0.397969
vt 0.821793 0.401563
vt 0.821793 0.405156
vt 0.821793 0.408750
vt 0.821793 0.412344
vt 0.821793 0.415938
vt 0.821793 0.419531
vt 0.821793 0.423125
vt 0.821793 0.426719
vt 0.821793 0.430313
vt 0.821793 0.433906
vt 0.821793 0.437500
vt 0.821793 0.441094
vt 0.821793 0.444687
vt 0.821793 0.448281
vt 0.821793 0.451875
vt 0.821793 0.455469
vt 0.821793 0.459062
vt 0.821793 0.462656
vt 0.821793 0.466250
vt 0.821793 0.469844
vt 0.821793 0.473437
vt 0.821793 0.477031
vt 0.821793 0.480625
vt 0.821793 0.484219
vt 0.821793 0.487812
vt 0.821793 0.491406
vt 0.821793 0.495000
vt 0.821793 0.498594
vt 0.821793 0.502187
vt 0.821793 0.505781
vt 0.821793 0.509375
vt 0.821793 0.512969
vt 0.821793 0.516563
vt 0.821793 0.520156
vt 0.821793 0.523750
vt 0.821793 0.527344
vt 0.821793 0.530937
vt 0.821793 0.534531
vt 0.821793 0.538125
vt 0.821793 0.541719
vt 0.821793 0.545313
vt 0.821793 0.548906
vt 0.821793 0.552500
vt 0.821793 0.556094
vt 0.821793 0.559687
vt 0.821793 0.563281
vt 0.821793 0.566875
vt 0.821793 0.570469
vt 0.821793 0.574063
vt 0.821793 0.577656
vt 0.821793 0.581250
vt 0.821793 0.584844
vt 0.821793 0.588437
vt 0.821793 0.592031
vt 0.821793 0.595625
vt 0.821793 0.599219
vt 0.821793 0.602813
vt 0.817407 0.610000
vt 0.821793 0.606406
vt 0.823987 0.380000
vt 0.823987 0.383594
vt 0.823987 0.387188
vt 0.823987 0.394375
vt 0.823987 0.390781
vt 0.823987 0.401563
vt 0.823987 0.397969
vt 0.823987 0.405156
vt 0.823987 0.408750
vt 0.823987 0.412344
vt 0.823987 0.415938
vt 0.823987 0.419531
vt 0.823987 0.423125
vt 0.823987 0.426719
vt 0.823987 0.433906
vt 0.823987 0.430313
vt 0.823987 0.437500
vt 0.823987 0.441094
vt 0.823987 0.444687
vt 0.823987 0.451875
vt 0.823987 0.448281
vt 0.823987 0.459062
vt 0.823987 0.455469
vt 0.823987 0.462656
vt 0.823987 0.466250
vt 0.823987 0.469844
vt 0.823987 0.473437
vt 0.823987 0.480625
vt 0.823987 0.477031
vt 0.823987 0.484219
vt 0.823987 0.491406
vt 0.823987 0.487812
vt 0.823987 0.495000
vt 0.823987 0.498594
vt 0.823987 0.502187
vt 0.823987 0.509375
vt 0.823987 0.505781
vt 0.823987 0.516563
vt 0.823987 0.512969
vt 0.823987 0.520156
vt 0.823987 0.523750
vt 0.823987 0.527344
vt 0.823987 0.530937
vt 0.823987 0.534531
vt 0.823987 0.538125
vt 0.823987 0.541719
vt 0.823987 0.548906
vt 0.823987 0.545313
vt 0.823987 0.552500
vt 0.823987 0.556094
vt 0.823987 0.559687
vt 0.823987 0.566875
vt 0.823987 0.563281
vt 0.823987 0.574063
vt 0.823987 0.570469
vt 0.823987 0.577656
vt 0.823987 0.581250
vt 0.823987 0.584844
vt 0.823987 0.588437
vt 0.823987 0.595625
vt 0.823987 0.592031
vt 0.823987 0.599219
vt 0.823987 0.606406
vt 0.823987 0.602813
vt 0.823987 0.610000
vt 0.877880 0.380000
vt 0.877880 0.383594
vt 0.877880 0.387188
vt 0.877880 0.390781
vt 0.877880 0.394375
vt 0.877880 0.397969
vt 0.877880 0.401563
vt 0.877880 0.405156
vt 0.877880 0.408750
vt 0.877880 0.412344
vt 0.877880 0.415938
vt 0.877880 0.419531
vt 0.877880 0.423125
vt 0.877880 0.426719
vt 0.877880 0.430313
vt 0.877880 0.433906
vt 0.877880 0.437500
vt 0.877880 0.441094
vt 0.877880 0.444687
vt 0.877880 0.448281
vt 0.877880 0.451875
vt 0.877880 0.455469
vt 0.877880 0.459062
vt 0.877880 0.462656
vt 0.877880 0.466250
vt 0.877880 0.469844
vt 0.877880 0.473437
vt 0.877880 0.477031
vt 0.877880 0.480625
vt 0.877880 0.484219
vt 0.877880 0.487812
vt 0.877880 0.491406
vt 0.877880 0.495000
vt 0.877880 0.498594
vt 0.877880 0.502187
vt 0.877880 0.505781
vt 0.877880 0.509375
vt 0.877880 0.512969
vt 0.877880 0.516563
vt 0.877880 0.520156
vt 0.877880 0.523750
vt 0.877880 0.527344
vt 0.877880 0.530937
vt 0.877880 0.534531
vt 0.877880 0.538125
vt 0.877880 0.541719
vt 0.877880 0.545313
vt 0.877880 0.548906
vt 0.877880 0.552500
vt 0.877880 0.556094
vt 0.877880 0.559687
vt 0.877880 0.563281
vt 0.877880 0.566875
vt 0.877880 0.570469
vt 0.877880 0.574063
vt 0.877880 0.577656
vt 0.877880 0.581250
vt 0.877880 0.584844
vt 0.877880 0.588437
vt 0.877880 0.592031
vt 0.877880 0.595625
vt 0.877880 0.599219
vt 0.877880 0.602813
vt 0.877880 0.606406
vt 0.880073 0.383594
vt 0.880073 0.380000
vt 0.880073 0.387188
vt 0.880073 0.390781
vt 0.880073 0.394375
vt 0.880073 0.397969
vt 0.880073 0.401563
vt 0.880073 0.405156
vt 0.880073 0.412344
vt 0.880073 0.408750
vt 0.880073 0.415938
vt 0.880073 0.419531
vt 0.880073 0.426719
vt 0.880073 0.423125
vt 0.880073 0.430313
vt 0.880073 0.433906
vt 0.880073 0.441094
vt 0.880073 0.437500
vt 0.880073 0.444687
vt 0.880073 0.448281
vt 0.880073 0.455469
vt 0.880073 0.451875
vt 0.880073 0.459062
vt 0.880073 0.462656
vt 0.880073 0.469844
vt 0.880073 0.466250
vt 0.880073 0.473437
vt 0.880073 0.477031
vt 0.880073 0.480625
vt 0.880073 0.484219
vt 0.880073 0.487812
vt 0.880073 0.491406
vt 0.880073 0.498594
vt 0.880073 0.495000
vt 0.880073 0.502187
vt 0.880073 0.505781
vt 0.880073 0.509375
vt 0.880073 0.512969
vt 0.880073 0.516563
vt 0.880073 0.520156
vt 0.880073 0.527344
vt 0.880073 0.523750
vt 0.880073 0.530937
vt 0.880073 0.534531
vt 0.880073 0.541719
vt 0.880073 0.538125
vt 0.880073 0.545313
vt 0.880073 0.548906
vt 0.880073 0.556094
vt 0.880073 0.552500
vt 0.880073 0.559687
vt 0.880073 0.563281
vt 0.880073 0.570469
vt 0.880073 0.566875
vt 0.880073 0.574063
vt 0.880073 0.577656
vt 0.880073 0.584844
vt 0.880073 0.581250
vt 0.880073 0.588437
vt 0.880073 0.592031
vt 0.880073 0.595625
vt 0.880073 0.599219
vt 0.880073 0.602813
vt 0.877880 0.610000
vt 0.880073 0.606406
vt 0.884460 0.380000
vt 0.884460 0.383594
vt 0.884460 0.387188
vt 0.884460 0.390781
vt 0.884460 0.394375
vt 0.884460 0.397969
vt 0.884460 0.401563
vt 0.884460 0.405156
vt 0.884460 0.408750
vt 0.884460 0.412344
vt 0.884460 0.415938
vt 0.884460 0.419531
vt 0.884460 0.423125
vt 0.884460 0.426719
vt 0.884460 0.430313
vt 0.884460 0.433906
vt 0.884460 0.437500
vt 0.884460 0.441094
vt 0.884460 0.444687
vt 0.884460 0.448281
vt 0.884460 0.451875
vt 0.884460 0.455469
vt 0.884460 0.459062
vt 0.884460 0.462656
vt 0.884460 0.466250
vt 0.884460 0.469844
vt 0.884460 0.473437
vt 0.884460 0.477031
vt 0.884460 0.480625
vt 0.884460 0.484219
vt 0.884460 0.487812
vt 0.884460 0.491406
vt 0.884460 0.495000
vt 0.884460 0.498594
vt 0.884460 0.502187
vt 0.884460 0.505781
vt 0.884460 0.509375
vt 0.884460 0.512969
vt 0.884460 0.516563
vt 0.884460 0.520156
vt 0.884460 0.523750
vt 0.884460 0.527344
vt 0.884460 0.530937
vt 0.884460 0.534531
vt 0.884460 0.538125
vt 0.884460 0.541719
vt 0.884460 0.545313
vt 0.884460 0.548906
vt 0.884460 0.552500
vt 0.884460 0.556094
vt 0.884460 0.559687
vt 0.884460 0.563281
vt 0.884460 0.566875
vt 0.884460 0.570469
vt 0.884460 0.574063
vt 0.884460 0.577656
vt 0.884460 0.581250
vt 0.884460 0.584844
vt 0.884460 0.588437
vt 0.884460 0.592031
vt 0.884460 0.595625
vt 0.884460 0.599219
vt 0.884460 0.602813
vt 0.880073 0.610000
vt 0.884460 0.606406
vt 0.886653 0.380000
vt 0.886653 0.383594
vt 0.886653 0.387188
vt 0.886653 0.394375
vt 0.886653 0.390781
vt 0.886653 0.401563
vt 0.886653 0.397969
vt 0.886653 0.405156
vt 0.886653 0.408750
vt 0.886653 0.412344
vt 0.886653 0.415938
vt 0.886653 0.419531
vt 0.886653 0.423125
vt 0.886653 0.426719
vt 0.886653 0.433906
vt 0.886653 0.430313
vt 0.886653 0.437500
vt 0.886653 0.441094
vt 0.886653 0.444687
vt 0.886653 0.451875
vt 0.886653 0.448281
vt 0.886653 0.459062
vt 0.886653 0.455469
vt 0.886653 0.462656
vt 0.886653 0.466250
vt 0.886653 0.469844
vt 0.886653 0.473437
vt 0.886653 0.480625
vt 0.886653 0.477031
vt 0.886653 0.484219
vt 0.886653 0.491406
vt 0.886653 0.487812
vt 0.886653 0.495000
vt 0.886653 0.498594
vt 0.886653 0.502187
vt 0.886653 0.509375
vt 0.886653 0.505781
vt 0.886653 0.516563
vt 0.886653 0.512969
vt 0.886653 0.520156
vt 0.886653 0.523750
vt 0.886653 0.527344
vt 0.886653 0.530937
vt 0.886653 0.534531
vt 0.886653 0.538125
vt 0.886653 0.541719
vt 0.886653 0.548906
vt 0.886653 0.545313
vt 0.886653 0.552500
vt 0.886653 0.556094
vt 0.886653 0.559687
vt 0.886653 0.566875
vt 0.886653 0.563281
vt 0.886653 0.574063
vt 0.886653 0.570469
vt 0.886653 0.577656
vt 0.886653 0.581250
vt 0.886653 0.584844
vt 0.886653 0.588437
vt 0.886653 0.595625
vt 0.886653 0.592031
vt 0.886653 0.599219
vt 0.886653 0.606406
vt 0.886653 0.602813
vt 0.886653 0.610000
vt 0.960600 0.380000
vt 0.960600 0.383594
vt 0.960600 0.387188
vt 0.960600 0.390781
vt 0.960600 0.394375
vt 0.960600 0.397969
vt 0.960600 0.401563
vt 0.960600 0.405156
vt 0.960600 0.408750
vt 0.960600 0.412344
vt 0.960600 0.415938
vt 0.960600 0.419531
vt 0.960600 0.423125
vt 0.960600 0.426719
vt 0.960600 0.430313
vt 0.960600 0.433906
vt 0.960600 0.437500
vt 0.960600 0.441094
vt 0.960600 0.444687
vt 0.960600 0.448281
vt 0.960600 0.451875
vt 0.960600 0.455469
vt 0.960600 0.459062
vt 0.960600 0.462656
vt 0.960600 0.466250
vt 0.960600 0.469844
vt 0.960600 0.473437
vt 0.960600 0.477031
vt 0.960600 0.480625
vt 0.960600 0.484219
vt 0.960600 0.487812
vt 0.960600 0.491406
vt 0.960600 0.495000
vt 0.960600 0.498594
vt 0.960600 0.502187
vt 0.960600 0.505781
vt 0.960600 0.509375
vt 0.960600 0.512969
vt 0.960600 0.516563
vt 0.960600 0.520156
vt 0.960600 0.523750
vt 0.960600 0.527344
vt 0.960600 0.530937
vt 0.960600 0.534531
vt 0.960600 0.538125
vt 0.960600 0.541719
vt 0.960600 0.545313
vt 0.960600 0.548906
vt 0.960600 0.552500
vt 0.960600 0.556094
vt 0.960600 0.559687
vt 0.960600 0.563281
vt 0.960600 0.566875
vt 0.960600 0.570469
vt 0.960600 0.574063
vt 0.960600 0.577656
vt 0.960600 0.581250
vt 0.960600 0.584844
vt 0.960600 0.588437
vt 0.960600 0.592031
vt 0.960600 0.595625
vt 0.960600 0.599219
vt 0.960600 0.602813
vt 0.960600 0.606406
vt 0.965613 0.380000
vt 0.965613 0.387188
vt 0.965613 0.383594
vt 0.965613 0.390781
vt 0.965613 0.394375
vt 0.965613 0.397969
vt 0.965613 0.401563
vt 0.965613 0.405156
vt 0.965613 0.412344
vt 0.965613 0.408750
vt 0.965613 0.415938
vt 0.965613 0.419531
vt 0.965613 0.423125
vt 0.965613 0.426719
vt 0.965613 0.430313
vt 0.965613 0.437500
vt 0.965613 0.433906
vt 0.965613 0.444687
vt 0.965613 0.441094
vt 0.965613 0.448281
vt 0.965613 0.451875
vt 0.965613 0.455469
vt 0.965613 0.459062
vt 0.965613 0.462656
vt 0.965613 0.469844
vt 0.965613 0.466250
vt 0.965613 0.473437
vt 0.965613 0.477031
vt 0.965613 0.480625
vt 0.965613 0.484219
vt 0.965613 0.487812
vt 0.965613 0.495000
vt 0.965613 0.491406
vt 0.965613 0.502187
vt 0.965613 0.498594
vt 0.965613 0.505781
vt 0.965613 0.509375
vt 0.965613 0.512969
vt 0.965613 0.516563
vt 0.965613 0.520156
vt 0.965613 0.527344
vt 0.965613 0.523750
vt 0.965613 0.530937
vt 0.965613 0.534531
vt 0.965613 0.538125
vt 0.965613 0.541719
vt 0.965613 0.545313
vt 0.965613 0.552500
vt 0.965613 0.548906
vt 0.965613 0.559687
vt 0.965613 0.556094
vt 0.965613 0.563281
vt 0.965613 0.566875
vt 0.965613 0.570469
vt 0.965613 0.574063
vt 0.965613 0.577656
vt 0.965613 0.584844
vt 0.965613 0.581250
vt 0.965613 0.588437
vt 0.965613 0.592031
vt 0.965613 0.595625
vt 0.965613 0.599219
vt 0.965613 0.602813
vt 0.965613 0.610000
vt 0.965613 0.606406
vt 0.970000 0.380000
vt 0.970000 0.387188
vt 0.970000 0.383594
vt 0.970000 0.390781
vt 0.970000 0.397969
vt 0.970000 0.394375
vt 0.970000 0.401563
vt 0.970000 0.405156
vt 0.970000 0.408750
vt 0.970000 0.412344
vt 0.970000 0.415938
vt 0.970000 0.419531
vt 0.970000 0.426719
vt 0.970000 0.423125
vt 0.970000 0.430313
vt 0.970000 0.437500
vt 0.970000 0.433906
vt 0.970000 0.444687
vt 0.970000 0.441094
vt 0.970000 0.448281
vt 0.970000 0.455469
vt 0.970000 0.451875
vt 0.970000 0.462656
vt 0.970000 0.459062
vt 0.970000 0.466250
vt 0.970000 0.469844
vt 0.970000 0.473437
vt 0.970000 0.477031
vt 0.970000 0.484219
vt 0.970000 0.480625
vt 0.970000 0.487812
vt 0.970000 0.495000
vt 0.970000 0.491406
vt 0.970000 0.502187
vt 0.970000 0.498594
vt 0.970000 0.505781
vt 0.970000 0.512969
vt 0.970000 0.509375
vt 0.970000 0.516563
vt 0.970000 0.520156
vt 0.970000 0.523750
vt 0.970000 0.527344
vt 0.970000 0.530937
vt 0.970000 0.534531
vt 0.970000 0.541719
vt 0.970000 0.538125
vt 0.970000 0.545313
vt 0.970000 0.552500
vt 0.970000 0.548906
vt 0.970000 0.559687
vt 0.970000 0.556094
vt 0.970000 0.563281
vt 0.970000 0.570469
vt 0.970000 0.566875
vt 0.970000 0.577656
vt 0.970000 0.574063
vt 0.970000 0.581250
vt 0.970000 0.584844
vt 0.970000 0.588437
vt 0.970000 0.592031
vt 0.970000 0.599219
vt 0.970000 0.595625
vt 0.970000 0.602813
vt 0.970000 0.610000
vt 0.970000 0.606406
vt 0.522000 0.810000
vt 0.560000 0.848000
vt 0.598000 0.810000
vt 0.674107 0.780626
vt 0.687817 0.806275
vt 0.612183 0.813725
vt 0.056000 0.930000
vt 0.197817 0.806275
vt 0.195107 0.795458
vt 0.197270 0.802587
vt 0.196364 0.798969
vt 0.193513 0.792087
vt 0.191596 0.788888
vt 0.189374 0.785893
vt 0.186870 0.783130
vt 0.184107 0.780626
vt 0.174542 0.774893
vt 0.181112 0.778404
vt 0.177913 0.776487
vt 0.171031 0.773636
vt 0.167413 0.772730
vt 0.163725 0.772183
vt 0.160000 0.772000
vt 0.156275 0.772183
vt 0.145458 0.774893
vt 0.152587 0.772730
vt 0.148969 0.773636
vt 0.142087 0.776487
vt 0.138888 0.778404
vt 0.135893 0.780626
vt 0.133130 0.783130
vt 0.130626 0.785893
vt 0.124893 0.795458
vt 0.128404 0.788888
vt 0.126487 0.792087
vt 0.123636 0.798969
vt 0.122730 0.802587
vt 0.122183 0.806275
vt 0.122183 0.813725
vt 0.124893 0.824542
vt 0.122730 0.817413
vt 0.123636 0.821031
vt 0.126487 0.827913
vt 0.128404 0.831112
vt 0.130626 0.834107
vt 0.133130 0.836870
vt 0.135893 0.839374
vt 0.145458 0.845107
vt 0.138888 0.841596
vt 0.142087 0.843513
vt 0.148969 0.846364
vt 0.152587 0.847270
vt 0.156275 0.847817
vt 0.163725 0.847817
vt 0.174542 0.845107
vt 0.167413 0.847270
vt 0.171031 0.846364
vt 0.177913 0.843513
vt 0.181112 0.841596
vt 0.184107 0.839374
vt 0.186870 0.836870
vt 0.189374 0.834107
vt 0.195107 0.824542
vt 0.191596 0.831112
vt 0.193513 0.827913
vt 0.196364 0.821031
vt 0.197270 0.817413
vt 0.197817 0.813725
vt 0.287817 0.806275
vt 0.288000 0.810000
vt 0.287817 0.813725
vt 0.287270 0.817413
vt 0.286364 0.821031
vt 0.285107 0.824542
vt 0.283513 0.827913
vt 0.281596 0.831112
vt 0.279374 0.834107
vt 0.276870 0.836870
vt 0.267913 0.843513
vt 0.274107 0.839374
vt 0.271112 0.841596
vt 0.264542 0.845107
vt 0.261031 0.846364
vt 0.257413 0.847270
vt 0.250000 0.848000
vt 0.246275 0.847817
vt 0.242587 0.847270
vt 0.238969 0.846364
vt 0.235458 0.845107
vt 0.232087 0.843513
vt 0.228888 0.841596
vt 0.225893 0.839374
vt 0.223130 0.836870
vt 0.216487 0.827913
vt 0.220626 0.834107
vt 0.218404 0.831112
vt 0.214893 0.824542
vt 0.213636 0.821031
vt 0.212730 0.817413
vt 0.212000 0.810000
vt 0.212183 0.806275
vt 0.212730 0.802587
vt 0.213636 0.798969
vt 0.214893 0.795458
vt 0.216487 0.792087
vt 0.218404 0.788888
vt 0.220626 0.785893
vt 0.223130 0.783130
vt 0.232087 0.776487
vt 0.225893 0.780626
vt 0.228888 0.778404
vt 0.235458 0.774893
vt 0.238969 0.773636
vt 0.242587 0.772730
vt 0.250000 0.772000
vt 0.253725 0.772183
vt 0.257413 0.772730
vt 0.261031 0.773636
vt 0.264542 0.774893
vt 0.267913 0.776487
vt 0.271112 0.778404
vt 0.274107 0.780626
vt 0.276870 0.783130
vt 0.283513 0.792087
vt 0.279374 0.785893
vt 0.281596 0.788888
vt 0.285107 0.795458
vt 0.286364 0.798969
vt 0.287270 0.802587
vt 0.401554 0.260000
vt 0.970000 0.260000
vt 0.397817 0.806275
vt 0.395107 0.795458
vt 0.397270 0.802587
vt 0.396364 0.798969
vt 0.393513 0.792087
vt 0.386870 0.783130
vt 0.391596 0.788888
vt 0.389374 0.785893
vt 0.384107 0.780626
vt 0.381112 0.778404
vt 0.377913 0.776487
vt 0.374542 0.774893
vt 0.371031 0.773636
vt 0.367413 0.772730
vt 0.363725 0.772183
vt 0.360000 0.772000
vt 0.356275 0.772183
vt 0.345458 0.774893
vt 0.352587 0.772730
vt 0.348969 0.773636
vt 0.342087 0.776487
vt 0.333130 0.783130
vt 0.338888 0.778404
vt 0.335893 0.780626
vt 0.330626 0.785893
vt 0.328404 0.788888
vt 0.326487 0.792087
vt 0.324893 0.795458
vt 0.323636 0.798969
vt 0.322730 0.802587
vt 0.322183 0.806275
vt 0.322183 0.813725
vt 0.324893 0.824542
vt 0.322730 0.817413
vt 0.323636 0.821031
vt 0.326487 0.827913
vt 0.333130 0.836870
vt 0.328404 0.831112
vt 0.330626 0.834107
vt 0.335893 0.839374
vt 0.338888 0.841596
vt 0.342087 0.843513
vt 0.345458 0.845107
vt 0.348969 0.846364
vt 0.352587 0.847270
vt 0.356275 0.847817
vt 0.363725 0.847817
vt 0.374542 0.845107
vt 0.367413 0.847270
vt 0.371031 0.846364
vt 0.377913 0.843513
vt 0.386870 0.836870
vt 0.381112 0.841596
vt 0.384107 0.839374
vt 0.389374 0.834107
vt 0.391596 0.831112
vt 0.393513 0.827913
vt 0.395107 0.824542
vt 0.396364 0.821031
vt 0.397270 0.817413
vt 0.397817 0.813725
vt 0.488000 0.810000
vt 0.486364 0.821031
vt 0.487817 0.813725
vt 0.487270 0.817413
vt 0.485107 0.824542
vt 0.479374 0.834107
vt 0.483513 0.827913
vt 0.481596 0.831112
vt 0.476870 0.836870
vt 0.474107 0.839374
vt 0.471112 0.841596
vt 0.467913 0.843513
vt 0.464542 0.845107
vt 0.461031 0.846364
vt 0.457413 0.847270
vt 0.453725 0.847817
vt 0.450000 0.848000
vt 0.438969 0.846364
vt 0.446275 0.847817
vt 0.442587 0.847270
vt 0.435458 0.845107
vt 0.425893 0.839374
vt 0.432087 0.843513
vt 0.428888 0.841596
vt 0.423130 0.836870
vt 0.420626 0.834107
vt 0.418404 0.831112
vt 0.416487 0.827913
vt 0.414893 0.824542
vt 0.413636 0.821031
vt 0.412730 0.817413
vt 0.412000 0.810000
vt 0.413636 0.798969
vt 0.412183 0.806275
vt 0.412730 0.802587
vt 0.414893 0.795458
vt 0.420626 0.785893
vt 0.416487 0.792087
vt 0.418404 0.788888
vt 0.423130 0.783130
vt 0.425893 0.780626
vt 0.428888 0.778404
vt 0.432087 0.776487
vt 0.435458 0.774893
vt 0.446275 0.772183
vt 0.438969 0.773636
vt 0.442587 0.772730
vt 0.450000 0.772000
vt 0.461031 0.773636
vt 0.453725 0.772183
vt 0.457413 0.772730
vt 0.464542 0.774893
vt 0.467913 0.776487
vt 0.471112 0.778404
vt 0.476870 0.783130
vt 0.479374 0.785893
vt 0.481596 0.788888
vt 0.483513 0.792087
vt 0.485107 0.795458
vt 0.486364 0.798969
vt 0.487270 0.802587
vt 0.030000 0.610000
vt 0.088593 0.610000
vt 0.157527 0.610000
vt 0.458327 0.610000
vt 0.527260 0.610000
vt 0.821793 0.610000
vt 0.884460 0.610000
vt 0.960600 0.610000
vt 0.597817 0.806275
vt 0.597270 0.802587
vt 0.596364 0.798969
vt 0.595107 0.795458
vt 0.593513 0.792087
vt 0.591596 0.788888
vt 0.589374 0.785893
vt 0.586870 0.783130
vt 0.584107 0.780626
vt 0.581112 0.778404
vt 0.577913 0.776487
vt 0.574542 0.774893
vt 0.571031 0.773636
vt 0.567413 0.772730
vt 0.563725 0.772183
vt 0.560000 0.772000
vt 0.556275 0.772183
vt 0.552587 0.772730
vt 0.548969 0.773636
vt 0.545458 0.774893
vt 0.542087 0.776487
vt 0.538888 0.778404
vt 0.535893 0.780626
vt 0.533130 0.783130
vt 0.530626 0.785893
vt 0.524893 0.795458
vt 0.528404 0.788888
vt 0.526487 0.792087
vt 0.523636 0.798969
vt 0.522730 0.802587
vt 0.522183 0.806275
vt 0.522183 0.813725
vt 0.522730 0.817413
vt 0.523636 0.821031
vt 0.524893 0.824542
vt 0.526487 0.827913
vt 0.528404 0.831112
vt 0.530626 0.834107
vt 0.533130 0.836870
vt 0.535893 0.839374
vt 0.545458 0.845107
vt 0.538888 0.841596
vt 0.542087 0.843513
vt 0.548969 0.846364
vt 0.552587 0.847270
vt 0.556275 0.847817
vt 0.563725 0.847817
vt 0.567413 0.847270
vt 0.571031 0.846364
vt 0.574542 0.845107
vt 0.577913 0.843513
vt 0.581112 0.841596
vt 0.584107 0.839374
vt 0.586870 0.836870
vt 0.589374 0.834107
vt 0.595107 0.824542
vt 0.591596 0.831112
vt 0.593513 0.827913
vt 0.596364 0.821031
vt 0.597270 0.817413
vt 0.597817 0.813725
vt 0.688000 0.810000
vt 0.687817 0.813725
vt 0.687270 0.817413
vt 0.686364 0.821031
vt 0.685107 0.824542
vt 0.679374 0.834107
vt 0.683513 0.827913
vt 0.681596 0.831112
vt 0.676870 0.836870
vt 0.674107 0.839374
vt 0.671112 0.841596
vt 0.667913 0.843513
vt 0.664542 0.845107
vt 0.653725 0.847817
vt 0.661031 0.846364
vt 0.657413 0.847270
vt 0.650000 0.848000
vt 0.646275 0.847817
vt 0.642587 0.847270
vt 0.638969 0.846364
vt 0.635458 0.845107
vt 0.625893 0.839374
vt 0.632087 0.843513
vt 0.628888 0.841596
vt 0.623130 0.836870
vt 0.620626 0.834107
vt 0.618404 0.831112
vt 0.616487 0.827913
vt 0.614893 0.824542
vt 0.613636 0.821031
vt 0.612730 0.817413
vt 0.612000 0.810000
vt 0.613636 0.798969
vt 0.612183 0.806275
vt 0.612730 0.802587
vt 0.614893 0.795458
vt 0.620626 0.785893
vt 0.616487 0.792087
vt 0.618404 0.788888
vt 0.623130 0.783130
vt 0.625893 0.780626
vt 0.628888 0.778404
vt 0.632087 0.776487
vt 0.635458 0.774893
vt 0.646275 0.772183
vt 0.638969 0.773636
vt 0.642587 0.772730
vt 0.650000 0.772000
vt 0.653725 0.772183
vt 0.657413 0.772730
vt 0.661031 0.773636
vt 0.664542 0.774893
vt 0.667913 0.776487
vt 0.671112 0.778404
vt 0.676870 0.783130
vt 0.679374 0.785893
vt 0.681596 0.788888
vt 0.683513 0.792087
vt 0.685107 0.795458
vt 0.686364 0.798969
vt 0.687270 0.802587
s 1
usemtl BC_GameAtlas
f 1/1/1 66/2/2 65/3/1
f 3/4/3 66/2/2 2/5/2
f 3/4/3 68/6/4 67/7/5
f 4/8/4 69/9/6 68/6/4
f 5/10/6 70/11/7 69/9/6
f 7/12/8 70/11/7 6/13/7
f 8/14/9 71/15/10 7/12/8
f 8/14/9 73/16/11 72/17/9
f 10/18/12 73/16/11 9/19/11
f 10/18/12 75/20/13 74/21/12
f 11/22/14 76/23/15 75/20/13
f 13/24/16 76/23/15 12/25/15
f 14/26/17 77/27/16 13/24/16
f 15/28/18 78/29/17 14/26/17
f 15/28/18 80/30/19 79/31/18
f 17/32/20 80/30/19 16/33/19
f 17/32/20 82/34/21 81/35/20
f 19/36/22 82/34/21 18/37/21
f 19/36/22 84/38/23 83/39/22
f 20/40/23 85/41/24 84/38/23
f 21/42/24 86/43/25 85/41/24
f 23/44/26 86/43/25 22/45/25
f 24/46/27 87/47/28 23/44/26
f 24/46/27 89/48/29 88/49/27
f 26/50/30 89/48/29 25/51/29
f 26/50/30 91/52/31 90/53/30
f 27/54/32 92/55/33 91/52/31
f 29/56/34 92/55/33 28/57/33
f 30/58/35 93/59/34 29/56/34
f 31/60/36 94/61/35 30/58/35
f 31/60/36 96/62/37 95/63/38
f 33/64/39 96/62/37 32/65/37
f 33/64/39 98/66/40 97/67/39
f 35/68/41 98/66/40 34/69/40
f 35/68/41 100/70/42 99/71/43
f 36/72/42 101/73/44 100/70/42
f 37/74/44 102/75/45 101/73/44
f 39/76/46 102/75/45 38/77/45
f 40/78/47 103/79/48 39/76/46
f 40/78/47 105/80/49 104/81/47
f 42/82/50 105/80/49 41/83/49
f 42/82/50 107/84/51 106/85/50
f 43/86/52 108/87/53 107/84/51
f 45/88/54 108/87/53 44/89/53
f 46/90/55 109/91/54 45/88/54
f 47/92/56 110/93/55 46/90/55
f 47/92/56 112/94/57 111/95/56
f 49/96/58 112/94/57 48/97/57
f 49/96/58 114/98/59 113/99/58
f 51/100/60 114/98/59 50/101/59
f 51/100/60 116/102/61 115/103/60
f 52/104/61 117/105/62 116/102/61
f 53/106/62 118/107/63 117/105/62
f 55/108/64 118/107/63 54/109/63
f 56/110/65 119/111/66 55/108/64
f 56/110/65 121/112/67 120/113/65
f 58/114/68 121/112/67 57/115/67
f 58/114/68 123/116/69 122/117/68
f 59/118/70 124/119/71 123/116/69
f 61/120/72 124/119/71 60/121/71
f 62/122/73 125/123/72 61/120/72
f 63/124/74 126/125/73 62/122/73
f 63/124/74 128/126/75 127/127/76
f 1/128/1 128/126/75 64/129/75
f 65/3/77 130/130/78 129/131/77
f 67/7/79 130/130/78 66/2/78
f 67/7/79 132/132/80 131/133/79
f 69/9/81 132/132/80 68/6/80
f 69/9/81 134/134/82 133/135/83
f 70/11/82 135/136/84 134/134/82
f 72/17/85 135/136/84 71/15/86
f 73/16/87 136/137/85 72/17/85
f 74/21/88 137/138/87 73/16/87
f 74/21/88 139/139/89 138/140/88
f 76/23/90 139/139/89 75/20/89
f 77/27/91 140/141/90 76/23/90
f 77/27/91 142/142/92 141/143/91
f 79/31/93 142/142/92 78/29/92
f 79/31/93 144/144/94 143/145/93
f 81/35/95 144/144/94 80/30/94
f 81/35/95 146/146/96 145/147/95
f 83/39/97 146/146/96 82/34/96
f 83/39/97 148/148/98 147/149/97
f 85/41/99 148/148/98 84/38/98
f 85/41/99 150/150/100 149/151/99
f 86/43/100 151/152/101 150/150/100
f 88/49/102 151/152/101 87/47/101
f 89/48/103 152/153/102 88/49/102
f 89/48/103 154/154/104 153/155/105
f 90/53/104 155/156/106 154/154/104
f 92/55/107 155/156/106 91/52/108
f 93/59/109 156/157/107 92/55/107
f 93/59/109 158/158/110 157/159/111
f 95/63/112 158/158/110 94/61/110
f 95/63/112 160/160/113 159/161/112
f 97/67/114 160/160/113 96/62/113
f 97/67/114 162/162/115 161/163/114
f 99/71/116 162/162/115 98/66/115
f 99/71/116 164/164/117 163/165/116
f 101/73/118 164/164/117 100/70/117
f 101/73/118 166/166/119 165/167/120
f 102/75/119 167/168/121 166/166/119
f 104/81/122 167/168/121 103/79/123
f 105/80/124 168/169/122 104/81/122
f 106/85/125 169/170/124 105/80/124
f 106/85/125 171/171/126 170/172/125
f 108/87/127 171/171/126 107/84/126
f 109/91/128 172/173/127 108/87/127
f 109/91/128 174/174/129 173/175/128
f 111/95/130 174/174/129 110/93/129
f 111/95/130 176/176/131 175/177/130
f 113/99/132 176/176/131 112/94/131
f 113/99/132 178/178/133 177/179/132
f 115/103/134 178/178/133 114/98/133
f 115/103/134 180/180/135 179/181/134
f 117/105/136 180/180/135 116/102/135
f 117/105/136 182/182/137 181/183/136
f 118/107/137 183/184/138 182/182/137
f 120/113/139 183/184/138 119/111/138
f 121/112/140 184/185/139 120/113/139
f 121/112/140 186/186/141 185/187/142
f 122/117/141 187/188/143 186/186/141
f 124/119/144 187/188/143 123/116/145
f 125/123/146 188/189/144 124/119/144
f 125/123/146 190/190/147 189/191/148
f 127/127/149 190/190/147 126/125/147
f 127/127/149 192/192/150 191/193/149
f 65/194/77 192/192/150 128/126/150
f 130/130/151 193/195/152 129/131/152
f 131/133/153 194/196/151 130/130/151
f 132/132/154 195/197/153 131/133/153
f 133/135/155 196/198/154 132/132/154
f 134/134/156 197/199/155 133/135/155
f 135/136/157 198/200/156 134/134/156
f 136/137/158 199/201/157 135/136/157
f 137/138/159 200/202/158 136/137/158
f 138/140/160 201/203/159 137/138/159
f 139/139/161 202/204/160 138/140/160
f 140/141/162 203/205/161 139/139/161
f 141/143/163 204/206/162 140/141/162
f 142/142/164 205/207/163 141/143/163
f 143/145/165 206/208/164 142/142/164
f 144/144/166 207/209/165 143/145/165
f 145/147/167 208/210/166 144/144/166
f 146/146/168 209/211/167 145/147/167
f 147/149/169 210/212/168 146/146/168
f 148/148/170 211/213/169 147/149/169
f 149/151/171 212/214/170 148/148/170
f 150/150/172 213/215/171 149/151/171
f 151/152/173 214/216/172 150/150/172
f 152/153/174 215/217/173 151/152/173
f 153/155/175 216/218/174 152/153/174
f 154/154/176 217/219/175 153/155/175
f 155/156/177 218/220/176 154/154/176
f 156/157/178 219/221/177 155/156/177
f 157/159/179 220/222/178 156/157/178
f 158/158/180 221/223/179 157/159/179
f 159/161/181 222/224/180 158/158/180
f 160/160/182 223/225/181 159/161/181
f 161/163/183 224/226/182 160/160/182
f 162/162/184 225/227/183 161/163/183
f 163/165/185 226/228/184 162/162/184
f 164/164/186 227/229/185 163/165/185
f 165/167/187 228/230/186 164/164/186
f 166/166/188 229/231/187 165/167/187
f 167/168/189 230/232/188 166/166/188
f 168/169/190 231/233/189 167/168/189
f 169/170/191 232/234/190 168/169/190
f 170/172/192 233/235/191 169/170/191
f 171/171/193 234/236/192 170/172/192
f 172/173/194 235/237/193 171/171/193
f 173/175/195 236/238/194 172/173/194
f 174/174/196 237/239/195 173/175/195
f 175/177/197 238/240/196 174/174/196
f 176/176/198 239/241/197 175/177/197
f 177/179/199 240/242/198 176/176/198
f 178/178/200 241/243/199 177/179/199
f 179/181/201 242/244/200 178/178/200
f 180/180/202 243/245/201 179/181/201
f 181/183/203 244/246/202 180/180/202
f 182/182/204 245/247/203 181/183/203
f 183/184/205 246/248/204 182/182/204
f 184/185/206 247/249/205 183/184/205
f 185/187/207 248/250/206 184/185/206
f 186/186/208 249/251/207 185/187/207
f 187/188/209 250/252/208 186/186/208
f 188/189/210 251/253/209 187/188/209
f 189/191/211 252/254/210 188/189/210
f 190/190/212 253/255/211 189/191/211
f 191/193/213 254/256/212 190/190/212
f 192/192/214 255/257/213 191/193/213
f 129/258/152 256/259/214 192/192/214
f 194/196/215 257/260/216 193/195/216
f 194/196/215 259/261/217 258/262/215
f 196/198/218 259/261/217 195/197/217
f 196/198/218 261/263/219 260/264/218
f 198/200/220 261/263/219 197/199/219
f 199/201/221 262/265/220 198/200/220
f 199/201/221 264/266/222 263/267/221
f 200/202/222 265/268/223 264/266/222
f 202/204/224 265/268/223 201/203/223
f 203/205/225 266/269/224 202/204/224
f 203/205/225 268/270/226 267/271/225
f 204/206/227 269/272/228 268/270/226
f 206/208/229 269/272/228 205/207/228
f 206/208/229 271/273/230 270/274/229
f 208/210/231 271/273/230 207/209/230
f 208/210/231 273/275/232 272/276/231
f 210/212/233 273/275/232 209/211/232
f 210/212/233 275/277/234 274/278/233
f 212/214/235 275/277/234 211/213/234
f 212/214/235 277/279/236 276/280/235
f 214/216/237 277/279/236 213/215/236
f 215/217/238 278/281/239 214/216/237
f 215/217/238 280/282/240 279/283/238
f 216/218/240 281/284/241 280/282/240
f 218/220/242 281/284/241 217/219/241
f 219/221/243 282/285/242 218/220/242
f 219/221/243 284/286/244 283/287/243
f 220/222/244 285/288/245 284/286/244
f 222/224/246 285/288/245 221/223/245
f 222/224/246 287/289/247 286/290/246
f 224/226/248 287/289/247 223/225/247
f 224/226/248 289/291/249 288/292/248
f 226/228/250 289/291/249 225/227/249
f 226/228/250 291/293/251 290/294/250
f 228/230/252 291/293/251 227/229/251
f 228/230/252 293/295/253 292/296/252
f 230/232/254 293/295/253 229/231/253
f 231/233/255 294/297/254 230/232/254
f 231/233/255 296/298/256 295/299/255
f 232/234/256 297/300/257 296/298/256
f 234/236/258 297/300/257 233/235/257
f 235/237/259 298/301/258 234/236/258
f 235/237/259 300/302/260 299/303/259
f 236/238/261 301/304/262 300/302/260
f 238/240/263 301/304/262 237/239/262
f 238/240/263 303/305/264 302/306/263
f 240/242/265 303/305/264 239/241/264
f 240/242/265 305/307/266 304/308/265
f 242/244/267 305/307/266 241/243/266
f 242/244/267 307/309/268 306/310/267
f 244/246/269 307/309/268 243/245/268
f 244/246/269 309/311/270 308/312/269
f 246/248/271 309/311/270 245/247/270
f 247/249/272 310/313/273 246/248/271
f 247/249/272 312/314/274 311/315/272
f 248/250/274 313/316/275 312/314/274
f 250/252/276 313/316/275 249/251/275
f 251/253/277 314/317/276 250/252/276
f 251/253/277 316/318/278 315/319/277
f 252/254/278 317/320/279 316/318/278
f 254/256/280 317/320/279 253/255/279
f 254/256/280 319/321/281 318/322/280
f 256/259/282 319/321/281 255/257/281
f 256/259/282 257/323/216 320/324/282
s 0
f 33/325/283 17/326/283 1/327/283
f 272/328/284 288/329/284 304/330/284
s 1
f 321/331/285 386/332/286 385/333/285
f 323/334/287 386/332/286 322/335/286
f 324/336/288 387/337/287 323/334/287
f 325/338/289 388/339/290 324/336/288
f 326/340/291 389/341/292 325/338/289
f 326/340/291 391/342/293 390/343/291
f 327/344/293 392/345/294 391/342/293
f 328/346/294 393/347/295 392/345/294
f 330/348/296 393/347/295 329/349/295
f 331/350/297 394/351/298 330/348/296
f 332/352/299 395/353/300 331/350/297
f 332/352/299 397/354/301 396/355/299
f 333/356/301 398/357/302 397/354/301
f 334/358/302 399/359/303 398/357/302
f 335/360/303 400/361/304 399/359/303
f 337/362/305 400/361/304 336/363/304
f 337/362/305 402/364/306 401/365/305
f 339/366/307 402/364/306 338/367/306
f 340/368/308 403/369/307 339/366/307
f 341/370/309 404/371/308 340/368/308
f 342/372/310 405/373/309 341/370/309
f 342/372/310 407/374/311 406/375/310
f 343/376/312 408/377/313 407/374/311
f 344/378/314 409/379/315 408/377/313
f 346/380/316 409/379/315 345/381/315
f 347/382/317 410/383/316 346/380/316
f 348/384/318 411/385/317 347/382/317
f 348/384/318 413/386/319 412/387/318
f 349/388/320 414/389/321 413/386/319
f 350/390/322 415/391/323 414/389/321
f 351/392/323 416/393/324 415/391/323
f 353/394/325 416/393/324 352/395/324
f 353/394/325 418/396/326 417/397/325
f 355/398/327 418/396/326 354/399/326
f 356/400/328 419/401/327 355/398/327
f 357/402/329 420/403/330 356/400/328
f 358/404/331 421/405/332 357/402/329
f 358/404/331 423/406/333 422/407/331
f 359/408/333 424/409/334 423/406/333
f 360/410/334 425/411/335 424/409/334
f 362/412/336 425/411/335 361/413/335
f 363/414/337 426/415/338 362/412/336
f 364/416/339 427/417/340 363/414/337
f 364/416/339 429/418/341 428/419/339
f 365/420/341 430/421/342 429/418/341
f 366/422/342 431/423/343 430/421/342
f 367/424/343 432/425/344 431/423/343
f 369/426/345 432/425/344 368/427/344
f 369/426/345 434/428/346 433/429/345
f 371/430/347 434/428/346 370/431/346
f 372/432/348 435/433/347 371/430/347
f 373/434/349 436/435/348 372/432/348
f 374/436/350 437/437/349 373/434/349
f 374/436/350 439/438/351 438/439/350
f 375/440/352 440/441/353 439/438/351
f 376/442/354 441/443/355 440/441/353
f 378/444/356 441/443/355 377/445/355
f 379/446/357 442/447/356 378/444/356
f 380/448/358 443/449/357 379/446/357
f 380/448/358 445/450/359 444/451/358
f 381/452/360 446/453/361 445/450/359
f 382/454/362 447/455/363 446/453/361
f 383/456/363 448/457/364 447/455/363
f 321/458/285 448/457/364 384/459/364
f 386/332/151 449/460/152 385/333/152
f 387/337/153 450/461/151 386/332/151
f 388/339/154 451/462/153 387/337/153
f 389/341/155 452/463/154 388/339/154
f 390/343/156 453/464/155 389/341/155
f 391/342/157 454/465/156 390/343/156
f 392/345/158 455/466/157 391/342/157
f 393/347/159 456/467/158 392/345/158
f 394/351/160 457/468/159 393/347/159
f 395/353/161 458/469/160 394/351/160
f 396/355/162 459/470/161 395/353/161
f 397/354/163 460/471/162 396/355/162
f 398/357/164 461/472/163 397/354/163
f 399/359/165 462/473/164 398/357/164
f 400/361/166 463/474/165 399/359/165
f 401/365/167 464/475/166 400/361/166
f 402/364/168 465/476/167 401/365/167
f 403/369/169 466/477/168 402/364/168
f 404/371/170 467/478/169 403/369/169
f 405/373/171 468/479/170 404/371/170
f 406/375/172 469/480/171 405/373/171
f 407/374/173 470/481/172 406/375/172
f 408/377/174 471/482/173 407/374/173
f 409/379/175 472/483/174 408/377/174
f 410/383/176 473/484/175 409/379/175
f 411/385/177 474/485/176 410/383/176
f 412/387/178 475/486/177 411/385/177
f 413/386/179 476/487/178 412/387/178
f 414/389/180 477/488/179 413/386/179
f 415/391/181 478/489/180 414/389/180
f 416/393/182 479/490/181 415/391/181
f 417/397/183 480/491/182 416/393/182
f 418/396/184 481/492/183 417/397/183
f 419/401/185 482/493/184 418/396/184
f 420/403/186 483/494/185 419/401/185
f 421/405/187 484/495/186 420/403/186
f 422/407/188 485/496/187 421/405/187
f 423/406/189 486/497/188 422/407/188
f 424/409/190 487/498/189 423/406/189
f 425/411/191 488/499/190 424/409/190
f 426/415/192 489/500/191 425/411/191
f 427/417/193 490/501/192 426/415/192
f 428/419/194 491/502/193 427/417/193
f 429/418/195 492/503/194 428/419/194
f 430/421/196 493/504/195 429/418/195
f 431/423/197 494/505/196 430/421/196
f 432/425/198 495/506/197 431/423/197
f 433/429/199 496/507/198 432/425/198
f 434/428/200 497/508/199 433/429/199
f 435/433/201 498/509/200 434/428/200
f 436/435/202 499/510/201 435/433/201
f 437/437/203 500/511/202 436/435/202
f 438/439/204 501/512/203 437/437/203
f 439/438/205 502/513/204 438/439/204
f 440/441/206 503/514/205 439/438/205
f 441/443/207 504/515/206 440/441/206
f 442/447/208 505/516/207 441/443/207
f 443/449/209 506/517/208 442/447/208
f 444/451/210 507/518/209 443/449/209
f 445/450/211 508/519/210 444/451/210
f 446/453/212 509/520/211 445/450/211
f 447/455/213 510/521/212 446/453/212
f 448/457/214 511/522/213 447/455/213
f 385/523/152 512/524/214 448/457/214
f 450/461/365 513/525/366 449/460/366
f 450/461/365 515/526/367 514/527/365
f 451/462/367 516/528/368 515/526/367
f 452/463/368 517/529/369 516/528/368
f 453/464/369 518/530/370 517/529/369
f 455/466/371 518/530/370 454/465/372
f 456/467/373 519/531/371 455/466/371
f 457/468/374 520/532/373 456/467/373
f 457/468/374 522/533/375 521/534/374
f 458/469/376 523/535/377 522/533/375
f 459/470/377 524/536/378 523/535/377
f 461/472/379 524/536/378 460/471/378
f 462/473/380 525/537/379 461/472/379
f 463/474/381 526/538/380 462/473/380
f 464/475/382 527/539/381 463/474/381
f 464/475/382 529/540/383 528/541/382
f 466/477/384 529/540/383 465/476/383
f 466/477/384 531/542/385 530/543/384
f 467/478/385 532/544/386 531/542/385
f 468/479/386 533/545/387 532/544/386
f 469/480/387 534/546/388 533/545/387
f 471/482/389 534/546/388 470/481/388
f 472/483/390 535/547/389 471/482/389
f 473/484/391 536/548/392 472/483/390
f 473/484/391 538/549/393 537/550/391
f 474/485/393 539/551/394 538/549/393
f 475/486/394 540/552/395 539/551/394
f 477/488/396 540/552/395 476/487/397
f 478/489/398 541/553/396 477/488/396
f 479/490/399 542/554/398 478/489/398
f 480/491/400 543/555/399 479/490/399
f 480/491/400 545/556/401 544/557/400
f 482/493/402 545/556/401 481/492/401
f 482/493/402 547/558/403 546/559/402
f 483/494/403 548/560/404 547/558/403
f 484/495/404 549/561/405 548/560/404
f 485/496/405 550/562/406 549/561/405
f 487/498/407 550/562/406 486/497/408
f 488/499/409 551/563/407 487/498/407
f 489/500/410 552/564/409 488/499/409
f 489/500/410 554/565/411 553/566/410
f 490/501/412 555/567/413 554/565/411
f 491/502/413 556/568/414 555/567/413
f 493/504/415 556/568/414 492/503/414
f 494/505/416 557/569/415 493/504/415
f 495/506/417 558/570/416 494/505/416
f 496/507/418 559/571/417 495/506/417
f 496/507/418 561/572/419 560/573/418
f 498/509/420 561/572/419 497/508/419
f 498/509/420 563/574/421 562/575/420
f 499/510/421 564/576/422 563/574/421
f 500/511/422 565/577/423 564/576/422
f 501/512/423 566/578/424 565/577/423
f 503/514/425 566/578/424 502/513/424
f 504/515/426 567/579/425 503/514/425
f 505/516/427 568/580/428 504/515/426
f 505/516/427 570/581/429 569/582/427
f 506/517/429 571/583/430 570/581/429
f 507/518/430 572/584/431 571/583/430
f 509/520/432 572/584/431 508/519/433
f 510/521/434 573/585/432 509/520/432
f 511/522/435 574/586/434 510/521/434
f 512/524/436 575/587/435 511/522/435
f 512/524/436 513/588/366 576/589/436
f 514/527/437 577/590/438 513/525/438
f 514/527/437 579/591/439 578/592/437
f 516/528/440 579/591/439 515/526/439
f 516/528/440 581/593/441 580/594/440
f 518/530/442 581/593/441 517/529/441
f 519/531/443 582/595/442 518/530/442
f 519/531/443 584/596/444 583/597/445
f 521/534/446 584/596/444 520/532/444
f 522/533/447 585/598/446 521/534/446
f 523/535/448 586/599/447 522/533/447
f 523/535/448 588/600/449 587/601/448
f 524/536/449 589/602/450 588/600/449
f 526/538/451 589/602/450 525/537/450
f 526/538/451 591/603/452 590/604/451
f 528/541/453 591/603/452 527/539/452
f 528/541/453 593/605/454 592/606/453
f 530/543/455 593/605/454 529/540/454
f 530/543/455 595/607/456 594/608/455
f 532/544/457 595/607/456 531/542/456
f 532/544/457 597/609/458 596/610/457
f 534/546/459 597/609/458 533/545/458
f 535/547/460 598/611/459 534/546/459
f 535/547/460 600/612/461 599/613/460
f 537/550/462 600/612/461 536/548/461
f 538/549/463 601/614/462 537/550/462
f 539/551/464 602/615/463 538/549/463
f 539/551/464 604/616/465 603/617/466
f 540/552/465 605/618/467 604/616/465
f 542/554/468 605/618/467 541/553/467
f 542/554/468 607/619/469 606/620/468
f 544/557/470 607/619/469 543/555/469
f 544/557/470 609/621/471 608/622/470
f 546/559/472 609/621/471 545/556/471
f 546/559/472 611/623/473 610/624/472
f 548/560/474 611/623/473 547/558/473
f 548/560/474 613/625/475 612/626/474
f 550/562/476 613/625/475 549/561/475
f 551/563/477 614/627/476 550/562/476
f 551/563/477 616/628/478 615/629/479
f 553/566/480 616/628/478 552/564/478
f 554/565/481 617/630/480 553/566/480
f 555/567/482 618/631/481 554/565/481
f 555/567/482 620/632/483 619/633/482
f 556/568/483 621/634/484 620/632/483
f 558/570/485 621/634/484 557/569/484
f 558/570/485 623/635/486 622/636/485
f 560/573/487 623/635/486 559/571/486
f 560/573/487 625/637/488 624/638/487
f 562/575/489 625/637/488 561/572/488
f 562/575/489 627/639/490 626/640/489
f 564/576/491 627/639/490 563/574/490
f 564/576/491 629/641/492 628/642/491
f 566/578/493 629/641/492 565/577/492
f 567/579/494 630/643/493 566/578/493
f 567/579/494 632/644/495 631/645/494
f 569/582/496 632/644/495 568/580/495
f 570/581/497 633/646/496 569/582/496
f 571/583/498 634/647/497 570/581/497
f 571/583/498 636/648/499 635/649/500
f 572/584/499 637/650/501 636/648/499
f 574/586/502 637/650/501 573/585/501
f 574/586/502 639/651/503 638/652/502
f 576/589/504 639/651/503 575/587/503
f 576/589/504 577/653/438 640/654/504
f 578/592/151 641/655/152 577/590/152
f 579/591/153 642/656/151 578/592/151
f 580/594/154 643/657/153 579/591/153
f 581/593/155 644/658/154 580/594/154
f 582/595/156 645/659/155 581/593/155
f 583/597/157 646/660/156 582/595/156
f 584/596/158 647/661/157 583/597/157
f 585/598/159 648/662/158 584/596/158
f 586/599/160 649/663/159 585/598/159
f 587/601/161 650/664/160 586/599/160
f 588/600/162 651/665/161 587/601/161
f 589/602/163 652/666/162 588/600/162
f 590/604/164 653/667/163 589/602/163
f 591/603/165 654/668/164 590/604/164
f 592/606/166 655/669/165 591/603/165
f 593/605/167 656/670/166 592/606/166
f 594/608/168 657/671/167 593/605/167
f 595/607/169 658/672/168 594/608/168
f 596/610/170 659/673/169 595/607/169
f 597/609/171 660/674/170 596/610/170
f 598/611/172 661/675/171 597/609/171
f 599/613/173 662/676/172 598/611/172
f 600/612/174 663/677/173 599/613/173
f 601/614/175 664/678/174 600/612/174
f 602/615/176 665/679/175 601/614/175
f 603/617/177 666/680/176 602/615/176
f 604/616/178 667/681/177 603/617/177
f 605/618/179 668/682/178 604/616/178
f 606/620/180 669/683/179 605/618/179
f 607/619/181 670/684/180 606/620/180
f 608/622/182 671/685/181 607/619/181
f 609/621/183 672/686/182 608/622/182
f 610/624/184 673/687/183 609/621/183
f 611/623/185 674/688/184 610/624/184
f 612/626/186 675/689/185 611/623/185
f 613/625/187 676/690/186 612/626/186
f 614/627/188 677/691/187 613/625/187
f 615/629/189 678/692/188 614/627/188
f 616/628/190 679/693/189 615/629/189
f 617/630/191 680/694/190 616/628/190
f 618/631/192 681/695/191 617/630/191
f 619/633/193 682/696/192 618/631/192
f 620/632/194 683/697/193 619/633/193
f 621/634/195 684/698/194 620/632/194
f 622/636/196 685/699/195 621/634/195
f 623/635/197 686/700/196 622/636/196
f 624/638/198 687/701/197 623/635/197
f 625/637/199 688/702/198 624/638/198
f 626/640/200 689/703/199 625/637/199
f 627/639/201 690/704/200 626/640/200
f 628/642/202 691/705/201 627/639/201
f 629/641/203 692/706/202 628/642/202
f 630/643/204 693/707/203 629/641/203
f 631/645/205 694/708/204 630/643/204
f 632/644/206 695/709/205 631/645/205
f 633/646/207 696/710/206 632/644/206
f 634/647/208 697/711/207 633/646/207
f 635/649/209 698/712/208 634/647/208
f 636/648/210 699/713/209 635/649/209
f 637/650/211 700/714/210 636/648/210
f 638/652/212 701/715/211 637/650/211
f 639/651/213 702/716/212 638/652/212
f 640/654/214 703/717/213 639/651/213
f 577/653/152 704/718/214 640/654/214
f 641/655/77 706/719/78 705/720/77
f 643/657/505 706/719/78 642/656/78
f 643/657/505 708/721/80 707/722/505
f 645/659/81 708/721/80 644/658/80
f 645/659/81 710/723/82 709/724/81
f 646/660/82 711/725/84 710/723/82
f 648/662/85 711/725/84 647/661/84
f 649/663/87 712/726/85 648/662/85
f 650/664/88 713/727/87 649/663/87
f 650/664/88 715/728/89 714/729/88
f 652/666/90 715/728/89 651/665/89
f 653/667/91 716/730/90 652/666/90
f 653/667/91 718/731/92 717/732/91
f 655/669/93 718/731/92 654/668/92
f 655/669/93 720/733/94 719/734/93
f 657/671/95 720/733/94 656/670/94
f 657/671/95 722/735/96 721/736/95
f 659/673/97 722/735/96 658/672/96
f 659/673/97 724/737/98 723/738/97
f 661/675/99 724/737/98 660/674/98
f 661/675/99 726/739/100 725/740/99
f 662/676/100 727/741/101 726/739/100
f 664/678/102 727/741/101 663/677/101
f 665/679/103 728/742/102 664/678/102
f 666/680/104 729/743/103 665/679/103
f 666/680/104 731/744/106 730/745/104
f 668/682/107 731/744/106 667/681/106
f 669/683/109 732/746/107 668/682/107
f 669/683/109 734/747/110 733/748/109
f 671/685/506 734/747/110 670/684/110
f 671/685/506 736/749/113 735/750/506
f 673/687/114 736/749/113 672/686/113
f 673/687/114 738/751/115 737/752/114
f 675/689/507 738/751/115 674/688/115
f 675/689/507 740/753/117 739/754/507
f 677/691/118 740/753/117 676/690/117
f 677/691/118 742/755/119 741/756/118
f 678/692/119 743/757/121 742/755/119
f 680/694/122 743/757/121 679/693/121
f 681/695/124 744/758/122 680/694/122
f 682/696/125 745/759/124 681/695/124
f 682/696/125 747/760/126 746/761/125
f 684/698/127 747/760/126 683/697/126
f 685/699/128 748/762/127 684/698/127
f 685/699/128 750/763/129 749/764/128
f 687/701/130 750/763/129 686/700/129
f 687/701/130 752/765/131 751/766/130
f 689/703/132 752/765/131 688/702/131
f 689/703/132 754/767/133 753/768/132
f 691/705/134 754/767/133 690/704/133
f 691/705/134 756/769/135 755/770/134
f 693/707/136 756/769/135 692/706/135
f 693/707/136 758/771/137 757/772/136
f 694/708/137 759/773/138 758/771/137
f 696/710/139 759/773/138 695/709/138
f 697/711/140 760/774/139 696/710/139
f 698/712/141 761/775/140 697/711/140
f 698/712/141 763/776/143 762/777/141
f 700/714/144 763/776/143 699/713/143
f 701/715/146 764/778/144 700/714/144
f 701/715/146 766/779/147 765/780/146
f 703/717/508 766/779/147 702/716/147
f 703/717/508 768/781/150 767/782/508
f 641/783/77 768/781/150 704/718/150
f 705/720/509 770/784/510 769/785/509
f 707/722/511 770/784/510 706/719/510
f 708/721/512 771/786/511 707/722/511
f 709/724/513 772/787/512 708/721/512
f 710/723/514 773/788/513 709/724/513
f 710/723/514 775/789/515 774/790/514
f 711/725/515 776/791/516 775/789/515
f 712/726/517 777/792/518 776/791/516
f 714/729/519 777/792/518 713/727/518
f 715/728/520 778/793/519 714/729/519
f 716/730/521 779/794/520 715/728/520
f 716/730/521 781/795/522 780/796/521
f 717/732/522 782/797/523 781/795/522
f 718/731/523 783/798/524 782/797/523
f 719/734/524 784/799/525 783/798/524
f 721/736/526 784/799/525 720/733/525
f 721/736/526 786/800/527 785/801/526
f 723/738/528 786/800/527 722/735/527
f 724/737/529 787/802/528 723/738/528
f 725/740/530 788/803/529 724/737/529
f 726/739/531 789/804/530 725/740/530
f 726/739/531 791/805/532 790/806/531
f 727/741/532 792/807/533 791/805/532
f 728/742/533 793/808/534 792/807/533
f 730/745/535 793/808/534 729/743/534
f 731/744/536 794/809/537 730/745/535
f 732/746/538 795/810/536 731/744/536
f 732/746/538 797/811/539 796/812/538
f 733/748/539 798/813/540 797/811/539
f 734/747/540 799/814/541 798/813/540
f 735/750/541 800/815/542 799/814/541
f 737/752/543 800/815/542 736/749/542
f 737/752/543 802/816/544 801/817/543
f 739/754/545 802/816/544 738/751/544
f 740/753/546 803/818/545 739/754/545
f 741/756/547 804/819/546 740/753/546
f 742/755/548 805/820/547 741/756/547
f 742/755/548 807/821/549 806/822/548
f 743/757/549 808/823/550 807/821/549
f 744/758/551 809/824/552 808/823/550
f 746/761/553 809/824/552 745/759/552
f 747/760/554 810/825/553 746/761/553
f 748/762/555 811/826/554 747/760/554
f 748/762/555 813/827/556 812/828/555
f 749/764/556 814/829/557 813/827/556
f 750/763/557 815/830/558 814/829/557
f 751/766/558 816/831/559 815/830/558
f 753/768/560 816/831/559 752/765/559
f 753/768/560 818/832/561 817/833/560
f 755/770/562 818/832/561 754/767/561
f 756/769/563 819/834/562 755/770/562
f 757/772/564 820/835/563 756/769/563
f 758/771/565 821/836/564 757/772/564
f 758/771/565 823/837/566 822/838/565
f 759/773/566 824/839/567 823/837/566
f 760/774/567 825/840/568 824/839/567
f 762/777/569 825/840/568 761/775/568
f 763/776/570 826/841/571 762/777/569
f 764/778/572 827/842/570 763/776/570
f 764/778/572 829/843/573 828/844/572
f 765/780/573 830/845/574 829/843/573
f 766/779/574 831/846/575 830/845/574
f 767/782/575 832/847/576 831/846/575
f 705/848/509 832/847/576 768/781/576
f 770/784/151 833/849/152 769/785/152
f 771/786/153 834/850/151 770/784/151
f 772/787/154 835/851/153 771/786/153
f 773/788/155 836/852/154 772/787/154
f 774/790/156 837/853/155 773/788/155
f 775/789/157 838/854/156 774/790/156
f 776/791/158 839/855/157 775/789/157
f 777/792/159 840/856/158 776/791/158
f 778/793/160 841/857/159 777/792/159
f 779/794/161 842/858/160 778/793/160
f 780/796/162 843/859/161 779/794/161
f 781/795/163 844/860/162 780/796/162
f 782/797/164 845/861/163 781/795/163
f 783/798/165 846/862/164 782/797/164
f 784/799/166 847/863/165 783/798/165
f 785/801/167 848/864/166 784/799/166
f 786/800/168 849/865/167 785/801/167
f 787/802/169 850/866/168 786/800/168
f 788/803/170 851/867/169 787/802/169
f 789/804/171 852/868/170 788/803/170
f 790/806/172 853/869/171 789/804/171
f 791/805/173 854/870/172 790/806/172
f 792/807/174 855/871/173 791/805/173
f 793/808/175 856/872/174 792/807/174
f 794/809/176 857/873/175 793/808/175
f 795/810/177 858/874/176 794/809/176
f 796/812/178 859/875/177 795/810/177
f 797/811/179 860/876/178 796/812/178
f 798/813/180 861/877/179 797/811/179
f 799/814/181 862/878/180 798/813/180
f 800/815/182 863/879/181 799/814/181
f 801/817/183 864/880/182 800/815/182
f 802/816/184 865/881/183 801/817/183
f 803/818/185 866/882/184 802/816/184
f 804/819/186 867/883/185 803/818/185
f 805/820/187 868/884/186 804/819/186
f 806/822/188 869/885/187 805/820/187
f 807/821/189 870/886/188 806/822/188
f 808/823/190 871/887/189 807/821/189
f 809/824/191 872/888/190 808/823/190
f 810/825/192 873/889/191 809/824/191
f 811/826/193 874/890/192 810/825/192
f 812/828/194 875/891/193 811/826/193
f 813/827/195 876/892/194 812/828/194
f 814/829/196 877/893/195 813/827/195
f 815/830/197 878/894/196 814/829/196
f 816/831/198 879/895/197 815/830/197
f 817/833/199 880/896/198 816/831/198
f 818/832/200 881/897/199 817/833/199
f 819/834/201 882/898/200 818/832/200
f 820/835/202 883/899/201 819/834/201
f 821/836/203 884/900/202 820/835/202
f 822/838/204 885/901/203 821/836/203
f 823/837/205 886/902/204 822/838/204
f 824/839/206 887/903/205 823/837/205
f 825/840/207 888/904/206 824/839/206
f 826/841/208 889/905/207 825/840/207
f 827/842/209 890/906/208 826/841/208
f 828/844/210 891/907/209 827/842/209
f 829/843/211 892/908/210 828/844/210
f 830/845/212 893/909/211 829/843/211
f 831/846/213 894/910/212 830/845/212
f 832/847/214 895/911/213 831/846/213
f 769/912/152 896/913/214 832/847/214
f 833/849/438 898/914/437 897/915/438
f 835/851/439 898/914/437 834/850/437
f 835/851/439 900/916/440 899/917/439
f 837/853/441 900/916/440 836/852/440
f 837/853/441 902/918/442 901/919/441
f 839/855/577 902/918/442 838/854/442
f 840/856/444 903/920/443 839/855/577
f 841/857/446 904/921/444 840/856/444
f 841/857/446 906/922/447 905/923/446
f 842/858/447 907/924/448 906/922/447
f 843/859/448 908/925/449 907/924/448
f 845/861/450 908/925/449 844/860/449
f 845/861/450 910/926/451 909/927/450
f 847/863/578 910/926/451 846/862/451
f 847/863/578 912/928/453 911/929/578
f 849/865/454 912/928/453 848/864/453
f 849/865/454 914/930/455 913/931/454
f 851/867/579 914/930/455 850/866/455
f 851/867/579 916/932/457 915/933/579
f 853/869/458 916/932/457 852/868/457
f 853/869/458 918/934/459 917/935/458
f 855/871/460 918/934/459 854/870/459
f 856/872/461 919/936/460 855/871/460
f 857/873/462 920/937/461 856/872/461
f 857/873/462 922/938/463 921/939/462
f 858/874/463 923/940/464 922/938/463
f 859/875/580 924/941/465 923/940/464
f 861/877/467 924/941/465 860/876/465
f 861/877/467 926/942/468 925/943/467
f 863/879/469 926/942/468 862/878/468
f 863/879/469 928/944/470 927/945/469
f 865/881/471 928/944/470 864/880/470
f 865/881/471 930/946/472 929/947/471
f 867/883/473 930/946/472 866/882/472
f 867/883/473 932/948/474 931/949/473
f 869/885/475 932/948/474 868/884/474
f 869/885/475 934/950/476 933/951/475
f 871/887/581 934/950/476 870/886/476
f 872/888/478 935/952/477 871/887/581
f 873/889/480 936/953/478 872/888/478
f 873/889/480 938/954/481 937/955/480
f 874/890/481 939/956/482 938/954/481
f 875/891/482 940/957/483 939/956/482
f 877/893/484 940/957/483 876/892/483
f 877/893/484 942/958/485 941/959/484
f 879/895/582 942/958/485 878/894/485
f 879/895/582 944/960/487 943/961/582
f 881/897/488 944/960/487 880/896/487
f 881/897/488 946/962/489 945/963/488
f 883/899/583 946/962/489 882/898/489
f 883/899/583 948/964/491 947/965/583
f 885/901/492 948/964/491 884/900/491
f 885/901/492 950/966/493 949/967/492
f 887/903/494 950/966/493 886/902/493
f 888/904/495 951/968/494 887/903/494
f 889/905/496 952/969/495 888/904/495
f 889/905/496 954/970/497 953/971/496
f 890/906/497 955/972/498 954/970/497
f 891/907/584 956/973/499 955/972/498
f 893/909/501 956/973/499 892/908/499
f 893/909/501 958/974/502 957/975/501
f 895/911/503 958/974/502 894/910/502
f 895/911/503 960/976/504 959/977/503
f 833/978/438 960/976/504 896/913/504
s 0
f 353/979/283 337/980/283 321/981/283
f 952/982/284 960/983/284 928/984/284
s 1
f 962/985/585 1025/986/586 961/987/586
f 962/985/585 1027/988/587 1026/989/585
f 964/990/588 1027/988/587 963/991/587
f 964/990/588 1029/992/589 1028/993/588
f 965/994/589 1030/995/590 1029/992/589
f 967/996/591 1030/995/590 966/997/590
f 967/996/591 1032/998/592 1031/999/591
f 968/1000/592 1033/1001/593 1032/998/592
f 970/1002/594 1033/1001/593 969/1003/593
f 971/1004/595 1034/1005/594 970/1002/594
f 971/1004/595 1036/1006/596 1035/1007/595
f 973/1008/597 1036/1006/596 972/1009/596
f 974/1010/598 1037/1011/597 973/1008/597
f 974/1010/598 1039/1012/599 1038/1013/598
f 976/1014/600 1039/1012/599 975/1015/599
f 976/1014/600 1041/1016/601 1040/1017/600
f 978/1018/602 1041/1016/601 977/1019/601
f 978/1018/602 1043/1020/603 1042/1021/602
f 980/1022/604 1043/1020/603 979/1023/603
f 980/1022/604 1045/1024/605 1044/1025/604
f 981/1026/605 1046/1027/606 1045/1024/605
f 983/1028/607 1046/1027/606 982/1029/606
f 983/1028/607 1048/1030/608 1047/1031/607
f 984/1032/608 1049/1033/609 1048/1030/608
f 986/1034/610 1049/1033/609 985/1035/609
f 987/1036/611 1050/1037/610 986/1034/610
f 987/1036/611 1052/1038/612 1051/1039/611
f 989/1040/613 1052/1038/612 988/1041/612
f 990/1042/614 1053/1043/613 989/1040/613
f 990/1042/614 1055/1044/615 1054/1045/614
f 992/1046/616 1055/1044/615 991/1047/615
f 992/1046/616 1057/1048/617 1056/1049/616
f 994/1050/618 1057/1048/617 993/1051/617
f 994/1050/618 1059/1052/619 1058/1053/618
f 996/1054/620 1059/1052/619 995/1055/619
f 996/1054/620 1061/1056/621 1060/1057/620
f 997/1058/621 1062/1059/622 1061/1056/621
f 999/1060/623 1062/1059/622 998/1061/622
f 999/1060/623 1064/1062/624 1063/1063/623
f 1000/1064/624 1065/1065/625 1064/1062/624
f 1002/1066/626 1065/1065/625 1001/1067/625
f 1003/1068/627 1066/1069/626 1002/1066/626
f 1003/1068/627 1068/1070/628 1067/1071/627
f 1005/1072/629 1068/1070/628 1004/1073/628
f 1006/1074/630 1069/1075/629 1005/1072/629
f 1006/1074/630 1071/1076/631 1070/1077/630
f 1008/1078/632 1071/1076/631 1007/1079/631
f 1008/1078/632 1073/1080/633 1072/1081/632
f 1010/1082/634 1073/1080/633 1009/1083/633
f 1010/1082/634 1075/1084/635 1074/1085/634
f 1012/1086/636 1075/1084/635 1011/1087/635
f 1012/1086/636 1077/1088/637 1076/1089/636
f 1013/1090/637 1078/1091/638 1077/1088/637
f 1015/1092/639 1078/1091/638 1014/1093/638
f 1015/1092/639 1080/1094/640 1079/1095/639
f 1016/1096/640 1081/1097/641 1080/1094/640
f 1018/1098/642 1081/1097/641 1017/1099/641
f 1019/1100/643 1082/1101/642 1018/1098/642
f 1019/1100/643 1084/1102/644 1083/1103/643
f 1021/1104/645 1084/1102/644 1020/1105/644
f 1022/1106/646 1085/1107/645 1021/1104/645
f 1022/1106/646 1087/1108/647 1086/1109/646
f 1024/1110/648 1087/1108/647 1023/1111/647
f 1024/1110/648 1025/1112/586 1088/1113/648
f 1026/989/151 1089/1114/152 1025/986/152
f 1027/988/153 1090/1115/151 1026/989/151
f 1028/993/154 1091/1116/153 1027/988/153
f 1029/992/155 1092/1117/154 1028/993/154
f 1030/995/156 1093/1118/155 1029/992/155
f 1031/999/157 1094/1119/156 1030/995/156
f 1032/998/158 1095/1120/157 1031/999/157
f 1033/1001/159 1096/1121/158 1032/998/158
f 1034/1005/160 1097/1122/159 1033/1001/159
f 1035/1007/161 1098/1123/160 1034/1005/160
f 1036/1006/162 1099/1124/161 1035/1007/161
f 1037/1011/163 1100/1125/162 1036/1006/162
f 1038/1013/164 1101/1126/163 1037/1011/163
f 1039/1012/165 1102/1127/164 1038/1013/164
f 1040/1017/166 1103/1128/165 1039/1012/165
f 1041/1016/167 1104/1129/166 1040/1017/166
f 1042/1021/168 1105/1130/167 1041/1016/167
f 1043/1020/169 1106/1131/168 1042/1021/168
f 1044/1025/170 1107/1132/169 1043/1020/169
f 1045/1024/171 1108/1133/170 1044/1025/170
f 1046/1027/172 1109/1134/171 1045/1024/171
f 1047/1031/173 1110/1135/172 1046/1027/172
f 1048/1030/174 1111/1136/173 1047/1031/173
f 1049/1033/175 1112/1137/174 1048/1030/174
f 1050/1037/176 1113/1138/175 1049/1033/175
f 1051/1039/177 1114/1139/176 1050/1037/176
f 1052/1038/178 1115/1140/177 1051/1039/177
f 1053/1043/179 1116/1141/178 1052/1038/178
f 1054/1045/180 1117/1142/179 1053/1043/179
f 1055/1044/181 1118/1143/180 1054/1045/180
f 1056/1049/182 1119/1144/181 1055/1044/181
f 1057/1048/183 1120/1145/182 1056/1049/182
f 1058/1053/184 1121/1146/183 1057/1048/183
f 1059/1052/185 1122/1147/184 1058/1053/184
f 1060/1057/186 1123/1148/185 1059/1052/185
f 1061/1056/187 1124/1149/186 1060/1057/186
f 1062/1059/188 1125/1150/187 1061/1056/187
f 1063/1063/189 1126/1151/188 1062/1059/188
f 1064/1062/190 1127/1152/189 1063/1063/189
f 1065/1065/191 1128/1153/190 1064/1062/190
f 1066/1069/192 1129/1154/191 1065/1065/191
f 1067/1071/193 1130/1155/192 1066/1069/192
f 1068/1070/194 1131/1156/193 1067/1071/193
f 1069/1075/195 1132/1157/194 1068/1070/194
f 1070/1077/196 1133/1158/195 1069/1075/195
f 1071/1076/197 1134/1159/196 1070/1077/196
f 1072/1081/198 1135/1160/197 1071/1076/197
f 1073/1080/199 1136/1161/198 1072/1081/198
f 1074/1085/200 1137/1162/199 1073/1080/199
f 1075/1084/201 1138/1163/200 1074/1085/200
f 1076/1089/202 1139/1164/201 1075/1084/201
f 1077/1088/203 1140/1165/202 1076/1089/202
f 1078/1091/204 1141/1166/203 1077/1088/203
f 1079/1095/205 1142/1167/204 1078/1091/204
f 1080/1094/206 1143/1168/205 1079/1095/205
f 1081/1097/207 1144/1169/206 1080/1094/206
f 1082/1101/208 1145/1170/207 1081/1097/207
f 1083/1103/209 1146/1171/208 1082/1101/208
f 1084/1102/210 1147/1172/209 1083/1103/209
f 1085/1107/211 1148/1173/210 1084/1102/210
f 1086/1109/212 1149/1174/211 1085/1107/211
f 1087/1108/213 1150/1175/212 1086/1109/212
f 1088/1113/214 1151/1176/213 1087/1108/213
f 1025/1112/152 1152/1177/214 1088/1113/214
f 1089/1114/649 1154/1178/650 1153/1179/649
f 1091/1116/651 1154/1178/650 1090/1115/650
f 1092/1117/652 1155/1180/651 1091/1116/651
f 1093/1118/653 1156/1181/652 1092/1117/652
f 1094/1119/654 1157/1182/653 1093/1118/653
f 1094/1119/654 1159/1183/655 1158/1184/654
f 1095/1120/655 1160/1185/656 1159/1183/655
f 1097/1122/657 1160/1185/656 1096/1121/658
f 1097/1122/657 1162/1186/659 1161/1187/657
f 1099/1124/660 1162/1186/659 1098/1123/659
f 1100/1125/661 1163/1188/660 1099/1124/660
f 1100/1125/661 1165/1189/662 1164/1190/661
f 1101/1126/662 1166/1191/663 1165/1189/662
f 1102/1127/663 1167/1192/664 1166/1191/663
f 1103/1128/664 1168/1193/665 1167/1192/664
f 1105/1130/666 1168/1193/665 1104/1129/665
f 1105/1130/666 1170/1194/667 1169/1195/666
f 1107/1132/668 1170/1194/667 1106/1131/667
f 1108/1133/669 1171/1196/668 1107/1132/668
f 1109/1134/670 1172/1197/669 1108/1133/669
f 1110/1135/671 1173/1198/670 1109/1134/670
f 1110/1135/671 1175/1199/672 1174/1200/671
f 1111/1136/672 1176/1201/673 1175/1199/672
f 1113/1138/674 1176/1201/673 1112/1137/673
f 1113/1138/674 1178/1202/675 1177/1203/674
f 1115/1140/676 1178/1202/675 1114/1139/677
f 1116/1141/678 1179/1204/676 1115/1140/676
f 1116/1141/678 1181/1205/679 1180/1206/678
f 1117/1142/679 1182/1207/680 1181/1205/679
f 1118/1143/680 1183/1208/681 1182/1207/680
f 1119/1144/681 1184/1209/682 1183/1208/681
f 1121/1146/683 1184/1209/682 1120/1145/682
f 1121/1146/683 1186/1210/684 1185/1211/683
f 1123/1148/685 1186/1210/684 1122/1147/684
f 1124/1149/686 1187/1212/685 1123/1148/685
f 1125/1150/687 1188/1213/686 1124/1149/686
f 1126/1151/688 1189/1214/687 1125/1150/687
f 1126/1151/688 1191/1215/689 1190/1216/688
f 1127/1152/689 1192/1217/690 1191/1215/689
f 1129/1154/691 1192/1217/690 1128/1153/692
f 1129/1154/691 1194/1218/693 1193/1219/691
f 1131/1156/694 1194/1218/693 1130/1155/693
f 1132/1157/695 1195/1220/694 1131/1156/694
f 1132/1157/695 1197/1221/696 1196/1222/695
f 1133/1158/696 1198/1223/697 1197/1221/696
f 1134/1159/697 1199/1224/698 1198/1223/697
f 1135/1160/698 1200/1225/699 1199/1224/698
f 1137/1162/700 1200/1225/699 1136/1161/699
f 1137/1162/700 1202/1226/701 1201/1227/700
f 1139/1164/702 1202/1226/701 1138/1163/701
f 1140/1165/703 1203/1228/702 1139/1164/702
f 1141/1166/704 1204/1229/703 1140/1165/703
f 1142/1167/705 1205/1230/704 1141/1166/704
f 1142/1167/705 1207/1231/706 1206/1232/705
f 1143/1168/706 1208/1233/707 1207/1231/706
f 1145/1170/708 1208/1233/707 1144/1169/707
f 1145/1170/708 1210/1234/709 1209/1235/708
f 1147/1172/710 1210/1234/709 1146/1171/711
f 1148/1173/712 1211/1236/710 1147/1172/710
f 1148/1173/712 1213/1237/713 1212/1238/712
f 1149/1174/713 1214/1239/714 1213/1237/713
f 1150/1175/714 1215/1240/715 1214/1239/714
f 1151/1176/715 1216/1241/716 1215/1240/715
f 1089/1242/649 1216/1241/716 1152/1177/716
f 1154/1178/151 1217/1243/152 1153/1179/152
f 1155/1180/153 1218/1244/151 1154/1178/151
f 1156/1181/154 1219/1245/153 1155/1180/153
f 1157/1182/155 1220/1246/154 1156/1181/154
f 1158/1184/156 1221/1247/155 1157/1182/155
f 1159/1183/157 1222/1248/156 1158/1184/156
f 1160/1185/158 1223/1249/157 1159/1183/157
f 1161/1187/159 1224/1250/158 1160/1185/158
f 1162/1186/160 1225/1251/159 1161/1187/159
f 1163/1188/161 1226/1252/160 1162/1186/160
f 1164/1190/162 1227/1253/161 1163/1188/161
f 1165/1189/163 1228/1254/162 1164/1190/162
f 1166/1191/164 1229/1255/163 1165/1189/163
f 1167/1192/165 1230/1256/164 1166/1191/164
f 1168/1193/166 1231/1257/165 1167/1192/165
f 1169/1195/167 1232/1258/166 1168/1193/166
f 1170/1194/168 1233/1259/167 1169/1195/167
f 1171/1196/169 1234/1260/168 1170/1194/168
f 1172/1197/170 1235/1261/169 1171/1196/169
f 1173/1198/171 1236/1262/170 1172/1197/170
f 1174/1200/172 1237/1263/171 1173/1198/171
f 1175/1199/173 1238/1264/172 1174/1200/172
f 1176/1201/174 1239/1265/173 1175/1199/173
f 1177/1203/175 1240/1266/174 1176/1201/174
f 1178/1202/176 1241/1267/175 1177/1203/175
f 1179/1204/177 1242/1268/176 1178/1202/176
f 1180/1206/178 1243/1269/177 1179/1204/177
f 1181/1205/179 1244/1270/178 1180/1206/178
f 1182/1207/180 1245/1271/179 1181/1205/179
f 1183/1208/181 1246/1272/180 1182/1207/180
f 1184/1209/182 1247/1273/181 1183/1208/181
f 1185/1211/183 1248/1274/182 1184/1209/182
f 1186/1210/184 1249/1275/183 1185/1211/183
f 1187/1212/185 1250/1276/184 1186/1210/184
f 1188/1213/186 1251/1277/185 1187/1212/185
f 1189/1214/187 1252/1278/186 1188/1213/186
f 1190/1216/188 1253/1279/187 1189/1214/187
f 1191/1215/189 1254/1280/188 1190/1216/188
f 1192/1217/190 1255/1281/189 1191/1215/189
f 1193/1219/191 1256/1282/190 1192/1217/190
f 1194/1218/192 1257/1283/191 1193/1219/191
f 1195/1220/193 1258/1284/192 1194/1218/192
f 1196/1222/194 1259/1285/193 1195/1220/193
f 1197/1221/195 1260/1286/194 1196/1222/194
f 1198/1223/196 1261/1287/195 1197/1221/195
f 1199/1224/197 1262/1288/196 1198/1223/196
f 1200/1225/198 1263/1289/197 1199/1224/197
f 1201/1227/199 1264/1290/198 1200/1225/198
f 1202/1226/200 1265/1291/199 1201/1227/199
f 1203/1228/201 1266/1292/200 1202/1226/200
f 1204/1229/202 1267/1293/201 1203/1228/201
f 1205/1230/203 1268/1294/202 1204/1229/202
f 1206/1232/204 1269/1295/203 1205/1230/203
f 1207/1231/205 1270/1296/204 1206/1232/204
f 1208/1233/206 1271/1297/205 1207/1231/205
f 1209/1235/207 1272/1298/206 1208/1233/206
f 1210/1234/208 1273/1299/207 1209/1235/207
f 1211/1236/209 1274/1300/208 1210/1234/208
f 1212/1238/210 1275/1301/209 1211/1236/209
f 1213/1237/211 1276/1302/210 1212/1238/210
f 1214/1239/212 1277/1303/211 1213/1237/211
f 1215/1240/213 1278/1304/212 1214/1239/212
f 1216/1241/214 1279/1305/213 1215/1240/213
f 1153/1306/152 1280/1307/214 1216/1241/214
f 1217/1243/438 1282/1308/437 1281/1309/438
f 1218/1244/437 1283/1310/717 1282/1308/437
f 1220/1246/718 1283/1310/717 1219/1245/717
f 1221/1247/441 1284/1311/718 1220/1246/718
f 1221/1247/441 1286/1312/442 1285/1313/441
f 1223/1249/443 1286/1312/442 1222/1248/442
f 1224/1250/444 1287/1314/443 1223/1249/443
f 1225/1251/446 1288/1315/444 1224/1250/444
f 1225/1251/446 1290/1316/447 1289/1317/446
f 1226/1252/447 1291/1318/448 1290/1316/447
f 1227/1253/448 1292/1319/449 1291/1318/448
f 1229/1255/450 1292/1319/449 1228/1254/449
f 1229/1255/450 1294/1320/451 1293/1321/450
f 1231/1257/452 1294/1320/451 1230/1256/451
f 1232/1258/453 1295/1322/452 1231/1257/452
f 1233/1259/454 1296/1323/453 1232/1258/453
f 1233/1259/454 1298/1324/455 1297/1325/454
f 1234/1260/455 1299/1326/579 1298/1324/455
f 1236/1262/457 1299/1326/579 1235/1261/579
f 1237/1263/458 1300/1327/457 1236/1262/457
f 1238/1264/459 1301/1328/458 1237/1263/458
f 1239/1265/460 1302/1329/459 1238/1264/459
f 1240/1266/461 1303/1330/460 1239/1265/460
f 1241/1267/462 1304/1331/461 1240/1266/461
f 1241/1267/462 1306/1332/463 1305/1333/462
f 1242/1268/463 1307/1334/464 1306/1332/463
f 1243/1269/464 1308/1335/465 1307/1334/464
f 1245/1271/467 1308/1335/465 1244/1270/465
f 1245/1271/467 1310/1336/468 1309/1337/467
f 1247/1273/719 1310/1336/468 1246/1272/468
f 1248/1274/470 1311/1338/719 1247/1273/719
f 1249/1275/471 1312/1339/470 1248/1274/470
f 1249/1275/471 1314/1340/472 1313/1341/471
f 1250/1276/472 1315/1342/720 1314/1340/472
f 1252/1278/721 1315/1342/720 1251/1277/720
f 1253/1279/475 1316/1343/721 1252/1278/721
f 1253/1279/475 1318/1344/476 1317/1345/475
f 1255/1281/477 1318/1344/476 1254/1280/476
f 1256/1282/478 1319/1346/477 1255/1281/477
f 1257/1283/480 1320/1347/478 1256/1282/478
f 1257/1283/480 1322/1348/481 1321/1349/480
f 1258/1284/481 1323/1350/482 1322/1348/481
f 1259/1285/482 1324/1351/483 1323/1350/482
f 1261/1287/484 1324/1351/483 1260/1286/483
f 1261/1287/484 1326/1352/485 1325/1353/484
f 1263/1289/486 1326/1352/485 1262/1288/485
f 1264/1290/487 1327/1354/486 1263/1289/486
f 1265/1291/488 1328/1355/487 1264/1290/487
f 1265/1291/488 1330/1356/489 1329/1357/488
f 1266/1292/489 1331/1358/583 1330/1356/489
f 1268/1294/491 1331/1358/583 1267/1293/583
f 1269/1295/492 1332/1359/491 1268/1294/491
f 1270/1296/493 1333/1360/492 1269/1295/492
f 1271/1297/494 1334/1361/493 1270/1296/493
f 1272/1298/495 1335/1362/494 1271/1297/494
f 1273/1299/496 1336/1363/495 1272/1298/495
f 1273/1299/496 1338/1364/497 1337/1365/496
f 1274/1300/497 1339/1366/498 1338/1364/497
f 1275/1301/498 1340/1367/499 1339/1366/498
f 1277/1303/501 1340/1367/499 1276/1302/499
f 1277/1303/501 1342/1368/502 1341/1369/501
f 1279/1305/722 1342/1368/502 1278/1304/502
f 1280/1307/504 1343/1370/722 1279/1305/722
f 1217/1371/438 1344/1372/504 1280/1307/504
f 1282/1308/151 1345/1373/152 1281/1309/152
f 1283/1310/153 1346/1374/151 1282/1308/151
f 1284/1311/154 1347/1375/153 1283/1310/153
f 1285/1313/155 1348/1376/154 1284/1311/154
f 1286/1312/156 1349/1377/155 1285/1313/155
f 1287/1314/157 1350/1378/156 1286/1312/156
f 1288/1315/158 1351/1379/157 1287/1314/157
f 1289/1317/159 1352/1380/158 1288/1315/158
f 1290/1316/160 1353/1381/159 1289/1317/159
f 1291/1318/161 1354/1382/160 1290/1316/160
f 1292/1319/162 1355/1383/161 1291/1318/161
f 1293/1321/163 1356/1384/162 1292/1319/162
f 1294/1320/164 1357/1385/163 1293/1321/163
f 1295/1322/165 1358/1386/164 1294/1320/164
f 1296/1323/166 1359/1387/165 1295/1322/165
f 1297/1325/167 1360/1388/166 1296/1323/166
f 1298/1324/168 1361/1389/167 1297/1325/167
f 1299/1326/169 1362/1390/168 1298/1324/168
f 1300/1327/170 1363/1391/169 1299/1326/169
f 1301/1328/171 1364/1392/170 1300/1327/170
f 1302/1329/172 1365/1393/171 1301/1328/171
f 1303/1330/173 1366/1394/172 1302/1329/172
f 1304/1331/174 1367/1395/173 1303/1330/173
f 1305/1333/175 1368/1396/174 1304/1331/174
f 1306/1332/176 1369/1397/175 1305/1333/175
f 1307/1334/177 1370/1398/176 1306/1332/176
f 1308/1335/178 1371/1399/177 1307/1334/177
f 1309/1337/179 1372/1400/178 1308/1335/178
f 1310/1336/180 1373/1401/179 1309/1337/179
f 1311/1338/181 1374/1402/180 1310/1336/180
f 1312/1339/182 1375/1403/181 1311/1338/181
f 1313/1341/183 1376/1404/182 1312/1339/182
f 1314/1340/184 1377/1405/183 1313/1341/183
f 1315/1342/185 1378/1406/184 1314/1340/184
f 1316/1343/186 1379/1407/185 1315/1342/185
f 1317/1345/187 1380/1408/186 1316/1343/186
f 1318/1344/188 1381/1409/187 1317/1345/187
f 1319/1346/189 1382/1410/188 1318/1344/188
f 1320/1347/190 1383/1411/189 1319/1346/189
f 1321/1349/191 1384/1412/190 1320/1347/190
f 1322/1348/192 1385/1413/191 1321/1349/191
f 1323/1350/193 1386/1414/192 1322/1348/192
f 1324/1351/194 1387/1415/193 1323/1350/193
f 1325/1353/195 1388/1416/194 1324/1351/194
f 1326/1352/196 1389/1417/195 1325/1353/195
f 1327/1354/197 1390/1418/196 1326/1352/196
f 1328/1355/198 1391/1419/197 1327/1354/197
f 1329/1357/199 1392/1420/198 1328/1355/198
f 1330/1356/200 1393/1421/199 1329/1357/199
f 1331/1358/201 1394/1422/200 1330/1356/200
f 1332/1359/202 1395/1423/201 1331/1358/201
f 1333/1360/203 1396/1424/202 1332/1359/202
f 1334/1361/204 1397/1425/203 1333/1360/203
f 1335/1362/205 1398/1426/204 1334/1361/204
f 1336/1363/206 1399/1427/205 1335/1362/205
f 1337/1365/207 1400/1428/206 1336/1363/206
f 1338/1364/208 1401/1429/207 1337/1365/207
f 1339/1366/209 1402/1430/208 1338/1364/208
f 1340/1367/210 1403/1431/209 1339/1366/209
f 1341/1369/211 1404/1432/210 1340/1367/210
f 1342/1368/212 1405/1433/211 1341/1369/211
f 1343/1370/213 1406/1434/212 1342/1368/212
f 1344/1372/214 1407/1435/213 1343/1370/213
f 1281/1436/152 1408/1437/214 1344/1372/214
f 1346/1374/78 1409/1438/77 1345/1373/77
f 1347/1375/723 1410/1439/78 1346/1374/78
f 1348/1376/80 1411/1440/79 1347/1375/723
f 1348/1376/80 1413/1441/81 1412/1442/80
f 1350/1378/82 1413/1441/81 1349/1377/81
f 1350/1378/82 1415/1443/724 1414/1444/82
f 1351/1379/724 1416/1445/85 1415/1443/724
f 1352/1380/85 1417/1446/87 1416/1445/85
f 1354/1382/88 1417/1446/87 1353/1381/87
f 1355/1383/89 1418/1447/88 1354/1382/88
f 1356/1384/90 1419/1448/89 1355/1383/89
f 1356/1384/90 1421/1449/91 1420/1450/90
f 1358/1386/92 1421/1449/91 1357/1385/91
f 1359/1387/93 1422/1451/92 1358/1386/92
f 1359/1387/93 1424/1452/94 1423/1453/93
f 1360/1388/94 1425/1454/95 1424/1452/94
f 1362/1390/96 1425/1454/95 1361/1389/95
f 1363/1391/725 1426/1455/96 1362/1390/96
f 1364/1392/726 1427/1456/97 1363/1391/725
f 1364/1392/726 1429/1457/99 1428/1458/726
f 1366/1394/100 1429/1457/99 1365/1393/99
f 1366/1394/100 1431/1459/101 1430/1460/100
f 1367/1395/101 1432/1461/102 1431/1459/101
f 1368/1396/102 1433/1462/103 1432/1461/102
f 1370/1398/104 1433/1462/103 1369/1397/103
f 1371/1399/727 1434/1463/104 1370/1398/104
f 1372/1400/107 1435/1464/727 1371/1399/727
f 1373/1401/109 1436/1465/107 1372/1400/107
f 1374/1402/110 1437/1466/109 1373/1401/109
f 1375/1403/506 1438/1467/110 1374/1402/110
f 1375/1403/506 1440/1468/113 1439/1469/506
f 1376/1404/113 1441/1470/114 1440/1468/113
f 1378/1406/115 1441/1470/114 1377/1405/114
f 1379/1407/728 1442/1471/115 1378/1406/115
f 1380/1408/117 1443/1472/116 1379/1407/728
f 1380/1408/117 1445/1473/118 1444/1474/117
f 1382/1410/119 1445/1473/118 1381/1409/118
f 1382/1410/119 1447/1475/729 1446/1476/119
f 1383/1411/729 1448/1477/122 1447/1475/729
f 1384/1412/122 1449/1478/124 1448/1477/122
f 1386/1414/125 1449/1478/124 1385/1413/124
f 1387/1415/126 1450/1479/125 1386/1414/125
f 1388/1416/127 1451/1480/126 1387/1415/126
f 1388/1416/127 1453/1481/128 1452/1482/127
f 1390/1418/129 1453/1481/128 1389/1417/128
f 1391/1419/130 1454/1483/129 1390/1418/129
f 1391/1419/130 1456/1484/131 1455/1485/130
f 1392/1420/131 1457/1486/132 1456/1484/131
f 1394/1422/133 1457/1486/132 1393/1421/132
f 1395/1423/730 1458/1487/133 1394/1422/133
f 1396/1424/135 1459/1488/134 1395/1423/730
f 1396/1424/135 1461/1489/136 1460/1490/731
f 1398/1426/137 1461/1489/136 1397/1425/136
f 1398/1426/137 1463/1491/138 1462/1492/137
f 1399/1427/138 1464/1493/139 1463/1491/138
f 1400/1428/139 1465/1494/140 1464/1493/139
f 1402/1430/141 1465/1494/140 1401/1429/140
f 1403/1431/732 1466/1495/141 1402/1430/141
f 1404/1432/144 1467/1496/732 1403/1431/732
f 1405/1433/146 1468/1497/144 1404/1432/144
f 1406/1434/147 1469/1498/146 1405/1433/146
f 1407/1435/508 1470/1499/147 1406/1434/147
f 1407/1435/508 1472/1500/150 1471/1501/508
f 1408/1437/150 1409/1502/77 1472/1500/150
f 1410/1439/151 1473/1503/152 1409/1438/152
f 1411/1440/153 1474/1504/151 1410/1439/151
f 1412/1442/154 1475/1505/153 1411/1440/153
f 1413/1441/155 1476/1506/154 1412/1442/154
f 1414/1444/156 1477/1507/155 1413/1441/155
f 1415/1443/157 1478/1508/156 1414/1444/156
f 1416/1445/158 1479/1509/157 1415/1443/157
f 1417/1446/159 1480/1510/158 1416/1445/158
f 1418/1447/160 1481/1511/159 1417/1446/159
f 1419/1448/161 1482/1512/160 1418/1447/160
f 1420/1450/162 1483/1513/161 1419/1448/161
f 1421/1449/163 1484/1514/162 1420/1450/162
f 1422/1451/164 1485/1515/163 1421/1449/163
f 1423/1453/165 1486/1516/164 1422/1451/164
f 1424/1452/166 1487/1517/165 1423/1453/165
f 1425/1454/167 1488/1518/166 1424/1452/166
f 1426/1455/168 1489/1519/167 1425/1454/167
f 1427/1456/169 1490/1520/168 1426/1455/168
f 1428/1458/170 1491/1521/169 1427/1456/169
f 1429/1457/171 1492/1522/170 1428/1458/170
f 1430/1460/172 1493/1523/171 1429/1457/171
f 1431/1459/173 1494/1524/172 1430/1460/172
f 1432/1461/174 1495/1525/173 1431/1459/173
f 1433/1462/175 1496/1526/174 1432/1461/174
f 1434/1463/176 1497/1527/175 1433/1462/175
f 1435/1464/177 1498/1528/176 1434/1463/176
f 1436/1465/178 1499/1529/177 1435/1464/177
f 1437/1466/179 1500/1530/178 1436/1465/178
f 1438/1467/180 1501/1531/179 1437/1466/179
f 1439/1469/181 1502/1532/180 1438/1467/180
f 1440/1468/182 1503/1533/181 1439/1469/181
f 1441/1470/183 1504/1534/182 1440/1468/182
f 1442/1471/184 1505/1535/183 1441/1470/183
f 1443/1472/185 1506/1536/184 1442/1471/184
f 1444/1474/186 1507/1537/185 1443/1472/185
f 1445/1473/187 1508/1538/186 1444/1474/186
f 1446/1476/188 1509/1539/187 1445/1473/187
f 1447/1475/189 1510/1540/188 1446/1476/188
f 1448/1477/190 1511/1541/189 1447/1475/189
f 1449/1478/191 1512/1542/190 1448/1477/190
f 1450/1479/192 1513/1543/191 1449/1478/191
f 1451/1480/193 1514/1544/192 1450/1479/192
f 1452/1482/194 1515/1545/193 1451/1480/193
f 1453/1481/195 1516/1546/194 1452/1482/194
f 1454/1483/196 1517/1547/195 1453/1481/195
f 1455/1485/197 1518/1548/196 1454/1483/196
f 1456/1484/198 1519/1549/197 1455/1485/197
f 1457/1486/199 1520/1550/198 1456/1484/198
f 1458/1487/200 1521/1551/199 1457/1486/199
f 1459/1488/201 1522/1552/200 1458/1487/200
f 1460/1490/202 1523/1553/201 1459/1488/201
f 1461/1489/203 1524/1554/202 1460/1490/202
f 1462/1492/204 1525/1555/203 1461/1489/203
f 1463/1491/205 1526/1556/204 1462/1492/204
f 1464/1493/206 1527/1557/205 1463/1491/205
f 1465/1494/207 1528/1558/206 1464/1493/206
f 1466/1495/208 1529/1559/207 1465/1494/207
f 1467/1496/209 1530/1560/208 1466/1495/208
f 1468/1497/210 1531/1561/209 1467/1496/209
f 1469/1498/211 1532/1562/210 1468/1497/210
f 1470/1499/212 1533/1563/211 1469/1498/211
f 1471/1501/213 1534/1564/212 1470/1499/212
f 1472/1500/214 1535/1565/213 1471/1501/213
f 1409/1502/152 1536/1566/214 1472/1500/214
f 1473/1503/438 1538/1567/437 1537/1568/438
f 1474/1504/437 1539/1569/717 1538/1567/437
f 1476/1506/440 1539/1569/717 1475/1505/717
f 1477/1507/441 1540/1570/440 1476/1506/440
f 1477/1507/441 1542/1571/442 1541/1572/441
f 1479/1509/443 1542/1571/442 1478/1508/442
f 1480/1510/444 1543/1573/443 1479/1509/443
f 1481/1511/446 1544/1574/444 1480/1510/444
f 1481/1511/446 1546/1575/447 1545/1576/446
f 1482/1512/447 1547/1577/448 1546/1575/447
f 1483/1513/448 1548/1578/449 1547/1577/448
f 1485/1515/450 1548/1578/449 1484/1514/449
f 1485/1515/450 1550/1579/451 1549/1580/450
f 1487/1517/452 1550/1579/451 1486/1516/451
f 1488/1518/453 1551/1581/452 1487/1517/452
f 1489/1519/454 1552/1582/453 1488/1518/453
f 1489/1519/454 1554/1583/455 1553/1584/454
f 1490/1520/455 1555/1585/456 1554/1583/455
f 1492/1522/457 1555/1585/456 1491/1521/456
f 1493/1523/458 1556/1586/457 1492/1522/457
f 1494/1524/459 1557/1587/458 1493/1523/458
f 1495/1525/460 1558/1588/459 1494/1524/459
f 1496/1526/461 1559/1589/460 1495/1525/460
f 1497/1527/462 1560/1590/461 1496/1526/461
f 1497/1527/462 1562/1591/463 1561/1592/462
f 1498/1528/463 1563/1593/464 1562/1591/463
f 1499/1529/464 1564/1594/465 1563/1593/464
f 1501/1531/467 1564/1594/465 1500/1530/465
f 1501/1531/467 1566/1595/468 1565/1596/467
f 1503/1533/719 1566/1595/468 1502/1532/468
f 1504/1534/470 1567/1597/719 1503/1533/719
f 1505/1535/471 1568/1598/470 1504/1534/470
f 1505/1535/471 1570/1599/472 1569/1600/471
f 1506/1536/472 1571/1601/720 1570/1599/472
f 1508/1538/474 1571/1601/720 1507/1537/720
f 1509/1539/475 1572/1602/474 1508/1538/474
f 1509/1539/475 1574/1603/476 1573/1604/475
f 1511/1541/477 1574/1603/476 1510/1540/476
f 1512/1542/478 1575/1605/477 1511/1541/477
f 1513/1543/480 1576/1606/478 1512/1542/478
f 1513/1543/480 1578/1607/481 1577/1608/480
f 1514/1544/481 1579/1609/482 1578/1607/481
f 1515/1545/482 1580/1610/483 1579/1609/482
f 1517/1547/484 1580/1610/483 1516/1546/483
f 1517/1547/484 1582/1611/485 1581/1612/484
f 1519/1549/486 1582/1611/485 1518/1548/485
f 1520/1550/487 1583/1613/486 1519/1549/486
f 1521/1551/488 1584/1614/487 1520/1550/487
f 1521/1551/488 1586/1615/489 1585/1616/488
f 1522/1552/489 1587/1617/490 1586/1615/489
f 1524/1554/491 1587/1617/490 1523/1553/490
f 1525/1555/492 1588/1618/491 1524/1554/491
f 1526/1556/493 1589/1619/492 1525/1555/492
f 1527/1557/494 1590/1620/493 1526/1556/493
f 1528/1558/495 1591/1621/494 1527/1557/494
f 1529/1559/496 1592/1622/495 1528/1558/495
f 1529/1559/496 1594/1623/497 1593/1624/496
f 1530/1560/497 1595/1625/498 1594/1623/497
f 1531/1561/498 1596/1626/499 1595/1625/498
f 1533/1563/501 1596/1626/499 1532/1562/499
f 1533/1563/501 1598/1627/502 1597/1628/501
f 1535/1565/722 1598/1627/502 1534/1564/502
f 1536/1566/504 1599/1629/722 1535/1565/722
f 1473/1630/438 1600/1631/504 1536/1566/504
f 1538/1567/151 1601/1632/152 1537/1568/152
f 1539/1569/153 1602/1633/151 1538/1567/151
f 1540/1570/154 1603/1634/153 1539/1569/153
f 1541/1572/155 1604/1635/154 1540/1570/154
f 1542/1571/156 1605/1636/155 1541/1572/155
f 1543/1573/157 1606/1637/156 1542/1571/156
f 1544/1574/158 1607/1638/157 1543/1573/157
f 1545/1576/159 1608/1639/158 1544/1574/158
f 1546/1575/160 1609/1640/159 1545/1576/159
f 1547/1577/161 1610/1641/160 1546/1575/160
f 1548/1578/162 1611/1642/161 1547/1577/161
f 1549/1580/163 1612/1643/162 1548/1578/162
f 1550/1579/164 1613/1644/163 1549/1580/163
f 1551/1581/165 1614/1645/164 1550/1579/164
f 1552/1582/166 1615/1646/165 1551/1581/165
f 1553/1584/167 1616/1647/166 1552/1582/166
f 1554/1583/168 1617/1648/167 1553/1584/167
f 1555/1585/169 1618/1649/168 1554/1583/168
f 1556/1586/170 1619/1650/169 1555/1585/169
f 1557/1587/171 1620/1651/170 1556/1586/170
f 1558/1588/172 1621/1652/171 1557/1587/171
f 1559/1589/173 1622/1653/172 1558/1588/172
f 1560/1590/174 1623/1654/173 1559/1589/173
f 1561/1592/175 1624/1655/174 1560/1590/174
f 1562/1591/176 1625/1656/175 1561/1592/175
f 1563/1593/177 1626/1657/176 1562/1591/176
f 1564/1594/178 1627/1658/177 1563/1593/177
f 1565/1596/179 1628/1659/178 1564/1594/178
f 1566/1595/180 1629/1660/179 1565/1596/179
f 1567/1597/181 1630/1661/180 1566/1595/180
f 1568/1598/182 1631/1662/181 1567/1597/181
f 1569/1600/183 1632/1663/182 1568/1598/182
f 1570/1599/184 1633/1664/183 1569/1600/183
f 1571/1601/185 1634/1665/184 1570/1599/184
f 1572/1602/186 1635/1666/185 1571/1601/185
f 1573/1604/187 1636/1667/186 1572/1602/186
f 1574/1603/188 1637/1668/187 1573/1604/187
f 1575/1605/189 1638/1669/188 1574/1603/188
f 1576/1606/190 1639/1670/189 1575/1605/189
f 1577/1608/191 1640/1671/190 1576/1606/190
f 1578/1607/192 1641/1672/191 1577/1608/191
f 1579/1609/193 1642/1673/192 1578/1607/192
f 1580/1610/194 1643/1674/193 1579/1609/193
f 1581/1612/195 1644/1675/194 1580/1610/194
f 1582/1611/196 1645/1676/195 1581/1612/195
f 1583/1613/197 1646/1677/196 1582/1611/196
f 1584/1614/198 1647/1678/197 1583/1613/197
f 1585/1616/199 1648/1679/198 1584/1614/198
f 1586/1615/200 1649/1680/199 1585/1616/199
f 1587/1617/201 1650/1681/200 1586/1615/200
f 1588/1618/202 1651/1682/201 1587/1617/201
f 1589/1619/203 1652/1683/202 1588/1618/202
f 1590/1620/204 1653/1684/203 1589/1619/203
f 1591/1621/205 1654/1685/204 1590/1620/204
f 1592/1622/206 1655/1686/205 1591/1621/205
f 1593/1624/207 1656/1687/206 1592/1622/206
f 1594/1623/208 1657/1688/207 1593/1624/207
f 1595/1625/209 1658/1689/208 1594/1623/208
f 1596/1626/210 1659/1690/209 1595/1625/209
f 1597/1628/211 1660/1691/210 1596/1626/210
f 1598/1627/212 1661/1692/211 1597/1628/211
f 1599/1629/213 1662/1693/212 1598/1627/212
f 1600/1631/214 1663/1694/213 1599/1629/213
f 1537/1695/152 1664/1696/214 1600/1631/214
f 1602/1633/78 1665/1697/77 1601/1632/77
f 1603/1634/505 1666/1698/78 1602/1633/78
f 1604/1635/80 1667/1699/79 1603/1634/505
f 1604/1635/80 1669/1700/81 1668/1701/80
f 1606/1637/82 1669/1700/81 1605/1636/81
f 1606/1637/82 1671/1702/84 1670/1703/82
f 1607/1638/84 1672/1704/85 1671/1702/84
f 1608/1639/85 1673/1705/87 1672/1704/85
f 1610/1641/88 1673/1705/87 1609/1640/87
f 1611/1642/89 1674/1706/88 1610/1641/88
f 1612/1643/90 1675/1707/89 1611/1642/89
f 1613/1644/91 1676/1708/90 1612/1643/90
f 1614/1645/92 1677/1709/91 1613/1644/91
f 1615/1646/93 1678/1710/92 1614/1645/92
f 1615/1646/93 1680/1711/94 1679/1712/93
f 1616/1647/94 1681/1713/95 1680/1711/94
f 1618/1649/96 1681/1713/95 1617/1648/95
f 1619/1650/97 1682/1714/96 1618/1649/96
f 1620/1651/98 1683/1715/97 1619/1650/97
f 1620/1651/98 1685/1716/99 1684/1717/98
f 1622/1653/100 1685/1716/99 1621/1652/99
f 1622/1653/100 1687/1718/101 1686/1719/100
f 1623/1654/101 1688/1720/102 1687/1718/101
f 1624/1655/102 1689/1721/103 1688/1720/102
f 1626/1657/104 1689/1721/103 1625/1656/103
f 1627/1658/106 1690/1722/104 1626/1657/104
f 1628/1659/107 1691/1723/106 1627/1658/106
f 1628/1659/107 1693/1724/109 1692/1725/107
f 1630/1661/733 1693/1724/109 1629/1660/109
f 1631/1662/112 1694/1726/733 1630/1661/733
f 1631/1662/112 1696/1727/113 1695/1728/112
f 1632/1663/113 1697/1729/114 1696/1727/113
f 1634/1665/115 1697/1729/114 1633/1664/114
f 1635/1666/507 1698/1730/115 1634/1665/115
f 1636/1667/117 1699/1731/116 1635/1666/507
f 1636/1667/117 1701/1732/118 1700/1733/117
f 1638/1669/119 1701/1732/118 1637/1668/118
f 1638/1669/119 1703/1734/121 1702/1735/119
f 1639/1670/121 1704/1736/122 1703/1734/121
f 1640/1671/122 1705/1737/124 1704/1736/122
f 1642/1673/125 1705/1737/124 1641/1672/124
f 1643/1674/126 1706/1738/125 1642/1673/125
f 1644/1675/127 1707/1739/126 1643/1674/126
f 1645/1676/128 1708/1740/127 1644/1675/127
f 1646/1677/129 1709/1741/128 1645/1676/128
f 1647/1678/130 1710/1742/129 1646/1677/129
f 1647/1678/130 1712/1743/131 1711/1744/130
f 1648/1679/131 1713/1745/132 1712/1743/131
f 1650/1681/133 1713/1745/132 1649/1680/132
f 1651/1682/134 1714/1746/133 1650/1681/133
f 1652/1683/135 1715/1747/134 1651/1682/134
f 1652/1683/135 1717/1748/136 1716/1749/135
f 1654/1685/137 1717/1748/136 1653/1684/136
f 1654/1685/137 1719/1750/138 1718/1751/137
f 1655/1686/138 1720/1752/139 1719/1750/138
f 1656/1687/139 1721/1753/140 1720/1752/139
f 1658/1689/141 1721/1753/140 1657/1688/140
f 1659/1690/143 1722/1754/141 1658/1689/141
f 1660/1691/144 1723/1755/143 1659/1690/143
f 1660/1691/144 1725/1756/146 1724/1757/144
f 1662/1693/734 1725/1756/146 1661/1692/146
f 1663/1694/149 1726/1758/734 1662/1693/734
f 1663/1694/149 1728/1759/150 1727/1760/149
f 1664/1696/150 1665/1761/77 1728/1759/150
f 1666/1698/151 1729/1762/152 1665/1697/152
f 1667/1699/153 1730/1763/151 1666/1698/151
f 1668/1701/154 1731/1764/153 1667/1699/153
f 1669/1700/155 1732/1765/154 1668/1701/154
f 1670/1703/156 1733/1766/155 1669/1700/155
f 1671/1702/157 1734/1767/156 1670/1703/156
f 1672/1704/158 1735/1768/157 1671/1702/157
f 1673/1705/159 1736/1769/158 1672/1704/158
f 1674/1706/160 1737/1770/159 1673/1705/159
f 1675/1707/161 1738/1771/160 1674/1706/160
f 1676/1708/162 1739/1772/161 1675/1707/161
f 1677/1709/163 1740/1773/162 1676/1708/162
f 1678/1710/164 1741/1774/163 1677/1709/163
f 1679/1712/165 1742/1775/164 1678/1710/164
f 1680/1711/166 1743/1776/165 1679/1712/165
f 1681/1713/167 1744/1777/166 1680/1711/166
f 1682/1714/168 1745/1778/167 1681/1713/167
f 1683/1715/169 1746/1779/168 1682/1714/168
f 1684/1717/170 1747/1780/169 1683/1715/169
f 1685/1716/171 1748/1781/170 1684/1717/170
f 1686/1719/172 1749/1782/171 1685/1716/171
f 1687/1718/173 1750/1783/172 1686/1719/172
f 1688/1720/174 1751/1784/173 1687/1718/173
f 1689/1721/175 1752/1785/174 1688/1720/174
f 1690/1722/176 1753/1786/175 1689/1721/175
f 1691/1723/177 1754/1787/176 1690/1722/176
f 1692/1725/178 1755/1788/177 1691/1723/177
f 1693/1724/179 1756/1789/178 1692/1725/178
f 1694/1726/180 1757/1790/179 1693/1724/179
f 1695/1728/181 1758/1791/180 1694/1726/180
f 1696/1727/182 1759/1792/181 1695/1728/181
f 1697/1729/183 1760/1793/182 1696/1727/182
f 1698/1730/184 1761/1794/183 1697/1729/183
f 1699/1731/185 1762/1795/184 1698/1730/184
f 1700/1733/186 1763/1796/185 1699/1731/185
f 1701/1732/187 1764/1797/186 1700/1733/186
f 1702/1735/188 1765/1798/187 1701/1732/187
f 1703/1734/189 1766/1799/188 1702/1735/188
f 1704/1736/190 1767/1800/189 1703/1734/189
f 1705/1737/191 1768/1801/190 1704/1736/190
f 1706/1738/192 1769/1802/191 1705/1737/191
f 1707/1739/193 1770/1803/192 1706/1738/192
f 1708/1740/194 1771/1804/193 1707/1739/193
f 1709/1741/195 1772/1805/194 1708/1740/194
f 1710/1742/196 1773/1806/195 1709/1741/195
f 1711/1744/197 1774/1807/196 1710/1742/196
f 1712/1743/198 1775/1808/197 1711/1744/197
f 1713/1745/199 1776/1809/198 1712/1743/198
f 1714/1746/200 1777/1810/199 1713/1745/199
f 1715/1747/201 1778/1811/200 1714/1746/200
f 1716/1749/202 1779/1812/201 1715/1747/201
f 1717/1748/203 1780/1813/202 1716/1749/202
f 1718/1751/204 1781/1814/203 1717/1748/203
f 1719/1750/205 1782/1815/204 1718/1751/204
f 1720/1752/206 1783/1816/205 1719/1750/205
f 1721/1753/207 1784/1817/206 1720/1752/206
f 1722/1754/208 1785/1818/207 1721/1753/207
f 1723/1755/209 1786/1819/208 1722/1754/208
f 1724/1757/210 1787/1820/209 1723/1755/209
f 1725/1756/211 1788/1821/210 1724/1757/210
f 1726/1758/212 1789/1822/211 1725/1756/211
f 1727/1760/213 1790/1823/212 1726/1758/212
f 1728/1759/214 1791/1824/213 1727/1760/213
f 1665/1761/152 1792/1825/214 1728/1759/214
f 1729/1762/438 1794/1826/437 1793/1827/438
f 1730/1763/437 1795/1828/717 1794/1826/437
f 1732/1765/440 1795/1828/717 1731/1764/717
f 1733/1766/441 1796/1829/440 1732/1765/440
f 1733/1766/441 1798/1830/442 1797/1831/441
f 1735/1768/443 1798/1830/442 1734/1767/442
f 1736/1769/444 1799/1832/443 1735/1768/443
f 1737/1770/446 1800/1833/444 1736/1769/444
f 1737/1770/446 1802/1834/447 1801/1835/446
f 1738/1771/447 1803/1836/448 1802/1834/447
f 1739/1772/448 1804/1837/449 1803/1836/448
f 1741/1774/450 1804/1837/449 1740/1773/449
f 1741/1774/450 1806/1838/451 1805/1839/450
f 1743/1776/578 1806/1838/451 1742/1775/451
f 1744/1777/453 1807/1840/578 1743/1776/578
f 1745/1778/454 1808/1841/453 1744/1777/453
f 1745/1778/454 1810/1842/455 1809/1843/454
f 1746/1779/455 1811/1844/579 1810/1842/455
f 1748/1781/457 1811/1844/579 1747/1780/579
f 1749/1782/458 1812/1845/457 1748/1781/457
f 1750/1783/459 1813/1846/458 1749/1782/458
f 1751/1784/460 1814/1847/459 1750/1783/459
f 1752/1785/461 1815/1848/460 1751/1784/460
f 1753/1786/462 1816/1849/461 1752/1785/461
f 1753/1786/462 1818/1850/463 1817/1851/462
f 1754/1787/463 1819/1852/464 1818/1850/463
f 1755/1788/464 1820/1853/465 1819/1852/464
f 1757/1790/467 1820/1853/465 1756/1789/465
f 1757/1790/467 1822/1854/468 1821/1855/467
f 1759/1792/719 1822/1854/468 1758/1791/468
f 1760/1793/470 1823/1856/469 1759/1792/719
f 1761/1794/471 1824/1857/470 1760/1793/470
f 1761/1794/471 1826/1858/472 1825/1859/471
f 1762/1795/472 1827/1860/720 1826/1858/472
f 1764/1797/474 1827/1860/720 1763/1796/720
f 1765/1798/475 1828/1861/474 1764/1797/474
f 1765/1798/475 1830/1862/476 1829/1863/475
f 1767/1800/477 1830/1862/476 1766/1799/476
f 1768/1801/478 1831/1864/477 1767/1800/477
f 1769/1802/480 1832/1865/478 1768/1801/478
f 1769/1802/480 1834/1866/481 1833/1867/480
f 1770/1803/481 1835/1868/482 1834/1866/481
f 1771/1804/482 1836/1869/483 1835/1868/482
f 1773/1806/484 1836/1869/483 1772/1805/483
f 1773/1806/484 1838/1870/485 1837/1871/484
f 1775/1808/582 1838/1870/485 1774/1807/485
f 1776/1809/487 1839/1872/582 1775/1808/582
f 1777/1810/488 1840/1873/487 1776/1809/487
f 1777/1810/488 1842/1874/489 1841/1875/488
f 1778/1811/489 1843/1876/583 1842/1874/489
f 1780/1813/491 1843/1876/583 1779/1812/583
f 1781/1814/492 1844/1877/491 1780/1813/491
f 1782/1815/493 1845/1878/492 1781/1814/492
f 1783/1816/494 1846/1879/493 1782/1815/493
f 1784/1817/495 1847/1880/494 1783/1816/494
f 1785/1818/496 1848/1881/495 1784/1817/495
f 1785/1818/496 1850/1882/497 1849/1883/496
f 1786/1819/497 1851/1884/498 1850/1882/497
f 1787/1820/498 1852/1885/499 1851/1884/498
f 1789/1822/501 1852/1885/499 1788/1821/499
f 1789/1822/501 1854/1886/502 1853/1887/501
f 1791/1824/722 1854/1886/502 1790/1823/502
f 1792/1825/504 1855/1888/503 1791/1824/722
f 1729/1889/438 1856/1890/504 1792/1825/504
f 1794/1826/151 1857/1891/152 1793/1827/152
f 1795/1828/153 1858/1892/151 1794/1826/151
f 1796/1829/154 1859/1893/153 1795/1828/153
f 1797/1831/155 1860/1894/154 1796/1829/154
f 1798/1830/156 1861/1895/155 1797/1831/155
f 1799/1832/157 1862/1896/156 1798/1830/156
f 1800/1833/158 1863/1897/157 1799/1832/157
f 1801/1835/159 1864/1898/158 1800/1833/158
f 1802/1834/160 1865/1899/159 1801/1835/159
f 1803/1836/161 1866/1900/160 1802/1834/160
f 1804/1837/162 1867/1901/161 1803/1836/161
f 1805/1839/163 1868/1902/162 1804/1837/162
f 1806/1838/164 1869/1903/163 1805/1839/163
f 1807/1840/165 1870/1904/164 1806/1838/164
f 1808/1841/166 1871/1905/165 1807/1840/165
f 1809/1843/167 1872/1906/166 1808/1841/166
f 1810/1842/168 1873/1907/167 1809/1843/167
f 1811/1844/169 1874/1908/168 1810/1842/168
f 1812/1845/170 1875/1909/169 1811/1844/169
f 1813/1846/171 1876/1910/170 1812/1845/170
f 1814/1847/172 1877/1911/171 1813/1846/171
f 1815/1848/173 1878/1912/172 1814/1847/172
f 1816/1849/174 1879/1913/173 1815/1848/173
f 1817/1851/175 1880/1914/174 1816/1849/174
f 1818/1850/176 1881/1915/175 1817/1851/175
f 1819/1852/177 1882/1916/176 1818/1850/176
f 1820/1853/178 1883/1917/177 1819/1852/177
f 1821/1855/179 1884/1918/178 1820/1853/178
f 1822/1854/180 1885/1919/179 1821/1855/179
f 1823/1856/181 1886/1920/180 1822/1854/180
f 1824/1857/182 1887/1921/181 1823/1856/181
f 1825/1859/183 1888/1922/182 1824/1857/182
f 1826/1858/184 1889/1923/183 1825/1859/183
f 1827/1860/185 1890/1924/184 1826/1858/184
f 1828/1861/186 1891/1925/185 1827/1860/185
f 1829/1863/187 1892/1926/186 1828/1861/186
f 1830/1862/188 1893/1927/187 1829/1863/187
f 1831/1864/189 1894/1928/188 1830/1862/188
f 1832/1865/190 1895/1929/189 1831/1864/189
f 1833/1867/191 1896/1930/190 1832/1865/190
f 1834/1866/192 1897/1931/191 1833/1867/191
f 1835/1868/193 1898/1932/192 1834/1866/192
f 1836/1869/194 1899/1933/193 1835/1868/193
f 1837/1871/195 1900/1934/194 1836/1869/194
f 1838/1870/196 1901/1935/195 1837/1871/195
f 1839/1872/197 1902/1936/196 1838/1870/196
f 1840/1873/198 1903/1937/197 1839/1872/197
f 1841/1875/199 1904/1938/198 1840/1873/198
f 1842/1874/200 1905/1939/199 1841/1875/199
f 1843/1876/201 1906/1940/200 1842/1874/200
f 1844/1877/202 1907/1941/201 1843/1876/201
f 1845/1878/203 1908/1942/202 1844/1877/202
f 1846/1879/204 1909/1943/203 1845/1878/203
f 1847/1880/205 1910/1944/204 1846/1879/204
f 1848/1881/206 1911/1945/205 1847/1880/205
f 1849/1883/207 1912/1946/206 1848/1881/206
f 1850/1882/208 1913/1947/207 1849/1883/207
f 1851/1884/209 1914/1948/208 1850/1882/208
f 1852/1885/210 1915/1949/209 1851/1884/209
f 1853/1887/211 1916/1950/210 1852/1885/210
f 1854/1886/212 1917/1951/211 1853/1887/211
f 1855/1888/213 1918/1952/212 1854/1886/212
f 1856/1890/214 1919/1953/213 1855/1888/213
f 1793/1954/152 1920/1955/214 1856/1890/214
f 1858/1892/78 1921/1956/77 1857/1891/77
f 1859/1893/505 1922/1957/78 1858/1892/78
f 1860/1894/80 1923/1958/505 1859/1893/505
f 1860/1894/80 1925/1959/81 1924/1960/80
f 1862/1896/735 1925/1959/81 1861/1895/81
f 1862/1896/735 1927/1961/724 1926/1962/735
f 1863/1897/724 1928/1963/85 1927/1961/724
f 1864/1898/85 1929/1964/87 1928/1963/85
f 1866/1900/88 1929/1964/87 1865/1899/87
f 1867/1901/89 1930/1965/88 1866/1900/88
f 1868/1902/90 1931/1966/89 1867/1901/89
f 1868/1902/90 1933/1967/91 1932/1968/90
f 1870/1904/92 1933/1967/91 1869/1903/91
f 1871/1905/736 1934/1969/92 1870/1904/92
f 1871/1905/736 1936/1970/94 1935/1971/736
f 1872/1906/94 1937/1972/95 1936/1970/94
f 1874/1908/96 1937/1972/95 1873/1907/95
f 1875/1909/97 1938/1973/96 1874/1908/96
f 1876/1910/98 1939/1974/725 1875/1909/97
f 1876/1910/98 1941/1975/99 1940/1976/98
f 1878/1912/100 1941/1975/99 1877/1911/99
f 1878/1912/100 1943/1977/101 1942/1978/100
f 1879/1913/101 1944/1979/102 1943/1977/101
f 1880/1914/102 1945/1980/103 1944/1979/102
f 1882/1916/104 1945/1980/103 1881/1915/103
f 1883/1917/727 1946/1981/104 1882/1916/104
f 1884/1918/107 1947/1982/727 1883/1917/727
f 1885/1919/109 1948/1983/107 1884/1918/107
f 1886/1920/110 1949/1984/109 1885/1919/109
f 1887/1921/506 1950/1985/110 1886/1920/110
f 1887/1921/506 1952/1986/113 1951/1987/506
f 1888/1922/113 1953/1988/114 1952/1986/113
f 1890/1924/115 1953/1988/114 1889/1923/114
f 1891/1925/507 1954/1989/115 1890/1924/115
f 1892/1926/117 1955/1990/507 1891/1925/507
f 1892/1926/117 1957/1991/118 1956/1992/117
f 1894/1928/737 1957/1991/118 1893/1927/118
f 1894/1928/737 1959/1993/729 1958/1994/737
f 1895/1929/729 1960/1995/122 1959/1993/729
f 1896/1930/122 1961/1996/124 1960/1995/122
f 1898/1932/125 1961/1996/124 1897/1931/124
f 1899/1933/126 1962/1997/125 1898/1932/125
f 1900/1934/127 1963/1998/126 1899/1933/126
f 1900/1934/127 1965/1999/128 1964/2000/127
f 1902/1936/129 1965/1999/128 1901/1935/128
f 1903/1937/738 1966/2001/129 1902/1936/129
f 1903/1937/738 1968/2002/131 1967/2003/738
f 1904/1938/131 1969/2004/132 1968/2002/131
f 1906/1940/133 1969/2004/132 1905/1939/132
f 1907/1941/134 1970/2005/133 1906/1940/133
f 1908/1942/135 1971/2006/730 1907/1941/134
f 1908/1942/135 1973/2007/136 1972/2008/135
f 1910/1944/137 1973/2007/136 1909/1943/136
f 1910/1944/137 1975/2009/138 1974/2010/137
f 1911/1945/138 1976/2011/139 1975/2009/138
f 1912/1946/139 1977/2012/140 1976/2011/139
f 1914/1948/141 1977/2012/140 1913/1947/140
f 1915/1949/732 1978/2013/141 1914/1948/141
f 1916/1950/144 1979/2014/732 1915/1949/732
f 1917/1951/146 1980/2015/144 1916/1950/144
f 1918/1952/147 1981/2016/146 1917/1951/146
f 1919/1953/508 1982/2017/147 1918/1952/147
f 1919/1953/508 1984/2018/150 1983/2019/508
f 1920/1955/150 1921/2020/77 1984/2018/150
f 1922/1957/151 1985/2021/152 1921/1956/152
f 1923/1958/153 1986/2022/151 1922/1957/151
f 1924/1960/154 1987/2023/153 1923/1958/153
f 1925/1959/155 1988/2024/154 1924/1960/154
f 1926/1962/156 1989/2025/155 1925/1959/155
f 1927/1961/157 1990/2026/156 1926/1962/156
f 1928/1963/158 1991/2027/157 1927/1961/157
f 1929/1964/159 1992/2028/158 1928/1963/158
f 1930/1965/160 1993/2029/159 1929/1964/159
f 1931/1966/161 1994/2030/160 1930/1965/160
f 1932/1968/162 1995/2031/161 1931/1966/161
f 1933/1967/163 1996/2032/162 1932/1968/162
f 1934/1969/164 1997/2033/163 1933/1967/163
f 1935/1971/165 1998/2034/164 1934/1969/164
f 1936/1970/166 1999/2035/165 1935/1971/165
f 1937/1972/167 2000/2036/166 1936/1970/166
f 1938/1973/168 2001/2037/167 1937/1972/167
f 1939/1974/169 2002/2038/168 1938/1973/168
f 1940/1976/170 2003/2039/169 1939/1974/169
f 1941/1975/171 2004/2040/170 1940/1976/170
f 1942/1978/172 2005/2041/171 1941/1975/171
f 1943/1977/173 2006/2042/172 1942/1978/172
f 1944/1979/174 2007/2043/173 1943/1977/173
f 1945/1980/175 2008/2044/174 1944/1979/174
f 1946/1981/176 2009/2045/175 1945/1980/175
f 1947/1982/177 2010/2046/176 1946/1981/176
f 1948/1983/178 2011/2047/177 1947/1982/177
f 1949/1984/179 2012/2048/178 1948/1983/178
f 1950/1985/180 2013/2049/179 1949/1984/179
f 1951/1987/181 2014/2050/180 1950/1985/180
f 1952/1986/182 2015/2051/181 1951/1987/181
f 1953/1988/183 2016/2052/182 1952/1986/182
f 1954/1989/184 2017/2053/183 1953/1988/183
f 1955/1990/185 2018/2054/184 1954/1989/184
f 1956/1992/186 2019/2055/185 1955/1990/185
f 1957/1991/187 2020/2056/186 1956/1992/186
f 1958/1994/188 2021/2057/187 1957/1991/187
f 1959/1993/189 2022/2058/188 1958/1994/188
f 1960/1995/190 2023/2059/189 1959/1993/189
f 1961/1996/191 2024/2060/190 1960/1995/190
f 1962/1997/192 2025/2061/191 1961/1996/191
f 1963/1998/193 2026/2062/192 1962/1997/192
f 1964/2000/194 2027/2063/193 1963/1998/193
f 1965/1999/195 2028/2064/194 1964/2000/194
f 1966/2001/196 2029/2065/195 1965/1999/195
f 1967/2003/197 2030/2066/196 1966/2001/196
f 1968/2002/198 2031/2067/197 1967/2003/197
f 1969/2004/199 2032/2068/198 1968/2002/198
f 1970/2005/200 2033/2069/199 1969/2004/199
f 1971/2006/201 2034/2070/200 1970/2005/200
f 1972/2008/202 2035/2071/201 1971/2006/201
f 1973/2007/203 2036/2072/202 1972/2008/202
f 1974/2010/204 2037/2073/203 1973/2007/203
f 1975/2009/205 2038/2074/204 1974/2010/204
f 1976/2011/206 2039/2075/205 1975/2009/205
f 1977/2012/207 2040/2076/206 1976/2011/206
f 1978/2013/208 2041/2077/207 1977/2012/207
f 1979/2014/209 2042/2078/208 1978/2013/208
f 1980/2015/210 2043/2079/209 1979/2014/209
f 1981/2016/211 2044/2080/210 1980/2015/210
f 1982/2017/212 2045/2081/211 1981/2016/211
f 1983/2019/213 2046/2082/212 1982/2017/212
f 1984/2018/214 2047/2083/213 1983/2019/213
f 1921/2020/152 2048/2084/214 1984/2018/214
f 1985/2021/438 2050/2085/437 2049/2086/438
f 1986/2022/437 2051/2087/717 2050/2085/437
f 1988/2024/718 2051/2087/717 1987/2023/717
f 1989/2025/441 2052/2088/718 1988/2024/718
f 1989/2025/441 2054/2089/442 2053/2090/441
f 1991/2027/445 2054/2089/442 1990/2026/442
f 1992/2028/444 2055/2091/445 1991/2027/445
f 1993/2029/446 2056/2092/444 1992/2028/444
f 1993/2029/446 2058/2093/447 2057/2094/446
f 1994/2030/447 2059/2095/448 2058/2093/447
f 1995/2031/448 2060/2096/449 2059/2095/448
f 1997/2033/450 2060/2096/449 1996/2032/449
f 1997/2033/450 2062/2097/451 2061/2098/450
f 1999/2035/452 2062/2097/451 1998/2034/451
f 2000/2036/453 2063/2099/452 1999/2035/452
f 2001/2037/454 2064/2100/453 2000/2036/453
f 2001/2037/454 2066/2101/455 2065/2102/454
f 2002/2038/455 2067/2103/456 2066/2101/455
f 2004/2040/457 2067/2103/456 2003/2039/456
f 2005/2041/458 2068/2104/457 2004/2040/457
f 2006/2042/459 2069/2105/458 2005/2041/458
f 2007/2043/460 2070/2106/459 2006/2042/459
f 2008/2044/461 2071/2107/460 2007/2043/460
f 2009/2045/462 2072/2108/461 2008/2044/461
f 2009/2045/462 2074/2109/463 2073/2110/462
f 2010/2046/463 2075/2111/466 2074/2109/463
f 2011/2047/466 2076/2112/465 2075/2111/466
f 2013/2049/467 2076/2112/465 2012/2048/465
f 2013/2049/467 2078/2113/468 2077/2114/467
f 2015/2051/719 2078/2113/468 2014/2050/468
f 2016/2052/470 2079/2115/719 2015/2051/719
f 2017/2053/471 2080/2116/470 2016/2052/470
f 2017/2053/471 2082/2117/472 2081/2118/471
f 2018/2054/472 2083/2119/720 2082/2117/472
f 2020/2056/721 2083/2119/720 2019/2055/720
f 2021/2057/475 2084/2120/721 2020/2056/721
f 2021/2057/475 2086/2121/476 2085/2122/475
f 2023/2059/479 2086/2121/476 2022/2058/476
f 2024/2060/478 2087/2123/479 2023/2059/479
f 2025/2061/480 2088/2124/478 2024/2060/478
f 2025/2061/480 2090/2125/481 2089/2126/480
f 2026/2062/481 2091/2127/482 2090/2125/481
f 2027/2063/482 2092/2128/483 2091/2127/482
f 2029/2065/484 2092/2128/483 2028/2064/483
f 2029/2065/484 2094/2129/485 2093/2130/484
f 2031/2067/486 2094/2129/485 2030/2066/485
f 2032/2068/487 2095/2131/486 2031/2067/486
f 2033/2069/488 2096/2132/487 2032/2068/487
f 2033/2069/488 2098/2133/489 2097/2134/488
f 2034/2070/489 2099/2135/490 2098/2133/489
f 2036/2072/491 2099/2135/490 2035/2071/490
f 2037/2073/492 2100/2136/491 2036/2072/491
f 2038/2074/493 2101/2137/492 2037/2073/492
f 2039/2075/494 2102/2138/493 2038/2074/493
f 2040/2076/495 2103/2139/494 2039/2075/494
f 2041/2077/496 2104/2140/495 2040/2076/495
f 2041/2077/496 2106/2141/497 2105/2142/496
f 2042/2078/497 2107/2143/500 2106/2141/497
f 2043/2079/500 2108/2144/499 2107/2143/500
f 2045/2081/501 2108/2144/499 2044/2080/499
f 2045/2081/501 2110/2145/502 2109/2146/501
f 2047/2083/722 2110/2145/502 2046/2082/502
f 2048/2084/504 2111/2147/722 2047/2083/722
f 1985/2148/438 2112/2149/504 2048/2084/504
f 2050/2085/151 2113/2150/152 2049/2086/152
f 2051/2087/153 2114/2151/151 2050/2085/151
f 2052/2088/154 2115/2152/153 2051/2087/153
f 2053/2090/155 2116/2153/154 2052/2088/154
f 2054/2089/156 2117/2154/155 2053/2090/155
f 2055/2091/157 2118/2155/156 2054/2089/156
f 2056/2092/158 2119/2156/157 2055/2091/157
f 2057/2094/159 2120/2157/158 2056/2092/158
f 2058/2093/160 2121/2158/159 2057/2094/159
f 2059/2095/161 2122/2159/160 2058/2093/160
f 2060/2096/162 2123/2160/161 2059/2095/161
f 2061/2098/163 2124/2161/162 2060/2096/162
f 2062/2097/164 2125/2162/163 2061/2098/163
f 2063/2099/165 2126/2163/164 2062/2097/164
f 2064/2100/166 2127/2164/165 2063/2099/165
f 2065/2102/167 2128/2165/166 2064/2100/166
f 2066/2101/168 2129/2166/167 2065/2102/167
f 2067/2103/169 2130/2167/168 2066/2101/168
f 2068/2104/170 2131/2168/169 2067/2103/169
f 2069/2105/171 2132/2169/170 2068/2104/170
f 2070/2106/172 2133/2170/171 2069/2105/171
f 2071/2107/173 2134/2171/172 2070/2106/172
f 2072/2108/174 2135/2172/173 2071/2107/173
f 2073/2110/175 2136/2173/174 2072/2108/174
f 2074/2109/176 2137/2174/175 2073/2110/175
f 2075/2111/177 2138/2175/176 2074/2109/176
f 2076/2112/178 2139/2176/177 2075/2111/177
f 2077/2114/179 2140/2177/178 2076/2112/178
f 2078/2113/180 2141/2178/179 2077/2114/179
f 2079/2115/181 2142/2179/180 2078/2113/180
f 2080/2116/182 2143/2180/181 2079/2115/181
f 2081/2118/183 2144/2181/182 2080/2116/182
f 2082/2117/184 2145/2182/183 2081/2118/183
f 2083/2119/185 2146/2183/184 2082/2117/184
f 2084/2120/186 2147/2184/185 2083/2119/185
f 2085/2122/187 2148/2185/186 2084/2120/186
f 2086/2121/188 2149/2186/187 2085/2122/187
f 2087/2123/189 2150/2187/188 2086/2121/188
f 2088/2124/190 2151/2188/189 2087/2123/189
f 2089/2126/191 2152/2189/190 2088/2124/190
f 2090/2125/192 2153/2190/191 2089/2126/191
f 2091/2127/193 2154/2191/192 2090/2125/192
f 2092/2128/194 2155/2192/193 2091/2127/193
f 2093/2130/195 2156/2193/194 2092/2128/194
f 2094/2129/196 2157/2194/195 2093/2130/195
f 2095/2131/197 2158/2195/196 2094/2129/196
f 2096/2132/198 2159/2196/197 2095/2131/197
f 2097/2134/199 2160/2197/198 2096/2132/198
f 2098/2133/200 2161/2198/199 2097/2134/199
f 2099/2135/201 2162/2199/200 2098/2133/200
f 2100/2136/202 2163/2200/201 2099/2135/201
f 2101/2137/203 2164/2201/202 2100/2136/202
f 2102/2138/204 2165/2202/203 2101/2137/203
f 2103/2139/205 2166/2203/204 2102/2138/204
f 2104/2140/206 2167/2204/205 2103/2139/205
f 2105/2142/207 2168/2205/206 2104/2140/206
f 2106/2141/208 2169/2206/207 2105/2142/207
f 2107/2143/209 2170/2207/208 2106/2141/208
f 2108/2144/210 2171/2208/209 2107/2143/209
f 2109/2146/211 2172/2209/210 2108/2144/210
f 2110/2145/212 2173/2210/211 2109/2146/211
f 2111/2147/213 2174/2211/212 2110/2145/212
f 2112/2149/214 2175/2212/213 2111/2147/213
f 2049/2213/152 2176/2214/214 2112/2149/214
f 2114/2151/78 2177/2215/77 2113/2150/77
f 2115/2152/79 2178/2216/78 2114/2151/78
f 2116/2153/739 2179/2217/79 2115/2152/79
f 2116/2153/739 2181/2218/81 2180/2219/739
f 2118/2155/82 2181/2218/81 2117/2154/81
f 2118/2155/82 2183/2220/84 2182/2221/82
f 2119/2156/84 2184/2222/85 2183/2220/84
f 2120/2157/85 2185/2223/87 2184/2222/85
f 2122/2159/88 2185/2223/87 2121/2158/87
f 2123/2160/740 2186/2224/88 2122/2159/88
f 2124/2161/90 2187/2225/740 2123/2160/740
f 2125/2162/91 2188/2226/90 2124/2161/90
f 2126/2163/92 2189/2227/91 2125/2162/91
f 2127/2164/93 2190/2228/92 2126/2163/92
f 2127/2164/93 2192/2229/94 2191/2230/736
f 2128/2165/94 2193/2231/95 2192/2229/94
f 2130/2167/96 2193/2231/95 2129/2166/95
f 2131/2168/725 2194/2232/96 2130/2167/96
f 2132/2169/98 2195/2233/725 2131/2168/725
f 2132/2169/98 2197/2234/99 2196/2235/98
f 2134/2171/100 2197/2234/99 2133/2170/99
f 2134/2171/100 2199/2236/741 2198/2237/100
f 2135/2172/741 2200/2238/102 2199/2236/741
f 2136/2173/102 2201/2239/103 2200/2238/102
f 2138/2175/104 2201/2239/103 2137/2174/103
f 2139/2176/106 2202/2240/104 2138/2175/104
f 2140/2177/107 2203/2241/106 2139/2176/106
f 2140/2177/107 2205/2242/109 2204/2243/107
f 2142/2179/110 2205/2242/109 2141/2178/109
f 2143/2180/112 2206/2244/110 2142/2179/110
f 2143/2180/112 2208/2245/113 2207/2246/112
f 2144/2181/113 2209/2247/114 2208/2245/113
f 2146/2183/115 2209/2247/114 2145/2182/114
f 2147/2184/116 2210/2248/115 2146/2183/115
f 2148/2185/742 2211/2249/116 2147/2184/116
f 2148/2185/742 2213/2250/118 2212/2251/742
f 2150/2187/119 2213/2250/118 2149/2186/118
f 2150/2187/119 2215/2252/121 2214/2253/119
f 2151/2188/121 2216/2254/122 2215/2252/121
f 2152/2189/122 2217/2255/124 2216/2254/122
f 2154/2191/125 2217/2255/124 2153/2190/124
f 2155/2192/743 2218/2256/125 2154/2191/125
f 2156/2193/127 2219/2257/743 2155/2192/743
f 2157/2194/128 2220/2258/127 2156/2193/127
f 2158/2195/129 2221/2259/128 2157/2194/128
f 2159/2196/130 2222/2260/129 2158/2195/129
f 2159/2196/130 2224/2261/131 2223/2262/738
f 2160/2197/131 2225/2263/132 2224/2261/131
f 2162/2199/133 2225/2263/132 2161/2198/132
f 2163/2200/730 2226/2264/133 2162/2199/133
f 2164/2201/135 2227/2265/730 2163/2200/730
f 2164/2201/135 2229/2266/136 2228/2267/135
f 2166/2203/137 2229/2266/136 2165/2202/136
f 2166/2203/137 2231/2268/744 2230/2269/137
f 2167/2204/744 2232/2270/139 2231/2268/744
f 2168/2205/139 2233/2271/140 2232/2270/139
f 2170/2207/141 2233/2271/140 2169/2206/140
f 2171/2208/143 2234/2272/141 2170/2207/141
f 2172/2209/144 2235/2273/143 2171/2208/143
f 2172/2209/144 2237/2274/146 2236/2275/144
f 2174/2211/147 2237/2274/146 2173/2210/146
f 2175/2212/149 2238/2276/147 2174/2211/147
f 2175/2212/149 2240/2277/150 2239/2278/149
f 2176/2214/150 2177/2279/77 2240/2277/150
f 2178/2216/151 2241/2280/152 2177/2215/152
f 2179/2217/153 2242/2281/151 2178/2216/151
f 2180/2219/154 2243/2282/153 2179/2217/153
f 2181/2218/155 2244/2283/154 2180/2219/154
f 2182/2221/156 2245/2284/155 2181/2218/155
f 2183/2220/157 2246/2285/156 2182/2221/156
f 2184/2222/158 2247/2286/157 2183/2220/157
f 2185/2223/159 2248/2287/158 2184/2222/158
f 2186/2224/160 2249/2288/159 2185/2223/159
f 2187/2225/161 2250/2289/160 2186/2224/160
f 2188/2226/162 2251/2290/161 2187/2225/161
f 2189/2227/163 2252/2291/162 2188/2226/162
f 2190/2228/164 2253/2292/163 2189/2227/163
f 2191/2230/165 2254/2293/164 2190/2228/164
f 2192/2229/166 2255/2294/165 2191/2230/165
f 2193/2231/167 2256/2295/166 2192/2229/166
f 2194/2232/168 2257/2296/167 2193/2231/167
f 2195/2233/169 2258/2297/168 2194/2232/168
f 2196/2235/170 2259/2298/169 2195/2233/169
f 2197/2234/171 2260/2299/170 2196/2235/170
f 2198/2237/172 2261/2300/171 2197/2234/171
f 2199/2236/173 2262/2301/172 2198/2237/172
f 2200/2238/174 2263/2302/173 2199/2236/173
f 2201/2239/175 2264/2303/174 2200/2238/174
f 2202/2240/176 2265/2304/175 2201/2239/175
f 2203/2241/177 2266/2305/176 2202/2240/176
f 2204/2243/178 2267/2306/177 2203/2241/177
f 2205/2242/179 2268/2307/178 2204/2243/178
f 2206/2244/180 2269/2308/179 2205/2242/179
f 2207/2246/181 2270/2309/180 2206/2244/180
f 2208/2245/182 2271/2310/181 2207/2246/181
f 2209/2247/183 2272/2311/182 2208/2245/182
f 2210/2248/184 2273/2312/183 2209/2247/183
f 2211/2249/185 2274/2313/184 2210/2248/184
f 2212/2251/186 2275/2314/185 2211/2249/185
f 2213/2250/187 2276/2315/186 2212/2251/186
f 2214/2253/188 2277/2316/187 2213/2250/187
f 2215/2252/189 2278/2317/188 2214/2253/188
f 2216/2254/190 2279/2318/189 2215/2252/189
f 2217/2255/191 2280/2319/190 2216/2254/190
f 2218/2256/192 2281/2320/191 2217/2255/191
f 2219/2257/193 2282/2321/192 2218/2256/192
f 2220/2258/194 2283/2322/193 2219/2257/193
f 2221/2259/195 2284/2323/194 2220/2258/194
f 2222/2260/196 2285/2324/195 2221/2259/195
f 2223/2262/197 2286/2325/196 2222/2260/196
f 2224/2261/198 2287/2326/197 2223/2262/197
f 2225/2263/199 2288/2327/198 2224/2261/198
f 2226/2264/200 2289/2328/199 2225/2263/199
f 2227/2265/201 2290/2329/200 2226/2264/200
f 2228/2267/202 2291/2330/201 2227/2265/201
f 2229/2266/203 2292/2331/202 2228/2267/202
f 2230/2269/204 2293/2332/203 2229/2266/203
f 2231/2268/205 2294/2333/204 2230/2269/204
f 2232/2270/206 2295/2334/205 2231/2268/205
f 2233/2271/207 2296/2335/206 2232/2270/206
f 2234/2272/208 2297/2336/207 2233/2271/207
f 2235/2273/209 2298/2337/208 2234/2272/208
f 2236/2275/210 2299/2338/209 2235/2273/209
f 2237/2274/211 2300/2339/210 2236/2275/210
f 2238/2276/212 2301/2340/211 2237/2274/211
f 2239/2278/213 2302/2341/212 2238/2276/212
f 2240/2277/214 2303/2342/213 2239/2278/213
f 2177/2279/152 2304/2343/214 2240/2277/214
f 2241/2280/438 2306/2344/437 2305/2345/438
f 2242/2281/437 2307/2346/439 2306/2344/437
f 2244/2283/440 2307/2346/439 2243/2282/439
f 2245/2284/441 2308/2347/440 2244/2283/440
f 2245/2284/441 2310/2348/442 2309/2349/441
f 2247/2286/577 2310/2348/442 2246/2285/442
f 2248/2287/444 2311/2350/443 2247/2286/577
f 2249/2288/446 2312/2351/444 2248/2287/444
f 2249/2288/446 2314/2352/447 2313/2353/446
f 2250/2289/447 2315/2354/448 2314/2352/447
f 2251/2290/448 2316/2355/449 2315/2354/448
f 2253/2292/450 2316/2355/449 2252/2291/449
f 2253/2292/450 2318/2356/451 2317/2357/450
f 2255/2294/452 2318/2356/451 2254/2293/451
f 2256/2295/453 2319/2358/452 2255/2294/452
f 2257/2296/454 2320/2359/453 2256/2295/453
f 2257/2296/454 2322/2360/455 2321/2361/454
f 2258/2297/455 2323/2362/456 2322/2360/455
f 2260/2299/457 2323/2362/456 2259/2298/456
f 2261/2300/458 2324/2363/457 2260/2299/457
f 2262/2301/459 2325/2364/458 2261/2300/458
f 2263/2302/460 2326/2365/459 2262/2301/459
f 2264/2303/461 2327/2366/460 2263/2302/460
f 2265/2304/462 2328/2367/461 2264/2303/461
f 2265/2304/462 2330/2368/463 2329/2369/462
f 2266/2305/463 2331/2370/464 2330/2368/463
f 2267/2306/580 2332/2371/465 2331/2370/464
f 2269/2308/467 2332/2371/465 2268/2307/465
f 2269/2308/467 2334/2372/468 2333/2373/467
f 2271/2310/719 2334/2372/468 2270/2309/468
f 2272/2311/470 2335/2374/469 2271/2310/719
f 2273/2312/471 2336/2375/470 2272/2311/470
f 2273/2312/471 2338/2376/472 2337/2377/471
f 2274/2313/472 2339/2378/473 2338/2376/472
f 2276/2315/474 2339/2378/473 2275/2314/473
f 2277/2316/475 2340/2379/474 2276/2315/474
f 2277/2316/475 2342/2380/476 2341/2381/475
f 2279/2318/581 2342/2380/476 2278/2317/476
f 2280/2319/478 2343/2382/477 2279/2318/581
f 2281/2320/480 2344/2383/478 2280/2319/478
f 2281/2320/480 2346/2384/481 2345/2385/480
f 2282/2321/481 2347/2386/482 2346/2384/481
f 2283/2322/482 2348/2387/483 2347/2386/482
f 2285/2324/484 2348/2387/483 2284/2323/483
f 2285/2324/484 2350/2388/485 2349/2389/484
f 2287/2326/486 2350/2388/485 2286/2325/485
f 2288/2327/487 2351/2390/486 2287/2326/486
f 2289/2328/488 2352/2391/487 2288/2327/487
f 2289/2328/488 2354/2392/489 2353/2393/488
f 2290/2329/489 2355/2394/490 2354/2392/489
f 2292/2331/491 2355/2394/490 2291/2330/490
f 2293/2332/492 2356/2395/491 2292/2331/491
f 2294/2333/493 2357/2396/492 2293/2332/492
f 2295/2334/494 2358/2397/493 2294/2333/493
f 2296/2335/495 2359/2398/494 2295/2334/494
f 2297/2336/496 2360/2399/495 2296/2335/495
f 2297/2336/496 2362/2400/497 2361/2401/496
f 2298/2337/497 2363/2402/498 2362/2400/497
f 2299/2338/584 2364/2403/499 2363/2402/498
f 2301/2340/501 2364/2403/499 2300/2339/499
f 2301/2340/501 2366/2404/502 2365/2405/501
f 2303/2342/722 2366/2404/502 2302/2341/502
f 2304/2343/504 2367/2406/503 2303/2342/722
f 2241/2407/438 2368/2408/504 2304/2343/504
f 2306/2344/151 2369/2409/152 2305/2345/152
f 2307/2346/153 2370/2410/151 2306/2344/151
f 2308/2347/154 2371/2411/153 2307/2346/153
f 2309/2349/155 2372/2412/154 2308/2347/154
f 2310/2348/156 2373/2413/155 2309/2349/155
f 2311/2350/157 2374/2414/156 2310/2348/156
f 2312/2351/158 2375/2415/157 2311/2350/157
f 2313/2353/159 2376/2416/158 2312/2351/158
f 2314/2352/160 2377/2417/159 2313/2353/159
f 2315/2354/161 2378/2418/160 2314/2352/160
f 2316/2355/162 2379/2419/161 2315/2354/161
f 2317/2357/163 2380/2420/162 2316/2355/162
f 2318/2356/164 2381/2421/163 2317/2357/163
f 2319/2358/165 2382/2422/164 2318/2356/164
f 2320/2359/166 2383/2423/165 2319/2358/165
f 2321/2361/167 2384/2424/166 2320/2359/166
f 2322/2360/168 2385/2425/167 2321/2361/167
f 2323/2362/169 2386/2426/168 2322/2360/168
f 2324/2363/170 2387/2427/169 2323/2362/169
f 2325/2364/171 2388/2428/170 2324/2363/170
f 2326/2365/172 2389/2429/171 2325/2364/171
f 2327/2366/173 2390/2430/172 2326/2365/172
f 2328/2367/174 2391/2431/173 2327/2366/173
f 2329/2369/175 2392/2432/174 2328/2367/174
f 2330/2368/176 2393/2433/175 2329/2369/175
f 2331/2370/177 2394/2434/176 2330/2368/176
f 2332/2371/178 2395/2435/177 2331/2370/177
f 2333/2373/179 2396/2436/178 2332/2371/178
f 2334/2372/180 2397/2437/179 2333/2373/179
f 2335/2374/181 2398/2438/180 2334/2372/180
f 2336/2375/182 2399/2439/181 2335/2374/181
f 2337/2377/183 2400/2440/182 2336/2375/182
f 2338/2376/184 2401/2441/183 2337/2377/183
f 2339/2378/185 2402/2442/184 2338/2376/184
f 2340/2379/186 2403/2443/185 2339/2378/185
f 2341/2381/187 2404/2444/186 2340/2379/186
f 2342/2380/188 2405/2445/187 2341/2381/187
f 2343/2382/189 2406/2446/188 2342/2380/188
f 2344/2383/190 2407/2447/189 2343/2382/189
f 2345/2385/191 2408/2448/190 2344/2383/190
f 2346/2384/192 2409/2449/191 2345/2385/191
f 2347/2386/193 2410/2450/192 2346/2384/192
f 2348/2387/194 2411/2451/193 2347/2386/193
f 2349/2389/195 2412/2452/194 2348/2387/194
f 2350/2388/196 2413/2453/195 2349/2389/195
f 2351/2390/197 2414/2454/196 2350/2388/196
f 2352/2391/198 2415/2455/197 2351/2390/197
f 2353/2393/199 2416/2456/198 2352/2391/198
f 2354/2392/200 2417/2457/199 2353/2393/199
f 2355/2394/201 2418/2458/200 2354/2392/200
f 2356/2395/202 2419/2459/201 2355/2394/201
f 2357/2396/203 2420/2460/202 2356/2395/202
f 2358/2397/204 2421/2461/203 2357/2396/203
f 2359/2398/205 2422/2462/204 2358/2397/204
f 2360/2399/206 2423/2463/205 2359/2398/205
f 2361/2401/207 2424/2464/206 2360/2399/206
f 2362/2400/208 2425/2465/207 2361/2401/207
f 2363/2402/209 2426/2466/208 2362/2400/208
f 2364/2403/210 2427/2467/209 2363/2402/209
f 2365/2405/211 2428/2468/210 2364/2403/210
f 2366/2404/212 2429/2469/211 2365/2405/211
f 2367/2406/213 2430/2470/212 2366/2404/212
f 2368/2408/214 2431/2471/213 2367/2406/213
f 2305/2472/152 2432/2473/214 2368/2408/214
f 2370/2410/78 2433/2474/77 2369/2409/77
f 2371/2411/79 2434/2475/78 2370/2410/78
f 2372/2412/80 2435/2476/79 2371/2411/79
f 2372/2412/80 2437/2477/81 2436/2478/80
f 2374/2414/82 2437/2477/81 2373/2413/81
f 2374/2414/82 2439/2479/724 2438/2480/82
f 2375/2415/724 2440/2481/85 2439/2479/724
f 2376/2416/85 2441/2482/87 2440/2481/85
f 2378/2418/88 2441/2482/87 2377/2417/87
f 2379/2419/740 2442/2483/88 2378/2418/88
f 2380/2420/90 2443/2484/740 2379/2419/740
f 2381/2421/91 2444/2485/90 2380/2420/90
f 2382/2422/745 2445/2486/91 2381/2421/91
f 2383/2423/93 2446/2487/745 2382/2422/745
f 2383/2423/93 2448/2488/94 2447/2489/93
f 2384/2424/94 2449/2490/95 2448/2488/94
f 2386/2426/96 2449/2490/95 2385/2425/95
f 2387/2427/725 2450/2491/96 2386/2426/96
f 2388/2428/726 2451/2492/725 2387/2427/725
f 2388/2428/726 2453/2493/99 2452/2494/726
f 2390/2430/100 2453/2493/99 2389/2429/99
f 2390/2430/100 2455/2495/741 2454/2496/100
f 2391/2431/741 2456/2497/102 2455/2495/741
f 2392/2432/102 2457/2498/103 2456/2497/102
f 2394/2434/104 2457/2498/103 2393/2433/103
f 2395/2435/727 2458/2499/104 2394/2434/104
f 2396/2436/107 2459/2500/727 2395/2435/727
f 2396/2436/107 2461/2501/109 2460/2502/107
f 2398/2438/733 2461/2501/109 2397/2437/109
f 2399/2439/112 2462/2503/733 2398/2438/733
f 2399/2439/112 2464/2504/113 2463/2505/112
f 2400/2440/113 2465/2506/114 2464/2504/113
f 2402/2442/115 2465/2506/114 2401/2441/114
f 2403/2443/116 2466/2507/115 2402/2442/115
f 2404/2444/117 2467/2508/116 2403/2443/116
f 2404/2444/117 2469/2509/118 2468/2510/117
f 2406/2446/119 2469/2509/118 2405/2445/118
f 2406/2446/119 2471/2511/729 2470/2512/119
f 2407/2447/729 2472/2513/122 2471/2511/729
f 2408/2448/122 2473/2514/124 2472/2513/122
f 2410/2450/125 2473/2514/124 2409/2449/124
f 2411/2451/743 2474/2515/125 2410/2450/125
f 2412/2452/127 2475/2516/743 2411/2451/743
f 2413/2453/128 2476/2517/127 2412/2452/127
f 2414/2454/746 2477/2518/128 2413/2453/128
f 2415/2455/130 2478/2519/746 2414/2454/746
f 2415/2455/130 2480/2520/131 2479/2521/130
f 2416/2456/131 2481/2522/132 2480/2520/131
f 2418/2458/133 2481/2522/132 2417/2457/132
f 2419/2459/730 2482/2523/133 2418/2458/133
f 2420/2460/731 2483/2524/730 2419/2459/730
f 2420/2460/731 2485/2525/136 2484/2526/731
f 2422/2462/137 2485/2525/136 2421/2461/136
f 2422/2462/137 2487/2527/744 2486/2528/137
f 2423/2463/744 2488/2529/139 2487/2527/744
f 2424/2464/139 2489/2530/140 2488/2529/139
f 2426/2466/141 2489/2530/140 2425/2465/140
f 2427/2467/732 2490/2531/141 2426/2466/141
f 2428/2468/144 2491/2532/732 2427/2467/732
f 2428/2468/144 2493/2533/146 2492/2534/144
f 2430/2470/734 2493/2533/146 2429/2469/146
f 2431/2471/149 2494/2535/734 2430/2470/734
f 2431/2471/149 2496/2536/150 2495/2537/149
f 2432/2473/150 2433/2538/77 2496/2536/150
f 2434/2475/151 2497/2539/152 2433/2474/152
f 2435/2476/153 2498/2540/151 2434/2475/151
f 2436/2478/154 2499/2541/153 2435/2476/153
f 2437/2477/155 2500/2542/154 2436/2478/154
f 2438/2480/156 2501/2543/155 2437/2477/155
f 2439/2479/157 2502/2544/156 2438/2480/156
f 2440/2481/158 2503/2545/157 2439/2479/157
f 2441/2482/159 2504/2546/158 2440/2481/158
f 2442/2483/160 2505/2547/159 2441/2482/159
f 2443/2484/161 2506/2548/160 2442/2483/160
f 2444/2485/162 2507/2549/161 2443/2484/161
f 2445/2486/163 2508/2550/162 2444/2485/162
f 2446/2487/164 2509/2551/163 2445/2486/163
f 2447/2489/165 2510/2552/164 2446/2487/164
f 2448/2488/166 2511/2553/165 2447/2489/165
f 2449/2490/167 2512/2554/166 2448/2488/166
f 2450/2491/168 2513/2555/167 2449/2490/167
f 2451/2492/169 2514/2556/168 2450/2491/168
f 2452/2494/170 2515/2557/169 2451/2492/169
f 2453/2493/171 2516/2558/170 2452/2494/170
f 2454/2496/172 2517/2559/171 2453/2493/171
f 2455/2495/173 2518/2560/172 2454/2496/172
f 2456/2497/174 2519/2561/173 2455/2495/173
f 2457/2498/175 2520/2562/174 2456/2497/174
f 2458/2499/176 2521/2563/175 2457/2498/175
f 2459/2500/177 2522/2564/176 2458/2499/176
f 2460/2502/178 2523/2565/177 2459/2500/177
f 2461/2501/179 2524/2566/178 2460/2502/178
f 2462/2503/180 2525/2567/179 2461/2501/179
f 2463/2505/181 2526/2568/180 2462/2503/180
f 2464/2504/182 2527/2569/181 2463/2505/181
f 2465/2506/183 2528/2570/182 2464/2504/182
f 2466/2507/184 2529/2571/183 2465/2506/183
f 2467/2508/185 2530/2572/184 2466/2507/184
f 2468/2510/186 2531/2573/185 2467/2508/185
f 2469/2509/187 2532/2574/186 2468/2510/186
f 2470/2512/188 2533/2575/187 2469/2509/187
f 2471/2511/189 2534/2576/188 2470/2512/188
f 2472/2513/190 2535/2577/189 2471/2511/189
f 2473/2514/191 2536/2578/190 2472/2513/190
f 2474/2515/192 2537/2579/191 2473/2514/191
f 2475/2516/193 2538/2580/192 2474/2515/192
f 2476/2517/194 2539/2581/193 2475/2516/193
f 2477/2518/195 2540/2582/194 2476/2517/194
f 2478/2519/196 2541/2583/195 2477/2518/195
f 2479/2521/197 2542/2584/196 2478/2519/196
f 2480/2520/198 2543/2585/197 2479/2521/197
f 2481/2522/199 2544/2586/198 2480/2520/198
f 2482/2523/200 2545/2587/199 2481/2522/199
f 2483/2524/201 2546/2588/200 2482/2523/200
f 2484/2526/202 2547/2589/201 2483/2524/201
f 2485/2525/203 2548/2590/202 2484/2526/202
f 2486/2528/204 2549/2591/203 2485/2525/203
f 2487/2527/205 2550/2592/204 2486/2528/204
f 2488/2529/206 2551/2593/205 2487/2527/205
f 2489/2530/207 2552/2594/206 2488/2529/206
f 2490/2531/208 2553/2595/207 2489/2530/207
f 2491/2532/209 2554/2596/208 2490/2531/208
f 2492/2534/210 2555/2597/209 2491/2532/209
f 2493/2533/211 2556/2598/210 2492/2534/210
f 2494/2535/212 2557/2599/211 2493/2533/211
f 2495/2537/213 2558/2600/212 2494/2535/212
f 2496/2536/214 2559/2601/213 2495/2537/213
f 2433/2538/152 2560/2602/214 2496/2536/214
f 2497/2539/438 2562/2603/437 2561/2604/438
f 2498/2540/437 2563/2605/439 2562/2603/437
f 2499/2541/747 2564/2606/440 2563/2605/439
f 2501/2543/441 2564/2606/440 2500/2542/440
f 2502/2544/442 2565/2607/441 2501/2543/441
f 2503/2545/748 2566/2608/442 2502/2544/442
f 2504/2546/444 2567/2609/748 2503/2545/748
f 2505/2547/446 2568/2610/444 2504/2546/444
f 2505/2547/446 2570/2611/447 2569/2612/446
f 2506/2548/447 2571/2613/749 2570/2611/447
f 2507/2549/749 2572/2614/750 2571/2613/749
f 2509/2551/450 2572/2614/750 2508/2550/750
f 2509/2551/450 2574/2615/451 2573/2616/450
f 2511/2553/578 2574/2615/451 2510/2552/451
f 2512/2554/453 2575/2617/578 2511/2553/578
f 2513/2555/454 2576/2618/453 2512/2554/453
f 2513/2555/454 2578/2619/455 2577/2620/454
f 2514/2556/455 2579/2621/579 2578/2619/455
f 2516/2558/457 2579/2621/579 2515/2557/579
f 2517/2559/458 2580/2622/457 2516/2558/457
f 2517/2559/458 2582/2623/751 2581/2624/458
f 2519/2561/752 2582/2623/751 2518/2560/751
f 2520/2562/461 2583/2625/752 2519/2561/752
f 2521/2563/462 2584/2626/461 2520/2562/461
f 2521/2563/462 2586/2627/463 2585/2628/462
f 2522/2564/463 2587/2629/753 2586/2627/463
f 2523/2565/753 2588/2630/465 2587/2629/753
f 2525/2567/467 2588/2630/465 2524/2566/754
f 2526/2568/468 2589/2631/467 2525/2567/467
f 2527/2569/755 2590/2632/468 2526/2568/468
f 2528/2570/470 2591/2633/469 2527/2569/755
f 2529/2571/471 2592/2634/470 2528/2570/470
f 2529/2571/471 2594/2635/472 2593/2636/471
f 2530/2572/472 2595/2637/473 2594/2635/472
f 2531/2573/756 2596/2638/474 2595/2637/473
f 2533/2575/475 2596/2638/474 2532/2574/474
f 2534/2576/476 2597/2639/475 2533/2575/475
f 2535/2577/757 2598/2640/476 2534/2576/476
f 2536/2578/478 2599/2641/757 2535/2577/757
f 2537/2579/480 2600/2642/478 2536/2578/478
f 2537/2579/480 2602/2643/481 2601/2644/480
f 2538/2580/481 2603/2645/758 2602/2643/481
f 2539/2581/758 2604/2646/759 2603/2645/758
f 2541/2583/484 2604/2646/759 2540/2582/759
f 2541/2583/484 2606/2647/485 2605/2648/484
f 2543/2585/582 2606/2647/485 2542/2584/485
f 2544/2586/487 2607/2649/582 2543/2585/582
f 2545/2587/488 2608/2650/487 2544/2586/487
f 2545/2587/488 2610/2651/489 2609/2652/488
f 2546/2588/489 2611/2653/583 2610/2651/489
f 2548/2590/491 2611/2653/583 2547/2589/583
f 2549/2591/492 2612/2654/491 2548/2590/491
f 2549/2591/492 2614/2655/760 2613/2656/492
f 2551/2593/761 2614/2655/760 2550/2592/760
f 2552/2594/495 2615/2657/761 2551/2593/761
f 2553/2595/496 2616/2658/495 2552/2594/495
f 2553/2595/496 2618/2659/497 2617/2660/496
f 2554/2596/497 2619/2661/762 2618/2659/497
f 2555/2597/762 2620/2662/499 2619/2661/762
f 2557/2599/501 2620/2662/499 2556/2598/763
f 2558/2600/502 2621/2663/501 2557/2599/501
f 2559/2601/764 2622/2664/502 2558/2600/502
f 2560/2602/504 2623/2665/503 2559/2601/764
f 2497/2666/438 2624/2667/504 2560/2602/504
f 2562/2603/151 2625/2668/152 2561/2604/152
f 2563/2605/153 2626/2669/151 2562/2603/151
f 2564/2606/154 2627/2670/153 2563/2605/153
f 2565/2607/155 2628/2671/154 2564/2606/154
f 2566/2608/156 2629/2672/155 2565/2607/155
f 2567/2609/157 2630/2673/156 2566/2608/156
f 2568/2610/158 2631/2674/157 2567/2609/157
f 2569/2612/159 2632/2675/158 2568/2610/158
f 2570/2611/160 2633/2676/159 2569/2612/159
f 2571/2613/161 2634/2677/160 2570/2611/160
f 2572/2614/162 2635/2678/161 2571/2613/161
f 2573/2616/163 2636/2679/162 2572/2614/162
f 2574/2615/164 2637/2680/163 2573/2616/163
f 2575/2617/165 2638/2681/164 2574/2615/164
f 2576/2618/166 2639/2682/165 2575/2617/165
f 2577/2620/167 2640/2683/166 2576/2618/166
f 2578/2619/168 2641/2684/167 2577/2620/167
f 2579/2621/169 2642/2685/168 2578/2619/168
f 2580/2622/170 2643/2686/169 2579/2621/169
f 2581/2624/171 2644/2687/170 2580/2622/170
f 2582/2623/172 2645/2688/171 2581/2624/171
f 2583/2625/173 2646/2689/172 2582/2623/172
f 2584/2626/174 2647/2690/173 2583/2625/173
f 2585/2628/175 2648/2691/174 2584/2626/174
f 2586/2627/176 2649/2692/175 2585/2628/175
f 2587/2629/177 2650/2693/176 2586/2627/176
f 2588/2630/178 2651/2694/177 2587/2629/177
f 2589/2631/179 2652/2695/178 2588/2630/178
f 2590/2632/180 2653/2696/179 2589/2631/179
f 2591/2633/181 2654/2697/180 2590/2632/180
f 2592/2634/182 2655/2698/181 2591/2633/181
f 2593/2636/183 2656/2699/182 2592/2634/182
f 2594/2635/184 2657/2700/183 2593/2636/183
f 2595/2637/185 2658/2701/184 2594/2635/184
f 2596/2638/186 2659/2702/185 2595/2637/185
f 2597/2639/187 2660/2703/186 2596/2638/186
f 2598/2640/188 2661/2704/187 2597/2639/187
f 2599/2641/189 2662/2705/188 2598/2640/188
f 2600/2642/190 2663/2706/189 2599/2641/189
f 2601/2644/191 2664/2707/190 2600/2642/190
f 2602/2643/192 2665/2708/191 2601/2644/191
f 2603/2645/193 2666/2709/192 2602/2643/192
f 2604/2646/194 2667/2710/193 2603/2645/193
f 2605/2648/195 2668/2711/194 2604/2646/194
f 2606/2647/196 2669/2712/195 2605/2648/195
f 2607/2649/197 2670/2713/196 2606/2647/196
f 2608/2650/198 2671/2714/197 2607/2649/197
f 2609/2652/199 2672/2715/198 2608/2650/198
f 2610/2651/200 2673/2716/199 2609/2652/199
f 2611/2653/201 2674/2717/200 2610/2651/200
f 2612/2654/202 2675/2718/201 2611/2653/201
f 2613/2656/203 2676/2719/202 2612/2654/202
f 2614/2655/204 2677/2720/203 2613/2656/203
f 2615/2657/205 2678/2721/204 2614/2655/204
f 2616/2658/206 2679/2722/205 2615/2657/205
f 2617/2660/207 2680/2723/206 2616/2658/206
f 2618/2659/208 2681/2724/207 2617/2660/207
f 2619/2661/209 2682/2725/208 2618/2659/208
f 2620/2662/210 2683/2726/209 2619/2661/209
f 2621/2663/211 2684/2727/210 2620/2662/210
f 2622/2664/212 2685/2728/211 2621/2663/211
f 2623/2665/213 2686/2729/212 2622/2664/212
f 2624/2667/214 2687/2730/213 2623/2665/213
f 2561/2731/152 2688/2732/214 2624/2667/214
f 2626/2669/78 2689/2733/77 2625/2668/77
f 2627/2670/505 2690/2734/78 2626/2669/78
f 2628/2671/80 2691/2735/79 2627/2670/505
f 2628/2671/80 2693/2736/81 2692/2737/80
f 2630/2673/82 2693/2736/81 2629/2672/81
f 2630/2673/82 2695/2738/86 2694/2739/82
f 2631/2674/86 2696/2740/85 2695/2738/86
f 2632/2675/85 2697/2741/87 2696/2740/85
f 2634/2677/88 2697/2741/87 2633/2676/87
f 2635/2678/89 2698/2742/88 2634/2677/88
f 2636/2679/90 2699/2743/89 2635/2678/89
f 2637/2680/91 2700/2744/765 2636/2679/90
f 2638/2681/92 2701/2745/91 2637/2680/91
f 2639/2682/736 2702/2746/92 2638/2681/92
f 2639/2682/736 2704/2747/94 2703/2748/736
f 2640/2683/94 2705/2749/95 2704/2747/94
f 2642/2685/96 2705/2749/95 2641/2684/95
f 2643/2686/97 2706/2750/96 2642/2685/96
f 2644/2687/98 2707/2751/97 2643/2686/97
f 2644/2687/98 2709/2752/99 2708/2753/98
f 2646/2689/100 2709/2752/99 2645/2688/99
f 2646/2689/100 2711/2754/101 2710/2755/100
f 2647/2690/101 2712/2756/102 2711/2754/101
f 2648/2691/102 2713/2757/103 2712/2756/102
f 2650/2693/104 2713/2757/103 2649/2692/103
f 2651/2694/108 2714/2758/104 2650/2693/104
f 2652/2695/107 2715/2759/108 2651/2694/108
f 2652/2695/107 2717/2760/109 2716/2761/107
f 2654/2697/110 2717/2760/109 2653/2696/109
f 2655/2698/112 2718/2762/110 2654/2697/110
f 2655/2698/112 2720/2763/113 2719/2764/112
f 2656/2699/113 2721/2765/114 2720/2763/113
f 2658/2701/115 2721/2765/114 2657/2700/114
f 2659/2702/507 2722/2766/115 2658/2701/115
f 2660/2703/117 2723/2767/116 2659/2702/507
f 2660/2703/117 2725/2768/118 2724/2769/117
f 2662/2705/119 2725/2768/118 2661/2704/118
f 2662/2705/119 2727/2770/123 2726/2771/119
f 2663/2706/123 2728/2772/122 2727/2770/123
f 2664/2707/122 2729/2773/124 2728/2772/122
f 2666/2709/125 2729/2773/124 2665/2708/124
f 2667/2710/126 2730/2774/125 2666/2709/125
f 2668/2711/127 2731/2775/126 2667/2710/126
f 2669/2712/128 2732/2776/766 2668/2711/127
f 2670/2713/129 2733/2777/128 2669/2712/128
f 2671/2714/738 2734/2778/129 2670/2713/129
f 2671/2714/738 2736/2779/131 2735/2780/738
f 2672/2715/131 2737/2781/132 2736/2779/131
f 2674/2717/133 2737/2781/132 2673/2716/132
f 2675/2718/134 2738/2782/133 2674/2717/133
f 2676/2719/135 2739/2783/134 2675/2718/134
f 2676/2719/135 2741/2784/136 2740/2785/135
f 2678/2721/137 2741/2784/136 2677/2720/136
f 2678/2721/137 2743/2786/138 2742/2787/137
f 2679/2722/138 2744/2788/139 2743/2786/138
f 2680/2723/139 2745/2789/140 2744/2788/139
f 2682/2725/141 2745/2789/140 2681/2724/140
f 2683/2726/145 2746/2790/141 2682/2725/141
f 2684/2727/144 2747/2791/145 2683/2726/145
f 2684/2727/144 2749/2792/146 2748/2793/144
f 2686/2729/147 2749/2792/146 2685/2728/146
f 2687/2730/149 2750/2794/147 2686/2729/147
f 2687/2730/149 2752/2795/150 2751/2796/149
f 2688/2732/150 2689/2797/77 2752/2795/150
f 2690/2734/151 2753/2798/152 2689/2733/152
f 2691/2735/153 2754/2799/151 2690/2734/151
f 2692/2737/154 2755/2800/153 2691/2735/153
f 2693/2736/155 2756/2801/154 2692/2737/154
f 2694/2739/156 2757/2802/155 2693/2736/155
f 2695/2738/157 2758/2803/156 2694/2739/156
f 2696/2740/158 2759/2804/157 2695/2738/157
f 2697/2741/159 2760/2805/158 2696/2740/158
f 2698/2742/160 2761/2806/159 2697/2741/159
f 2699/2743/161 2762/2807/160 2698/2742/160
f 2700/2744/162 2763/2808/161 2699/2743/161
f 2701/2745/163 2764/2809/162 2700/2744/162
f 2702/2746/164 2765/2810/163 2701/2745/163
f 2703/2748/165 2766/2811/164 2702/2746/164
f 2704/2747/166 2767/2812/165 2703/2748/165
f 2705/2749/167 2768/2813/166 2704/2747/166
f 2706/2750/168 2769/2814/167 2705/2749/167
f 2707/2751/169 2770/2815/168 2706/2750/168
f 2708/2753/170 2771/2816/169 2707/2751/169
f 2709/2752/171 2772/2817/170 2708/2753/170
f 2710/2755/172 2773/2818/171 2709/2752/171
f 2711/2754/173 2774/2819/172 2710/2755/172
f 2712/2756/174 2775/2820/173 2711/2754/173
f 2713/2757/175 2776/2821/174 2712/2756/174
f 2714/2758/176 2777/2822/175 2713/2757/175
f 2715/2759/177 2778/2823/176 2714/2758/176
f 2716/2761/178 2779/2824/177 2715/2759/177
f 2717/2760/179 2780/2825/178 2716/2761/178
f 2718/2762/180 2781/2826/179 2717/2760/179
f 2719/2764/181 2782/2827/180 2718/2762/180
f 2720/2763/182 2783/2828/181 2719/2764/181
f 2721/2765/183 2784/2829/182 2720/2763/182
f 2722/2766/184 2785/2830/183 2721/2765/183
f 2723/2767/185 2786/2831/184 2722/2766/184
f 2724/2769/186 2787/2832/185 2723/2767/185
f 2725/2768/187 2788/2833/186 2724/2769/186
f 2726/2771/188 2789/2834/187 2725/2768/187
f 2727/2770/189 2790/2835/188 2726/2771/188
f 2728/2772/190 2791/2836/189 2727/2770/189
f 2729/2773/191 2792/2837/190 2728/2772/190
f 2730/2774/192 2793/2838/191 2729/2773/191
f 2731/2775/193 2794/2839/192 2730/2774/192
f 2732/2776/194 2795/2840/193 2731/2775/193
f 2733/2777/195 2796/2841/194 2732/2776/194
f 2734/2778/196 2797/2842/195 2733/2777/195
f 2735/2780/197 2798/2843/196 2734/2778/196
f 2736/2779/198 2799/2844/197 2735/2780/197
f 2737/2781/199 2800/2845/198 2736/2779/198
f 2738/2782/200 2801/2846/199 2737/2781/199
f 2739/2783/201 2802/2847/200 2738/2782/200
f 2740/2785/202 2803/2848/201 2739/2783/201
f 2741/2784/203 2804/2849/202 2740/2785/202
f 2742/2787/204 2805/2850/203 2741/2784/203
f 2743/2786/205 2806/2851/204 2742/2787/204
f 2744/2788/206 2807/2852/205 2743/2786/205
f 2745/2789/207 2808/2853/206 2744/2788/206
f 2746/2790/208 2809/2854/207 2745/2789/207
f 2747/2791/209 2810/2855/208 2746/2790/208
f 2748/2793/210 2811/2856/209 2747/2791/209
f 2749/2792/211 2812/2857/210 2748/2793/210
f 2750/2794/212 2813/2858/211 2749/2792/211
f 2751/2796/213 2814/2859/212 2750/2794/212
f 2752/2795/214 2815/2860/213 2751/2796/213
f 2689/2797/152 2816/2861/214 2752/2795/214
f 2754/2799/767 2817/2862/768 2753/2798/768
f 2754/2799/767 2819/2863/769 2818/2864/767
f 2755/2800/769 2820/2865/770 2819/2863/769
f 2756/2801/770 2821/2866/771 2820/2865/770
f 2757/2802/771 2822/2867/772 2821/2866/771
f 2759/2804/773 2822/2867/772 2758/2803/772
f 2760/2805/774 2823/2868/773 2759/2804/773
f 2761/2806/775 2824/2869/774 2760/2805/774
f 2761/2806/775 2826/2870/776 2825/2871/775
f 2762/2807/776 2827/2872/777 2826/2870/776
f 2763/2808/777 2828/2873/778 2827/2872/777
f 2765/2810/779 2828/2873/778 2764/2809/778
f 2766/2811/780 2829/2874/779 2765/2810/779
f 2767/2812/781 2830/2875/780 2766/2811/780
f 2768/2813/782 2831/2876/781 2767/2812/781
f 2768/2813/782 2833/2877/783 2832/2878/782
f 2770/2815/784 2833/2877/783 2769/2814/783
f 2770/2815/784 2835/2879/785 2834/2880/784
f 2771/2816/785 2836/2881/786 2835/2879/785
f 2772/2817/786 2837/2882/787 2836/2881/786
f 2773/2818/787 2838/2883/788 2837/2882/787
f 2775/2820/789 2838/2883/788 2774/2819/788
f 2776/2821/790 2839/2884/789 2775/2820/789
f 2777/2822/791 2840/2885/790 2776/2821/790
f 2777/2822/791 2842/2886/792 2841/2887/791
f 2778/2823/792 2843/2888/793 2842/2886/792
f 2779/2824/793 2844/2889/794 2843/2888/793
f 2781/2826/795 2844/2889/794 2780/2825/794
f 2782/2827/796 2845/2890/795 2781/2826/795
f 2783/2828/797 2846/2891/796 2782/2827/796
f 2784/2829/798 2847/2892/797 2783/2828/797
f 2784/2829/798 2849/2893/799 2848/2894/798
f 2786/2831/800 2849/2893/799 2785/2830/799
f 2786/2831/800 2851/2895/801 2850/2896/800
f 2787/2832/801 2852/2897/802 2851/2895/801
f 2788/2833/802 2853/2898/803 2852/2897/802
f 2789/2834/803 2854/2899/804 2853/2898/803
f 2791/2836/805 2854/2899/804 2790/2835/804
f 2792/2837/806 2855/2900/805 2791/2836/805
f 2793/2838/807 2856/2901/806 2792/2837/806
f 2793/2838/807 2858/2902/808 2857/2903/807
f 2794/2839/808 2859/2904/809 2858/2902/808
f 2795/2840/809 2860/2905/810 2859/2904/809
f 2797/2842/811 2860/2905/810 2796/2841/810
f 2798/2843/812 2861/2906/811 2797/2842/811
f 2799/2844/813 2862/2907/812 2798/2843/812
f 2800/2845/814 2863/2908/813 2799/2844/813
f 2800/2845/814 2865/2909/815 2864/2910/814
f 2802/2847/816 2865/2909/815 2801/2846/815
f 2802/2847/816 2867/2911/817 2866/2912/816
f 2803/2848/817 2868/2913/818 2867/2911/817
f 2804/2849/818 2869/2914/819 2868/2913/818
f 2805/2850/819 2870/2915/820 2869/2914/819
f 2807/2852/821 2870/2915/820 2806/2851/820
f 2808/2853/822 2871/2916/821 2807/2852/821
f 2809/2854/823 2872/2917/822 2808/2853/822
f 2809/2854/823 2874/2918/824 2873/2919/823
f 2810/2855/824 2875/2920/825 2874/2918/824
f 2811/2856/825 2876/2921/826 2875/2920/825
f 2813/2858/827 2876/2921/826 2812/2857/826
f 2814/2859/828 2877/2922/827 2813/2858/827
f 2815/2860/829 2878/2923/828 2814/2859/828
f 2816/2861/830 2879/2924/829 2815/2860/829
f 2816/2861/830 2817/2925/768 2880/2926/830
f 2818/2864/831 2881/2927/832 2817/2862/832
f 2818/2864/831 2883/2928/833 2882/2929/831
f 2820/2865/834 2883/2928/833 2819/2863/833
f 2821/2866/835 2884/2930/834 2820/2865/834
f 2821/2866/835 2886/2931/836 2885/2932/835
f 2822/2867/837 2887/2933/838 2886/2931/836
f 2823/2868/838 2888/2934/839 2887/2933/838
f 2824/2869/839 2889/2935/840 2888/2934/839
f 2826/2870/841 2889/2935/840 2825/2871/840
f 2827/2872/842 2890/2936/841 2826/2870/841
f 2828/2873/843 2891/2937/842 2827/2872/842
f 2829/2874/844 2892/2938/843 2828/2873/843
f 2829/2874/844 2894/2939/845 2893/2940/844
f 2830/2875/845 2895/2941/846 2894/2939/845
f 2832/2878/847 2895/2941/846 2831/2876/846
f 2832/2878/847 2897/2942/848 2896/2943/847
f 2834/2880/849 2897/2942/848 2833/2877/848
f 2834/2880/849 2899/2944/850 2898/2945/849
f 2836/2881/851 2899/2944/850 2835/2879/850
f 2837/2882/852 2900/2946/851 2836/2881/851
f 2837/2882/852 2902/2947/853 2901/2948/852
f 2839/2884/854 2902/2947/853 2838/2883/853
f 2839/2884/854 2904/2949/855 2903/2950/854
f 2840/2885/855 2905/2951/856 2904/2949/855
f 2842/2886/857 2905/2951/856 2841/2887/856
f 2843/2888/858 2906/2952/857 2842/2886/857
f 2844/2889/859 2907/2953/858 2843/2888/858
f 2845/2890/860 2908/2954/861 2844/2889/859
f 2845/2890/860 2910/2955/862 2909/2956/860
f 2846/2891/862 2911/2957/863 2910/2955/862
f 2848/2894/864 2911/2957/863 2847/2892/863
f 2848/2894/864 2913/2958/865 2912/2959/864
f 2850/2896/866 2913/2958/865 2849/2893/865
f 2850/2896/866 2915/2960/867 2914/2961/866
f 2852/2897/868 2915/2960/867 2851/2895/867
f 2853/2898/869 2916/2962/868 2852/2897/868
f 2853/2898/869 2918/2963/870 2917/2964/869
f 2854/2899/871 2919/2965/872 2918/2963/870
f 2855/2900/872 2920/2966/873 2919/2965/872
f 2856/2901/873 2921/2967/874 2920/2966/873
f 2858/2902/875 2921/2967/874 2857/2903/874
f 2859/2904/876 2922/2968/875 2858/2902/875
f 2860/2905/877 2923/2969/876 2859/2904/876
f 2861/2906/878 2924/2970/877 2860/2905/877
f 2861/2906/878 2926/2971/879 2925/2972/878
f 2862/2907/879 2927/2973/880 2926/2971/879
f 2864/2910/881 2927/2973/880 2863/2908/880
f 2864/2910/881 2929/2974/882 2928/2975/881
f 2866/2912/883 2929/2974/882 2865/2909/882
f 2866/2912/883 2931/2976/884 2930/2977/883
f 2868/2913/885 2931/2976/884 2867/2911/884
f 2869/2914/886 2932/2978/885 2868/2913/885
f 2869/2914/886 2934/2979/887 2933/2980/886
f 2871/2916/888 2934/2979/887 2870/2915/887
f 2871/2916/888 2936/2981/889 2935/2982/888
f 2872/2917/889 2937/2983/890 2936/2981/889
f 2874/2918/891 2937/2983/890 2873/2919/890
f 2875/2920/892 2938/2984/891 2874/2918/891
f 2876/2921/893 2939/2985/892 2875/2920/892
f 2877/2922/894 2940/2986/895 2876/2921/893
f 2877/2922/894 2942/2987/896 2941/2988/894
f 2878/2923/896 2943/2989/897 2942/2987/896
f 2880/2926/898 2943/2989/897 2879/2924/897
f 2880/2926/898 2881/2990/832 2944/2991/898
s 0
f 993/2992/283 977/2993/283 961/2994/283
f 2936/2995/284 2944/2996/284 2912/2997/284
s 1
f 1/1/1 2/5/2 66/2/2
f 3/4/3 67/7/5 66/2/2
f 3/4/3 4/8/4 68/6/4
f 4/8/4 5/10/6 69/9/6
f 5/10/6 6/13/7 70/11/7
f 7/12/8 71/15/10 70/11/7
f 8/14/9 72/17/9 71/15/10
f 8/14/9 9/19/11 73/16/11
f 10/18/12 74/21/12 73/16/11
f 10/18/12 11/22/14 75/20/13
f 11/22/14 12/25/15 76/23/15
f 13/24/16 77/27/16 76/23/15
f 14/26/17 78/29/17 77/27/16
f 15/28/18 79/31/18 78/29/17
f 15/28/18 16/33/19 80/30/19
f 17/32/20 81/35/20 80/30/19
f 17/32/20 18/37/21 82/34/21
f 19/36/22 83/39/22 82/34/21
f 19/36/22 20/40/23 84/38/23
f 20/40/23 21/42/24 85/41/24
f 21/42/24 22/45/25 86/43/25
f 23/44/26 87/47/28 86/43/25
f 24/46/27 88/49/27 87/47/28
f 24/46/27 25/51/29 89/48/29
f 26/50/30 90/53/30 89/48/29
f 26/50/30 27/54/32 91/52/31
f 27/54/32 28/57/33 92/55/33
f 29/56/34 93/59/34 92/55/33
f 30/58/35 94/61/35 93/59/34
f 31/60/36 95/63/38 94/61/35
f 31/60/36 32/65/37 96/62/37
f 33/64/39 97/67/39 96/62/37
f 33/64/39 34/69/40 98/66/40
f 35/68/41 99/71/43 98/66/40
f 35/68/41 36/72/42 100/70/42
f 36/72/42 37/74/44 101/73/44
f 37/74/44 38/77/45 102/75/45
f 39/76/46 103/79/48 102/75/45
f 40/78/47 104/81/47 103/79/48
f 40/78/47 41/83/49 105/80/49
f 42/82/50 106/85/50 105/80/49
f 42/82/50 43/86/52 107/84/51
f 43/86/52 44/89/53 108/87/53
f 45/88/54 109/91/54 108/87/53
f 46/90/55 110/93/55 109/91/54
f 47/92/56 111/95/56 110/93/55
f 47/92/56 48/97/57 112/94/57
f 49/96/58 113/99/58 112/94/57
f 49/96/58 50/101/59 114/98/59
f 51/100/60 115/103/60 114/98/59
f 51/100/60 52/104/61 116/102/61
f 52/104/61 53/106/62 117/105/62
f 53/106/62 54/109/63 118/107/63
f 55/108/64 119/111/66 118/107/63
f 56/110/65 120/113/65 119/111/66
f 56/110/65 57/115/67 121/112/67
f 58/114/68 122/117/68 121/112/67
f 58/114/68 59/118/70 123/116/69
f 59/118/70 60/121/71 124/119/71
f 61/120/72 125/123/72 124/119/71
f 62/122/73 126/125/73 125/123/72
f 63/124/74 127/127/76 126/125/73
f 63/124/74 64/129/75 128/126/75
f 1/128/1 65/194/1 128/126/75
f 65/3/77 66/2/78 130/130/78
f 67/7/79 131/133/79 130/130/78
f 67/7/79 68/6/80 132/132/80
f 69/9/81 133/135/83 132/132/80
f 69/9/81 70/11/82 134/134/82
f 70/11/82 71/15/86 135/136/84
f 72/17/85 136/137/85 135/136/84
f 73/16/87 137/138/87 136/137/85
f 74/21/88 138/140/88 137/138/87
f 74/21/88 75/20/89 139/139/89
f 76/23/90 140/141/90 139/139/89
f 77/27/91 141/143/91 140/141/90
f 77/27/91 78/29/92 142/142/92
f 79/31/93 143/145/93 142/142/92
f 79/31/93 80/30/94 144/144/94
f 81/35/95 145/147/95 144/144/94
f 81/35/95 82/34/96 146/146/96
f 83/39/97 147/149/97 146/146/96
f 83/39/97 84/38/98 148/148/98
f 85/41/99 149/151/99 148/148/98
f 85/41/99 86/43/100 150/150/100
f 86/43/100 87/47/101 151/152/101
f 88/49/102 152/153/102 151/152/101
f 89/48/103 153/155/105 152/153/102
f 89/48/103 90/53/104 154/154/104
f 90/53/104 91/52/108 155/156/106
f 92/55/107 156/157/107 155/156/106
f 93/59/109 157/159/111 156/157/107
f 93/59/109 94/61/110 158/158/110
f 95/63/112 159/161/112 158/158/110
f 95/63/112 96/62/113 160/160/113
f 97/67/114 161/163/114 160/160/113
f 97/67/114 98/66/115 162/162/115
f 99/71/116 163/165/116 162/162/115
f 99/71/116 100/70/117 164/164/117
f 101/73/118 165/167/120 164/164/117
f 101/73/118 102/75/119 166/166/119
f 102/75/119 103/79/123 167/168/121
f 104/81/122 168/169/122 167/168/121
f 105/80/124 169/170/124 168/169/122
f 106/85/125 170/172/125 169/170/124
f 106/85/125 107/84/126 171/171/126
f 108/87/127 172/173/127 171/171/126
f 109/91/128 173/175/128 172/173/127
f 109/91/128 110/93/129 174/174/129
f 111/95/130 175/177/130 174/174/129
f 111/95/130 112/94/131 176/176/131
f 113/99/132 177/179/132 176/176/131
f 113/99/132 114/98/133 178/178/133
f 115/103/134 179/181/134 178/178/133
f 115/103/134 116/102/135 180/180/135
f 117/105/136 181/183/136 180/180/135
f 117/105/136 118/107/137 182/182/137
f 118/107/137 119/111/138 183/184/138
f 120/113/139 184/185/139 183/184/138
f 121/112/140 185/187/142 184/185/139
f 121/112/140 122/117/141 186/186/141
f 122/117/141 123/116/145 187/188/143
f 124/119/144 188/189/144 187/188/143
f 125/123/146 189/191/148 188/189/144
f 125/123/146 126/125/147 190/190/147
f 127/127/149 191/193/149 190/190/147
f 127/127/149 128/126/150 192/192/150
f 65/194/77 129/258/77 192/192/150
f 130/130/151 194/196/151 193/195/152
f 131/133/153 195/197/153 194/196/151
f 132/132/154 196/198/154 195/197/153
f 133/135/155 197/199/155 196/198/154
f 134/134/156 198/200/156 197/199/155
f 135/136/157 199/201/157 198/200/156
f 136/137/158 200/202/158 199/201/157
f 137/138/159 201/203/159 200/202/158
f 138/140/160 202/204/160 201/203/159
f 139/139/161 203/205/161 202/204/160
f 140/141/162 204/206/162 203/205/161
f 141/143/163 205/207/163 204/206/162
f 142/142/164 206/208/164 205/207/163
f 143/145/165 207/209/165 206/208/164
f 144/144/166 208/210/166 207/209/165
f 145/147/167 209/211/167 208/210/166
f 146/146/168 210/212/168 209/211/167
f 147/149/169 211/213/169 210/212/168
f 148/148/170 212/214/170 211/213/169
f 149/151/171 213/215/171 212/214/170
f 150/150/172 214/216/172 213/215/171
f 151/152/173 215/217/173 214/216/172
f 152/153/174 216/218/174 215/217/173
f 153/155/175 217/219/175 216/218/174
f 154/154/176 218/220/176 217/219/175
f 155/156/177 219/221/177 218/220/176
f 156/157/178 220/222/178 219/221/177
f 157/159/179 221/223/179 220/222/178
f 158/158/180 222/224/180 221/223/179
f 159/161/181 223/225/181 222/224/180
f 160/160/182 224/226/182 223/225/181
f 161/163/183 225/227/183 224/226/182
f 162/162/184 226/228/184 225/227/183
f 163/165/185 227/229/185 226/228/184
f 164/164/186 228/230/186 227/229/185
f 165/167/187 229/231/187 228/230/186
f 166/166/188 230/232/188 229/231/187
f 167/168/189 231/233/189 230/232/188
f 168/169/190 232/234/190 231/233/189
f 169/170/191 233/235/191 232/234/190
f 170/172/192 234/236/192 233/235/191
f 171/171/193 235/237/193 234/236/192
f 172/173/194 236/238/194 235/237/193
f 173/175/195 237/239/195 236/238/194
f 174/174/196 238/240/196 237/239/195
f 175/177/197 239/241/197 238/240/196
f 176/176/198 240/242/198 239/241/197
f 177/179/199 241/243/199 240/242/198
f 178/178/200 242/244/200 241/243/199
f 179/181/201 243/245/201 242/244/200
f 180/180/202 244/246/202 243/245/201
f 181/183/203 245/247/203 244/246/202
f 182/182/204 246/248/204 245/247/203
f 183/184/205 247/249/205 246/248/204
f 184/185/206 248/250/206 247/249/205
f 185/187/207 249/251/207 248/250/206
f 186/186/208 250/252/208 249/251/207
f 187/188/209 251/253/209 250/252/208
f 188/189/210 252/254/210 251/253/209
f 189/191/211 253/255/211 252/254/210
f 190/190/212 254/256/212 253/255/211
f 191/193/213 255/257/213 254/256/212
f 192/192/214 256/259/214 255/257/213
f 129/258/152 193/2998/152 256/259/214
f 194/196/215 258/262/215 257/260/216
f 194/196/215 195/197/217 259/261/217
f 196/198/218 260/264/218 259/261/217
f 196/198/218 197/199/219 261/263/219
f 198/200/220 262/265/220 261/263/219
f 199/201/221 263/267/221 262/265/220
f 199/201/221 200/202/222 264/266/222
f 200/202/222 201/203/223 265/268/223
f 202/204/224 266/269/224 265/268/223
f 203/205/225 267/271/225 266/269/224
f 203/205/225 204/206/227 268/270/226
f 204/206/227 205/207/228 269/272/228
f 206/208/229 270/274/229 269/272/228
f 206/208/229 207/209/230 271/273/230
f 208/210/231 272/276/231 271/273/230
f 208/210/231 209/211/232 273/275/232
f 210/212/233 274/278/233 273/275/232
f 210/212/233 211/213/234 275/277/234
f 212/214/235 276/280/235 275/277/234
f 212/214/235 213/215/236 277/279/236
f 214/216/237 278/281/239 277/279/236
f 215/217/238 279/283/238 278/281/239
f 215/217/238 216/218/240 280/282/240
f 216/218/240 217/219/241 281/284/241
f 218/220/242 282/285/242 281/284/241
f 219/221/243 283/287/243 282/285/242
f 219/221/243 220/222/244 284/286/244
f 220/222/244 221/223/245 285/288/245
f 222/224/246 286/290/246 285/288/245
f 222/224/246 223/225/247 287/289/247
f 224/226/248 288/292/248 287/289/247
f 224/226/248 225/227/249 289/291/249
f 226/228/250 290/294/250 289/291/249
f 226/228/250 227/229/251 291/293/251
f 228/230/252 292/296/252 291/293/251
f 228/230/252 229/231/253 293/295/253
f 230/232/254 294/297/254 293/295/253
f 231/233/255 295/299/255 294/297/254
f 231/233/255 232/234/256 296/298/256
f 232/234/256 233/235/257 297/300/257
f 234/236/258 298/301/258 297/300/257
f 235/237/259 299/303/259 298/301/258
f 235/237/259 236/238/261 300/302/260
f 236/238/261 237/239/262 301/304/262
f 238/240/263 302/306/263 301/304/262
f 238/240/263 239/241/264 303/305/264
f 240/242/265 304/308/265 303/305/264
f 240/242/265 241/243/266 305/307/266
f 242/244/267 306/310/267 305/307/266
f 242/244/267 243/245/268 307/309/268
f 244/246/269 308/312/269 307/309/268
f 244/246/269 245/247/270 309/311/270
f 246/248/271 310/313/273 309/311/270
f 247/249/272 311/315/272 310/313/273
f 247/249/272 248/250/274 312/314/274
f 248/250/274 249/251/275 313/316/275
f 250/252/276 314/317/276 313/316/275
f 251/253/277 315/319/277 314/317/276
f 251/253/277 252/254/278 316/318/278
f 252/254/278 253/255/279 317/320/279
f 254/256/280 318/322/280 317/320/279
f 254/256/280 255/257/281 319/321/281
f 256/259/282 320/324/282 319/321/281
f 256/259/282 193/2998/216 257/323/216
s 0
f 1/327/899 64/2999/899 61/3000/899
f 64/2999/900 63/3001/900 61/3000/900
f 63/3001/283 62/3002/283 61/3000/283
f 61/3000/283 60/3003/283 59/3004/283
f 59/3004/283 58/3005/283 61/3000/283
f 58/3005/900 57/3006/900 61/3000/900
f 57/3006/283 56/3007/283 53/3008/283
f 56/3007/901 55/3009/901 53/3008/901
f 55/3009/902 54/3010/902 53/3008/902
f 53/3008/901 52/3011/901 51/3012/901
f 51/3012/283 50/3013/283 49/3014/283
f 49/3014/283 48/3015/283 45/3016/283
f 48/3015/283 47/3017/283 45/3016/283
f 47/3017/283 46/3018/283 45/3016/283
f 45/3016/901 44/3019/901 43/3020/901
f 43/3020/283 42/3021/283 45/3016/283
f 42/3021/283 41/3022/283 45/3016/283
f 41/3022/283 40/3023/283 37/3024/283
f 40/3023/283 39/3025/283 37/3024/283
f 39/3025/283 38/3026/283 37/3024/283
f 37/3024/283 36/3027/283 35/3028/283
f 35/3028/903 34/3029/903 33/325/903
f 33/325/900 32/3030/900 29/3031/900
f 32/3030/899 31/3032/899 29/3031/899
f 31/3032/283 30/3033/283 29/3031/283
f 29/3031/283 28/3034/283 27/3035/283
f 27/3035/283 26/3036/283 29/3031/283
f 26/3036/899 25/3037/899 29/3031/899
f 25/3037/283 24/3038/283 21/3039/283
f 24/3038/902 23/3040/902 21/3039/902
f 23/3040/901 22/3041/901 21/3039/901
f 21/3039/902 20/3042/902 19/3043/902
f 19/3043/283 18/3044/283 17/326/283
f 17/326/283 16/3045/283 13/3046/283
f 16/3045/283 15/3047/283 13/3046/283
f 15/3047/283 14/3048/283 13/3046/283
f 13/3046/902 12/3049/902 11/3050/902
f 11/3050/283 10/3051/283 13/3046/283
f 10/3051/283 9/3052/283 13/3046/283
f 9/3052/283 8/3053/283 5/3054/283
f 8/3053/283 7/3055/283 5/3054/283
f 7/3055/283 6/3056/283 5/3054/283
f 5/3054/283 4/3057/283 3/3058/283
f 3/3058/904 2/3059/904 5/3054/904
f 2/3059/899 1/327/899 5/3054/899
f 53/3008/283 51/3012/283 57/3006/283
f 51/3012/283 49/3014/283 57/3006/283
f 37/3024/901 35/3028/901 41/3022/901
f 35/3028/283 33/325/283 41/3022/283
f 21/3039/283 19/3043/283 25/3037/283
f 19/3043/283 17/326/283 25/3037/283
f 1/327/283 61/3000/283 49/3014/283
f 61/3000/283 57/3006/283 49/3014/283
f 49/3014/283 45/3016/283 33/325/283
f 45/3016/283 41/3022/283 33/325/283
f 33/325/283 29/3031/283 17/326/283
f 29/3031/283 25/3037/283 17/326/283
f 17/326/283 13/3046/283 1/327/283
f 13/3046/283 9/3052/283 1/327/283
f 9/3052/283 5/3054/283 1/327/283
f 1/327/283 49/3014/283 33/325/283
f 320/3060/284 257/3061/284 258/3062/284
f 258/3062/284 259/3063/284 260/3064/284
f 260/3064/284 261/3065/284 262/3066/284
f 262/3066/905 263/3067/905 264/3068/905
f 264/3068/906 265/3069/906 268/3070/906
f 265/3069/905 266/3071/905 268/3070/905
f 266/3071/907 267/3072/907 268/3070/907
f 268/3070/284 269/3073/284 270/3074/284
f 270/3074/907 271/3075/907 272/328/907
f 272/328/284 273/3076/284 274/3077/284
f 274/3077/906 275/3078/906 276/3079/906
f 276/3079/284 277/3080/284 278/3081/284
f 278/3081/905 279/3082/905 280/3083/905
f 280/3083/905 281/3084/905 284/3085/905
f 281/3084/908 282/3086/908 284/3085/908
f 282/3086/908 283/3087/908 284/3085/908
f 284/3085/284 285/3088/284 286/3089/284
f 286/3089/284 287/3090/284 288/329/284
f 288/329/284 289/3091/284 290/3092/284
f 290/3092/284 291/3093/284 292/3094/284
f 292/3094/284 293/3095/284 294/3096/284
f 294/3096/908 295/3097/908 296/3098/908
f 296/3098/907 297/3099/907 300/3100/907
f 297/3099/908 298/3101/908 300/3100/908
f 298/3101/906 299/3102/906 300/3100/906
f 300/3100/284 301/3103/284 302/3104/284
f 302/3104/906 303/3105/906 304/330/906
f 304/330/284 305/3106/284 306/3107/284
f 306/3107/907 307/3108/907 308/3109/907
f 308/3109/284 309/3110/284 310/3111/284
f 310/3111/908 311/3112/908 312/3113/908
f 312/3113/908 313/3114/908 316/3115/908
f 313/3114/905 314/3116/905 316/3115/905
f 314/3116/905 315/3117/905 316/3115/905
f 316/3115/284 317/3118/284 318/3119/284
f 318/3119/284 319/3120/284 320/3060/284
f 320/3060/284 258/3062/284 260/3064/284
f 260/3064/907 262/3066/907 320/3060/907
f 262/3066/284 264/3068/284 320/3060/284
f 268/3070/284 270/3074/284 272/328/284
f 272/328/284 274/3077/284 276/3079/284
f 276/3079/284 278/3081/284 272/328/284
f 278/3081/284 280/3083/284 272/328/284
f 284/3085/907 286/3089/907 288/329/907
f 288/329/284 290/3092/284 292/3094/284
f 292/3094/906 294/3096/906 288/329/906
f 294/3096/284 296/3098/284 288/329/284
f 300/3100/284 302/3104/284 304/330/284
f 304/330/284 306/3107/284 308/3109/284
f 308/3109/284 310/3111/284 304/330/284
f 310/3111/284 312/3113/284 304/330/284
f 316/3115/906 318/3119/906 320/3060/906
f 264/3068/284 268/3070/284 272/328/284
f 280/3083/284 284/3085/284 288/329/284
f 296/3098/284 300/3100/284 288/329/284
f 300/3100/284 304/330/284 288/329/284
f 312/3113/284 316/3115/284 304/330/284
f 316/3115/284 320/3060/284 304/330/284
f 320/3060/284 264/3068/284 272/328/284
f 272/328/284 280/3083/284 288/329/284
f 320/3060/284 272/328/284 304/330/284
s 1
f 321/331/285 322/335/286 386/332/286
f 323/334/287 387/337/287 386/332/286
f 324/336/288 388/339/290 387/337/287
f 325/338/289 389/341/292 388/339/290
f 326/340/291 390/343/291 389/341/292
f 326/340/291 327/344/293 391/342/293
f 327/344/293 328/346/294 392/345/294
f 328/346/294 329/349/295 393/347/295
f 330/348/296 394/351/298 393/347/295
f 331/350/297 395/353/300 394/351/298
f 332/352/299 396/355/299 395/353/300
f 332/352/299 333/356/301 397/354/301
f 333/356/301 334/358/302 398/357/302
f 334/358/302 335/360/303 399/359/303
f 335/360/303 336/363/304 400/361/304
f 337/362/305 401/365/305 400/361/304
f 337/362/305 338/367/306 402/364/306
f 339/366/307 403/369/307 402/364/306
f 340/368/308 404/371/308 403/369/307
f 341/370/309 405/373/309 404/371/308
f 342/372/310 406/375/310 405/373/309
f 342/372/310 343/376/312 407/374/311
f 343/376/312 344/378/314 408/377/313
f 344/378/314 345/381/315 409/379/315
f 346/380/316 410/383/316 409/379/315
f 347/382/317 411/385/317 410/383/316
f 348/384/318 412/387/318 411/385/317
f 348/384/318 349/388/320 413/386/319
f 349/388/320 350/390/322 414/389/321
f 350/390/322 351/392/323 415/391/323
f 351/392/323 352/395/324 416/393/324
f 353/394/325 417/397/325 416/393/324
f 353/394/325 354/399/326 418/396/326
f 355/398/327 419/401/327 418/396/326
f 356/400/328 420/403/330 419/401/327
f 357/402/329 421/405/332 420/403/330
f 358/404/331 422/407/331 421/405/332
f 358/404/331 359/408/333 423/406/333
f 359/408/333 360/410/334 424/409/334
f 360/410/334 361/413/335 425/411/335
f 362/412/336 426/415/338 425/411/335
f 363/414/337 427/417/340 426/415/338
f 364/416/339 428/419/339 427/417/340
f 364/416/339 365/420/341 429/418/341
f 365/420/341 366/422/342 430/421/342
f 366/422/342 367/424/343 431/423/343
f 367/424/343 368/427/344 432/425/344
f 369/426/345 433/429/345 432/425/344
f 369/426/345 370/431/346 434/428/346
f 371/430/347 435/433/347 434/428/346
f 372/432/348 436/435/348 435/433/347
f 373/434/349 437/437/349 436/435/348
f 374/436/350 438/439/350 437/437/349
f 374/436/350 375/440/352 439/438/351
f 375/440/352 376/442/354 440/441/353
f 376/442/354 377/445/355 441/443/355
f 378/444/356 442/447/356 441/443/355
f 379/446/357 443/449/357 442/447/356
f 380/448/358 444/451/358 443/449/357
f 380/448/358 381/452/360 445/450/359
f 381/452/360 382/454/362 446/453/361
f 382/454/362 383/456/363 447/455/363
f 383/456/363 384/459/364 448/457/364
f 321/458/285 385/523/285 448/457/364
f 386/332/151 450/461/151 449/460/152
f 387/337/153 451/462/153 450/461/151
f 388/339/154 452/463/154 451/462/153
f 389/341/155 453/464/155 452/463/154
f 390/343/156 454/465/156 453/464/155
f 391/342/157 455/466/157 454/465/156
f 392/345/158 456/467/158 455/466/157
f 393/347/159 457/468/159 456/467/158
f 394/351/160 458/469/160 457/468/159
f 395/353/161 459/470/161 458/469/160
f 396/355/162 460/471/162 459/470/161
f 397/354/163 461/472/163 460/471/162
f 398/357/164 462/473/164 461/472/163
f 399/359/165 463/474/165 462/473/164
f 400/361/166 464/475/166 463/474/165
f 401/365/167 465/476/167 464/475/166
f 402/364/168 466/477/168 465/476/167
f 403/369/169 467/478/169 466/477/168
f 404/371/170 468/479/170 467/478/169
f 405/373/171 469/480/171 468/479/170
f 406/375/172 470/481/172 469/480/171
f 407/374/173 471/482/173 470/481/172
f 408/377/174 472/483/174 471/482/173
f 409/379/175 473/484/175 472/483/174
f 410/383/176 474/485/176 473/484/175
f 411/385/177 475/486/177 474/485/176
f 412/387/178 476/487/178 475/486/177
f 413/386/179 477/488/179 476/487/178
f 414/389/180 478/489/180 477/488/179
f 415/391/181 479/490/181 478/489/180
f 416/393/182 480/491/182 479/490/181
f 417/397/183 481/492/183 480/491/182
f 418/396/184 482/493/184 481/492/183
f 419/401/185 483/494/185 482/493/184
f 420/403/186 484/495/186 483/494/185
f 421/405/187 485/496/187 484/495/186
f 422/407/188 486/497/188 485/496/187
f 423/406/189 487/498/189 486/497/188
f 424/409/190 488/499/190 487/498/189
f 425/411/191 489/500/191 488/499/190
f 426/415/192 490/501/192 489/500/191
f 427/417/193 491/502/193 490/501/192
f 428/419/194 492/503/194 491/502/193
f 429/418/195 493/504/195 492/503/194
f 430/421/196 494/505/196 493/504/195
f 431/423/197 495/506/197 494/505/196
f 432/425/198 496/507/198 495/506/197
f 433/429/199 497/508/199 496/507/198
f 434/428/200 498/509/200 497/508/199
f 435/433/201 499/510/201 498/509/200
f 436/435/202 500/511/202 499/510/201
f 437/437/203 501/512/203 500/511/202
f 438/439/204 502/513/204 501/512/203
f 439/438/205 503/514/205 502/513/204
f 440/441/206 504/515/206 503/514/205
f 441/443/207 505/516/207 504/515/206
f 442/447/208 506/517/208 505/516/207
f 443/449/209 507/518/209 506/517/208
f 444/451/210 508/519/210 507/518/209
f 445/450/211 509/520/211 508/519/210
f 446/453/212 510/521/212 509/520/211
f 447/455/213 511/522/213 510/521/212
f 448/457/214 512/524/214 511/522/213
f 385/523/152 449/3121/152 512/524/214
f 450/461/365 514/527/365 513/525/366
f 450/461/365 451/462/367 515/526/367
f 451/462/367 452/463/368 516/528/368
f 452/463/368 453/464/369 517/529/369
f 453/464/369 454/465/372 518/530/370
f 455/466/371 519/531/371 518/530/370
f 456/467/373 520/532/373 519/531/371
f 457/468/374 521/534/374 520/532/373
f 457/468/374 458/469/376 522/533/375
f 458/469/376 459/470/377 523/535/377
f 459/470/377 460/471/378 524/536/378
f 461/472/379 525/537/379 524/536/378
f 462/473/380 526/538/380 525/537/379
f 463/474/381 527/539/381 526/538/380
f 464/475/382 528/541/382 527/539/381
f 464/475/382 465/476/383 529/540/383
f 466/477/384 530/543/384 529/540/383
f 466/477/384 467/478/385 531/542/385
f 467/478/385 468/479/386 532/544/386
f 468/479/386 469/480/387 533/545/387
f 469/480/387 470/481/388 534/546/388
f 471/482/389 535/547/389 534/546/388
f 472/483/390 536/548/392 535/547/389
f 473/484/391 537/550/391 536/548/392
f 473/484/391 474/485/393 538/549/393
f 474/485/393 475/486/394 539/551/394
f 475/486/394 476/487/397 540/552/395
f 477/488/396 541/553/396 540/552/395
f 478/489/398 542/554/398 541/553/396
f 479/490/399 543/555/399 542/554/398
f 480/491/400 544/557/400 543/555/399
f 480/491/400 481/492/401 545/556/401
f 482/493/402 546/559/402 545/556/401
f 482/493/402 483/494/403 547/558/403
f 483/494/403 484/495/404 548/560/404
f 484/495/404 485/496/405 549/561/405
f 485/496/405 486/497/408 550/562/406
f 487/498/407 551/563/407 550/562/406
f 488/499/409 552/564/409 551/563/407
f 489/500/410 553/566/410 552/564/409
f 489/500/410 490/501/412 554/565/411
f 490/501/412 491/502/413 555/567/413
f 491/502/413 492/503/414 556/568/414
f 493/504/415 557/569/415 556/568/414
f 494/505/416 558/570/416 557/569/415
f 495/506/417 559/571/417 558/570/416
f 496/507/418 560/573/418 559/571/417
f 496/507/418 497/508/419 561/572/419
f 498/509/420 562/575/420 561/572/419
f 498/509/420 499/510/421 563/574/421
f 499/510/421 500/511/422 564/576/422
f 500/511/422 501/512/423 565/577/423
f 501/512/423 502/513/424 566/578/424
f 503/514/425 567/579/425 566/578/424
f 504/515/426 568/580/428 567/579/425
f 505/516/427 569/582/427 568/580/428
f 505/516/427 506/517/429 570/581/429
f 506/517/429 507/518/430 571/583/430
f 507/518/430 508/519/433 572/584/431
f 509/520/432 573/585/432 572/584/431
f 510/521/434 574/586/434 573/585/432
f 511/522/435 575/587/435 574/586/434
f 512/524/436 576/589/436 575/587/435
f 512/524/436 449/3121/366 513/588/366
f 514/527/437 578/592/437 577/590/438
f 514/527/437 515/526/439 579/591/439
f 516/528/440 580/594/440 579/591/439
f 516/528/440 517/529/441 581/593/441
f 518/530/442 582/595/442 581/593/441
f 519/531/443 583/597/445 582/595/442
f 519/531/443 520/532/444 584/596/444
f 521/534/446 585/598/446 584/596/444
f 522/533/447 586/599/447 585/598/446
f 523/535/448 587/601/448 586/599/447
f 523/535/448 524/536/449 588/600/449
f 524/536/449 525/537/450 589/602/450
f 526/538/451 590/604/451 589/602/450
f 526/538/451 527/539/452 591/603/452
f 528/541/453 592/606/453 591/603/452
f 528/541/453 529/540/454 593/605/454
f 530/543/455 594/608/455 593/605/454
f 530/543/455 531/542/456 595/607/456
f 532/544/457 596/610/457 595/607/456
f 532/544/457 533/545/458 597/609/458
f 534/546/459 598/611/459 597/609/458
f 535/547/460 599/613/460 598/611/459
f 535/547/460 536/548/461 600/612/461
f 537/550/462 601/614/462 600/612/461
f 538/549/463 602/615/463 601/614/462
f 539/551/464 603/617/466 602/615/463
f 539/551/464 540/552/465 604/616/465
f 540/552/465 541/553/467 605/618/467
f 542/554/468 606/620/468 605/618/467
f 542/554/468 543/555/469 607/619/469
f 544/557/470 608/622/470 607/619/469
f 544/557/470 545/556/471 609/621/471
f 546/559/472 610/624/472 609/621/471
f 546/559/472 547/558/473 611/623/473
f 548/560/474 612/626/474 611/623/473
f 548/560/474 549/561/475 613/625/475
f 550/562/476 614/627/476 613/625/475
f 551/563/477 615/629/479 614/627/476
f 551/563/477 552/564/478 616/628/478
f 553/566/480 617/630/480 616/628/478
f 554/565/481 618/631/481 617/630/480
f 555/567/482 619/633/482 618/631/481
f 555/567/482 556/568/483 620/632/483
f 556/568/483 557/569/484 621/634/484
f 558/570/485 622/636/485 621/634/484
f 558/570/485 559/571/486 623/635/486
f 560/573/487 624/638/487 623/635/486
f 560/573/487 561/572/488 625/637/488
f 562/575/489 626/640/489 625/637/488
f 562/575/489 563/574/490 627/639/490
f 564/576/491 628/642/491 627/639/490
f 564/576/491 565/577/492 629/641/492
f 566/578/493 630/643/493 629/641/492
f 567/579/494 631/645/494 630/643/493
f 567/579/494 568/580/495 632/644/495
f 569/582/496 633/646/496 632/644/495
f 570/581/497 634/647/497 633/646/496
f 571/583/498 635/649/500 634/647/497
f 571/583/498 572/584/499 636/648/499
f 572/584/499 573/585/501 637/650/501
f 574/586/502 638/652/502 637/650/501
f 574/586/502 575/587/503 639/651/503
f 576/589/504 640/654/504 639/651/503
f 576/589/504 513/588/438 577/653/438
f 578/592/151 642/656/151 641/655/152
f 579/591/153 643/657/153 642/656/151
f 580/594/154 644/658/154 643/657/153
f 581/593/155 645/659/155 644/658/154
f 582/595/156 646/660/156 645/659/155
f 583/597/157 647/661/157 646/660/156
f 584/596/158 648/662/158 647/661/157
f 585/598/159 649/663/159 648/662/158
f 586/599/160 650/664/160 649/663/159
f 587/601/161 651/665/161 650/664/160
f 588/600/162 652/666/162 651/665/161
f 589/602/163 653/667/163 652/666/162
f 590/604/164 654/668/164 653/667/163
f 591/603/165 655/669/165 654/668/164
f 592/606/166 656/670/166 655/669/165
f 593/605/167 657/671/167 656/670/166
f 594/608/168 658/672/168 657/671/167
f 595/607/169 659/673/169 658/672/168
f 596/610/170 660/674/170 659/673/169
f 597/609/171 661/675/171 660/674/170
f 598/611/172 662/676/172 661/675/171
f 599/613/173 663/677/173 662/676/172
f 600/612/174 664/678/174 663/677/173
f 601/614/175 665/679/175 664/678/174
f 602/615/176 666/680/176 665/679/175
f 603/617/177 667/681/177 666/680/176
f 604/616/178 668/682/178 667/681/177
f 605/618/179 669/683/179 668/682/178
f 606/620/180 670/684/180 669/683/179
f 607/619/181 671/685/181 670/684/180
f 608/622/182 672/686/182 671/685/181
f 609/621/183 673/687/183 672/686/182
f 610/624/184 674/688/184 673/687/183
f 611/623/185 675/689/185 674/688/184
f 612/626/186 676/690/186 675/689/185
f 613/625/187 677/691/187 676/690/186
f 614/627/188 678/692/188 677/691/187
f 615/629/189 679/693/189 678/692/188
f 616/628/190 680/694/190 679/693/189
f 617/630/191 681/695/191 680/694/190
f 618/631/192 682/696/192 681/695/191
f 619/633/193 683/697/193 682/696/192
f 620/632/194 684/698/194 683/697/193
f 621/634/195 685/699/195 684/698/194
f 622/636/196 686/700/196 685/699/195
f 623/635/197 687/701/197 686/700/196
f 624/638/198 688/702/198 687/701/197
f 625/637/199 689/703/199 688/702/198
f 626/640/200 690/704/200 689/703/199
f 627/639/201 691/705/201 690/704/200
f 628/642/202 692/706/202 691/705/201
f 629/641/203 693/707/203 692/706/202
f 630/643/204 694/708/204 693/707/203
f 631/645/205 695/709/205 694/708/204
f 632/644/206 696/710/206 695/709/205
f 633/646/207 697/711/207 696/710/206
f 634/647/208 698/712/208 697/711/207
f 635/649/209 699/713/209 698/712/208
f 636/648/210 700/714/210 699/713/209
f 637/650/211 701/715/211 700/714/210
f 638/652/212 702/716/212 701/715/211
f 639/651/213 703/717/213 702/716/212
f 640/654/214 704/718/214 703/717/213
f 577/653/152 641/783/152 704/718/214
f 641/655/77 642/656/78 706/719/78
f 643/657/505 707/722/505 706/719/78
f 643/657/505 644/658/80 708/721/80
f 645/659/81 709/724/81 708/721/80
f 645/659/81 646/660/82 710/723/82
f 646/660/82 647/661/84 711/725/84
f 648/662/85 712/726/85 711/725/84
f 649/663/87 713/727/87 712/726/85
f 650/664/88 714/729/88 713/727/87
f 650/664/88 651/665/89 715/728/89
f 652/666/90 716/730/90 715/728/89
f 653/667/91 717/732/91 716/730/90
f 653/667/91 654/668/92 718/731/92
f 655/669/93 719/734/93 718/731/92
f 655/669/93 656/670/94 720/733/94
f 657/671/95 721/736/95 720/733/94
f 657/671/95 658/672/96 722/735/96
f 659/673/97 723/738/97 722/735/96
f 659/673/97 660/674/98 724/737/98
f 661/675/99 725/740/99 724/737/98
f 661/675/99 662/676/100 726/739/100
f 662/676/100 663/677/101 727/741/101
f 664/678/102 728/742/102 727/741/101
f 665/679/103 729/743/103 728/742/102
f 666/680/104 730/745/104 729/743/103
f 666/680/104 667/681/106 731/744/106
f 668/682/107 732/746/107 731/744/106
f 669/683/109 733/748/109 732/746/107
f 669/683/109 670/684/110 734/747/110
f 671/685/506 735/750/506 734/747/110
f 671/685/506 672/686/113 736/749/113
f 673/687/114 737/752/114 736/749/113
f 673/687/114 674/688/115 738/751/115
f 675/689/507 739/754/507 738/751/115
f 675/689/507 676/690/117 740/753/117
f 677/691/118 741/756/118 740/753/117
f 677/691/118 678/692/119 742/755/119
f 678/692/119 679/693/121 743/757/121
f 680/694/122 744/758/122 743/757/121
f 681/695/124 745/759/124 744/758/122
f 682/696/125 746/761/125 745/759/124
f 682/696/125 683/697/126 747/760/126
f 684/698/127 748/762/127 747/760/126
f 685/699/128 749/764/128 748/762/127
f 685/699/128 686/700/129 750/763/129
f 687/701/130 751/766/130 750/763/129
f 687/701/130 688/702/131 752/765/131
f 689/703/132 753/768/132 752/765/131
f 689/703/132 690/704/133 754/767/133
f 691/705/134 755/770/134 754/767/133
f 691/705/134 692/706/135 756/769/135
f 693/707/136 757/772/136 756/769/135
f 693/707/136 694/708/137 758/771/137
f 694/708/137 695/709/138 759/773/138
f 696/710/139 760/774/139 759/773/138
f 697/711/140 761/775/140 760/774/139
f 698/712/141 762/777/141 761/775/140
f 698/712/141 699/713/143 763/776/143
f 700/714/144 764/778/144 763/776/143
f 701/715/146 765/780/146 764/778/144
f 701/715/146 702/716/147 766/779/147
f 703/717/508 767/782/508 766/779/147
f 703/717/508 704/718/150 768/781/150
f 641/783/77 705/848/77 768/781/150
f 705/720/509 706/719/510 770/784/510
f 707/722/511 771/786/511 770/784/510
f 708/721/512 772/787/512 771/786/511
f 709/724/513 773/788/513 772/787/512
f 710/723/514 774/790/514 773/788/513
f 710/723/514 711/725/515 775/789/515
f 711/725/515 712/726/517 776/791/516
f 712/726/517 713/727/518 777/792/518
f 714/729/519 778/793/519 777/792/518
f 715/728/520 779/794/520 778/793/519
f 716/730/521 780/796/521 779/794/520
f 716/730/521 717/732/522 781/795/522
f 717/732/522 718/731/523 782/797/523
f 718/731/523 719/734/524 783/798/524
f 719/734/524 720/733/525 784/799/525
f 721/736/526 785/801/526 784/799/525
f 721/736/526 722/735/527 786/800/527
f 723/738/528 787/802/528 786/800/527
f 724/737/529 788/803/529 787/802/528
f 725/740/530 789/804/530 788/803/529
f 726/739/531 790/806/531 789/804/530
f 726/739/531 727/741/532 791/805/532
f 727/741/532 728/742/533 792/807/533
f 728/742/533 729/743/534 793/808/534
f 730/745/535 794/809/537 793/808/534
f 731/744/536 795/810/536 794/809/537
f 732/746/538 796/812/538 795/810/536
f 732/746/538 733/748/539 797/811/539
f 733/748/539 734/747/540 798/813/540
f 734/747/540 735/750/541 799/814/541
f 735/750/541 736/749/542 800/815/542
f 737/752/543 801/817/543 800/815/542
f 737/752/543 738/751/544 802/816/544
f 739/754/545 803/818/545 802/816/544
f 740/753/546 804/819/546 803/818/545
f 741/756/547 805/820/547 804/819/546
f 742/755/548 806/822/548 805/820/547
f 742/755/548 743/757/549 807/821/549
f 743/757/549 744/758/551 808/823/550
f 744/758/551 745/759/552 809/824/552
f 746/761/553 810/825/553 809/824/552
f 747/760/554 811/826/554 810/825/553
f 748/762/555 812/828/555 811/826/554
f 748/762/555 749/764/556 813/827/556
f 749/764/556 750/763/557 814/829/557
f 750/763/557 751/766/558 815/830/558
f 751/766/558 752/765/559 816/831/559
f 753/768/560 817/833/560 816/831/559
f 753/768/560 754/767/561 818/832/561
f 755/770/562 819/834/562 818/832/561
f 756/769/563 820/835/563 819/834/562
f 757/772/564 821/836/564 820/835/563
f 758/771/565 822/838/565 821/836/564
f 758/771/565 759/773/566 823/837/566
f 759/773/566 760/774/567 824/839/567
f 760/774/567 761/775/568 825/840/568
f 762/777/569 826/841/571 825/840/568
f 763/776/570 827/842/570 826/841/571
f 764/778/572 828/844/572 827/842/570
f 764/778/572 765/780/573 829/843/573
f 765/780/573 766/779/574 830/845/574
f 766/779/574 767/782/575 831/846/575
f 767/782/575 768/781/576 832/847/576
f 705/848/509 769/912/509 832/847/576
f 770/784/151 834/850/151 833/849/152
f 771/786/153 835/851/153 834/850/151
f 772/787/154 836/852/154 835/851/153
f 773/788/155 837/853/155 836/852/154
f 774/790/156 838/854/156 837/853/155
f 775/789/157 839/855/157 838/854/156
f 776/791/158 840/856/158 839/855/157
f 777/792/159 841/857/159 840/856/158
f 778/793/160 842/858/160 841/857/159
f 779/794/161 843/859/161 842/858/160
f 780/796/162 844/860/162 843/859/161
f 781/795/163 845/861/163 844/860/162
f 782/797/164 846/862/164 845/861/163
f 783/798/165 847/863/165 846/862/164
f 784/799/166 848/864/166 847/863/165
f 785/801/167 849/865/167 848/864/166
f 786/800/168 850/866/168 849/865/167
f 787/802/169 851/867/169 850/866/168
f 788/803/170 852/868/170 851/867/169
f 789/804/171 853/869/171 852/868/170
f 790/806/172 854/870/172 853/869/171
f 791/805/173 855/871/173 854/870/172
f 792/807/174 856/872/174 855/871/173
f 793/808/175 857/873/175 856/872/174
f 794/809/176 858/874/176 857/873/175
f 795/810/177 859/875/177 858/874/176
f 796/812/178 860/876/178 859/875/177
f 797/811/179 861/877/179 860/876/178
f 798/813/180 862/878/180 861/877/179
f 799/814/181 863/879/181 862/878/180
f 800/815/182 864/880/182 863/879/181
f 801/817/183 865/881/183 864/880/182
f 802/816/184 866/882/184 865/881/183
f 803/818/185 867/883/185 866/882/184
f 804/819/186 868/884/186 867/883/185
f 805/820/187 869/885/187 868/884/186
f 806/822/188 870/886/188 869/885/187
f 807/821/189 871/887/189 870/886/188
f 808/823/190 872/888/190 871/887/189
f 809/824/191 873/889/191 872/888/190
f 810/825/192 874/890/192 873/889/191
f 811/826/193 875/891/193 874/890/192
f 812/828/194 876/892/194 875/891/193
f 813/827/195 877/893/195 876/892/194
f 814/829/196 878/894/196 877/893/195
f 815/830/197 879/895/197 878/894/196
f 816/831/198 880/896/198 879/895/197
f 817/833/199 881/897/199 880/896/198
f 818/832/200 882/898/200 881/897/199
f 819/834/201 883/899/201 882/898/200
f 820/835/202 884/900/202 883/899/201
f 821/836/203 885/901/203 884/900/202
f 822/838/204 886/902/204 885/901/203
f 823/837/205 887/903/205 886/902/204
f 824/839/206 888/904/206 887/903/205
f 825/840/207 889/905/207 888/904/206
f 826/841/208 890/906/208 889/905/207
f 827/842/209 891/907/209 890/906/208
f 828/844/210 892/908/210 891/907/209
f 829/843/211 893/909/211 892/908/210
f 830/845/212 894/910/212 893/909/211
f 831/846/213 895/911/213 894/910/212
f 832/847/214 896/913/214 895/911/213
f 769/912/152 833/978/152 896/913/214
f 833/849/438 834/850/437 898/914/437
f 835/851/439 899/917/439 898/914/437
f 835/851/439 836/852/440 900/916/440
f 837/853/441 901/919/441 900/916/440
f 837/853/441 838/854/442 902/918/442
f 839/855/577 903/920/443 902/918/442
f 840/856/444 904/921/444 903/920/443
f 841/857/446 905/923/446 904/921/444
f 841/857/446 842/858/447 906/922/447
f 842/858/447 843/859/448 907/924/448
f 843/859/448 844/860/449 908/925/449
f 845/861/450 909/927/450 908/925/449
f 845/861/450 846/862/451 910/926/451
f 847/863/578 911/929/578 910/926/451
f 847/863/578 848/864/453 912/928/453
f 849/865/454 913/931/454 912/928/453
f 849/865/454 850/866/455 914/930/455
f 851/867/579 915/933/579 914/930/455
f 851/867/579 852/868/457 916/932/457
f 853/869/458 917/935/458 916/932/457
f 853/869/458 854/870/459 918/934/459
f 855/871/460 919/936/460 918/934/459
f 856/872/461 920/937/461 919/936/460
f 857/873/462 921/939/462 920/937/461
f 857/873/462 858/874/463 922/938/463
f 858/874/463 859/875/580 923/940/464
f 859/875/580 860/876/465 924/941/465
f 861/877/467 925/943/467 924/941/465
f 861/877/467 862/878/468 926/942/468
f 863/879/469 927/945/469 926/942/468
f 863/879/469 864/880/470 928/944/470
f 865/881/471 929/947/471 928/944/470
f 865/881/471 866/882/472 930/946/472
f 867/883/473 931/949/473 930/946/472
f 867/883/473 868/884/474 932/948/474
f 869/885/475 933/951/475 932/948/474
f 869/885/475 870/886/476 934/950/476
f 871/887/581 935/952/477 934/950/476
f 872/888/478 936/953/478 935/952/477
f 873/889/480 937/955/480 936/953/478
f 873/889/480 874/890/481 938/954/481
f 874/890/481 875/891/482 939/956/482
f 875/891/482 876/892/483 940/957/483
f 877/893/484 941/959/484 940/957/483
f 877/893/484 878/894/485 942/958/485
f 879/895/582 943/961/582 942/958/485
f 879/895/582 880/896/487 944/960/487
f 881/897/488 945/963/488 944/960/487
f 881/897/488 882/898/489 946/962/489
f 883/899/583 947/965/583 946/962/489
f 883/899/583 884/900/491 948/964/491
f 885/901/492 949/967/492 948/964/491
f 885/901/492 886/902/493 950/966/493
f 887/903/494 951/968/494 950/966/493
f 888/904/495 952/969/495 951/968/494
f 889/905/496 953/971/496 952/969/495
f 889/905/496 890/906/497 954/970/497
f 890/906/497 891/907/584 955/972/498
f 891/907/584 892/908/499 956/973/499
f 893/909/501 957/975/501 956/973/499
f 893/909/501 894/910/502 958/974/502
f 895/911/503 959/977/503 958/974/502
f 895/911/503 896/913/504 960/976/504
f 833/978/438 897/3122/438 960/976/504
s 0
f 321/981/283 384/3123/283 381/3124/283
f 384/3123/899 383/3125/899 381/3124/899
f 383/3125/900 382/3126/900 381/3124/900
f 381/3124/283 380/3127/283 377/3128/283
f 380/3127/899 379/3129/899 377/3128/899
f 379/3129/283 378/3130/283 377/3128/283
f 377/3128/283 376/3131/283 375/3132/283
f 375/3132/283 374/3133/283 377/3128/283
f 374/3133/283 373/3134/283 377/3128/283
f 373/3134/902 372/3135/902 371/3136/902
f 371/3136/901 370/3137/901 373/3134/901
f 370/3137/283 369/3138/283 373/3134/283
f 369/3138/283 368/3139/283 365/3140/283
f 368/3139/283 367/3141/283 365/3140/283
f 367/3141/901 366/3142/901 365/3140/901
f 365/3140/901 364/3143/901 361/3144/901
f 364/3143/283 363/3145/283 361/3144/283
f 363/3145/283 362/3146/283 361/3144/283
f 361/3144/283 360/3147/283 359/3148/283
f 359/3148/283 358/3149/283 361/3144/283
f 358/3149/283 357/3150/283 361/3144/283
f 357/3150/899 356/3151/899 355/3152/899
f 355/3152/904 354/3153/904 357/3150/904
f 354/3153/283 353/979/283 357/3150/283
f 353/979/283 352/3154/283 349/3155/283
f 352/3154/900 351/3156/900 349/3155/900
f 351/3156/899 350/3157/899 349/3155/899
f 349/3155/283 348/3158/283 345/3159/283
f 348/3158/900 347/3160/900 345/3159/900
f 347/3160/283 346/3161/283 345/3159/283
f 345/3159/283 344/3162/283 343/3163/283
f 343/3163/283 342/3164/283 341/3165/283
f 341/3165/901 340/3166/901 339/3167/901
f 339/3167/902 338/3168/902 341/3165/902
f 338/3168/283 337/980/283 341/3165/283
f 337/980/283 336/3169/283 333/3170/283
f 336/3169/283 335/3171/283 333/3170/283
f 335/3171/902 334/3172/902 333/3170/902
f 333/3170/902 332/3173/902 329/3174/902
f 332/3173/283 331/3175/283 329/3174/283
f 331/3175/283 330/3176/283 329/3174/283
f 329/3174/283 328/3177/283 327/3178/283
f 327/3178/283 326/3179/283 329/3174/283
f 326/3179/283 325/3180/283 329/3174/283
f 325/3180/900 324/3181/900 323/3182/900
f 323/3182/903 322/3183/903 325/3180/903
f 322/3183/283 321/981/283 325/3180/283
f 345/3159/283 343/3163/283 337/980/283
f 343/3163/283 341/3165/283 337/980/283
f 321/981/283 381/3124/283 377/3128/283
f 377/3128/283 373/3134/283 369/3138/283
f 369/3138/283 365/3140/283 361/3144/283
f 361/3144/283 357/3150/283 353/979/283
f 353/979/283 349/3155/283 345/3159/283
f 337/980/283 333/3170/283 329/3174/283
f 329/3174/283 325/3180/283 321/981/283
f 321/981/283 377/3128/283 369/3138/283
f 369/3138/283 361/3144/283 353/979/283
f 353/979/283 345/3159/283 337/980/283
f 337/980/283 329/3174/283 321/981/283
f 321/981/283 369/3138/283 353/979/283
f 960/983/907 897/3184/907 900/3185/907
f 897/3184/906 898/3186/906 900/3185/906
f 898/3186/906 899/3187/906 900/3185/906
f 900/3185/284 901/3188/284 904/3189/284
f 901/3188/906 902/3190/906 904/3189/906
f 902/3190/906 903/3191/906 904/3189/906
f 904/3189/906 905/3192/906 906/3193/906
f 906/3193/284 907/3194/284 904/3189/284
f 907/3194/284 908/3195/284 904/3189/284
f 908/3195/284 909/3196/284 910/3197/284
f 910/3197/284 911/3198/284 908/3195/284
f 911/3198/284 912/3199/284 908/3195/284
f 912/3199/284 913/3200/284 916/3201/284
f 913/3200/284 914/3202/284 916/3201/284
f 914/3202/284 915/3203/284 916/3201/284
f 916/3201/284 917/3204/284 920/3205/284
f 917/3204/284 918/3206/284 920/3205/284
f 918/3206/906 919/3207/906 920/3205/906
f 920/3205/907 921/3208/907 922/3209/907
f 922/3209/907 923/3210/907 924/3211/907
f 924/3211/906 925/3212/906 928/984/906
f 925/3212/907 926/3213/907 928/984/907
f 926/3213/907 927/3214/907 928/984/907
f 928/984/906 929/3215/906 932/3216/906
f 929/3215/907 930/3217/907 932/3216/907
f 930/3217/907 931/3218/907 932/3216/907
f 932/3216/284 933/3219/284 936/3220/284
f 933/3219/907 934/3221/907 936/3220/907
f 934/3221/907 935/3222/907 936/3220/907
f 936/3220/907 937/3223/907 938/3224/907
f 938/3224/284 939/3225/284 936/3220/284
f 939/3225/284 940/3226/284 936/3220/284
f 940/3226/284 941/3227/284 944/3228/284
f 941/3227/284 942/3229/284 944/3228/284
f 942/3229/284 943/3230/284 944/3228/284
f 944/3228/284 945/3231/284 948/3232/284
f 945/3231/284 946/3233/284 948/3232/284
f 946/3233/284 947/3234/284 948/3232/284
f 948/3232/284 949/3235/284 952/982/284
f 949/3235/284 950/3236/284 952/982/284
f 950/3236/907 951/3237/907 952/982/907
f 952/982/906 953/3238/906 954/3239/906
f 954/3239/906 955/3240/906 956/3241/906
f 956/3241/907 957/3242/907 960/983/907
f 957/3242/906 958/3243/906 960/983/906
f 958/3243/906 959/3244/906 960/983/906
f 920/3205/284 922/3209/284 928/984/284
f 922/3209/284 924/3211/284 928/984/284
f 952/982/284 954/3239/284 960/983/284
f 954/3239/284 956/3241/284 960/983/284
f 960/983/284 900/3185/284 904/3189/284
f 904/3189/284 908/3195/284 960/983/284
f 908/3195/284 912/3199/284 960/983/284
f 912/3199/284 916/3201/284 920/3205/284
f 928/984/284 932/3216/284 936/3220/284
f 936/3220/284 940/3226/284 928/984/284
f 940/3226/284 944/3228/284 928/984/284
f 944/3228/284 948/3232/284 952/982/284
f 912/3199/284 920/3205/284 960/983/284
f 920/3205/284 928/984/284 960/983/284
f 944/3228/284 952/982/284 928/984/284
s 1
f 962/985/585 1026/989/585 1025/986/586
f 962/985/585 963/991/587 1027/988/587
f 964/990/588 1028/993/588 1027/988/587
f 964/990/588 965/994/589 1029/992/589
f 965/994/589 966/997/590 1030/995/590
f 967/996/591 1031/999/591 1030/995/590
f 967/996/591 968/1000/592 1032/998/592
f 968/1000/592 969/1003/593 1033/1001/593
f 970/1002/594 1034/1005/594 1033/1001/593
f 971/1004/595 1035/1007/595 1034/1005/594
f 971/1004/595 972/1009/596 1036/1006/596
f 973/1008/597 1037/1011/597 1036/1006/596
f 974/1010/598 1038/1013/598 1037/1011/597
f 974/1010/598 975/1015/599 1039/1012/599
f 976/1014/600 1040/1017/600 1039/1012/599
f 976/1014/600 977/1019/601 1041/1016/601
f 978/1018/602 1042/1021/602 1041/1016/601
f 978/1018/602 979/1023/603 1043/1020/603
f 980/1022/604 1044/1025/604 1043/1020/603
f 980/1022/604 981/1026/605 1045/1024/605
f 981/1026/605 982/1029/606 1046/1027/606
f 983/1028/607 1047/1031/607 1046/1027/606
f 983/1028/607 984/1032/608 1048/1030/608
f 984/1032/608 985/1035/609 1049/1033/609
f 986/1034/610 1050/1037/610 1049/1033/609
f 987/1036/611 1051/1039/611 1050/1037/610
f 987/1036/611 988/1041/612 1052/1038/612
f 989/1040/613 1053/1043/613 1052/1038/612
f 990/1042/614 1054/1045/614 1053/1043/613
f 990/1042/614 991/1047/615 1055/1044/615
f 992/1046/616 1056/1049/616 1055/1044/615
f 992/1046/616 993/1051/617 1057/1048/617
f 994/1050/618 1058/1053/618 1057/1048/617
f 994/1050/618 995/1055/619 1059/1052/619
f 996/1054/620 1060/1057/620 1059/1052/619
f 996/1054/620 997/1058/621 1061/1056/621
f 997/1058/621 998/1061/622 1062/1059/622
f 999/1060/623 1063/1063/623 1062/1059/622
f 999/1060/623 1000/1064/624 1064/1062/624
f 1000/1064/624 1001/1067/625 1065/1065/625
f 1002/1066/626 1066/1069/626 1065/1065/625
f 1003/1068/627 1067/1071/627 1066/1069/626
f 1003/1068/627 1004/1073/628 1068/1070/628
f 1005/1072/629 1069/1075/629 1068/1070/628
f 1006/1074/630 1070/1077/630 1069/1075/629
f 1006/1074/630 1007/1079/631 1071/1076/631
f 1008/1078/632 1072/1081/632 1071/1076/631
f 1008/1078/632 1009/1083/633 1073/1080/633
f 1010/1082/634 1074/1085/634 1073/1080/633
f 1010/1082/634 1011/1087/635 1075/1084/635
f 1012/1086/636 1076/1089/636 1075/1084/635
f 1012/1086/636 1013/1090/637 1077/1088/637
f 1013/1090/637 1014/1093/638 1078/1091/638
f 1015/1092/639 1079/1095/639 1078/1091/638
f 1015/1092/639 1016/1096/640 1080/1094/640
f 1016/1096/640 1017/1099/641 1081/1097/641
f 1018/1098/642 1082/1101/642 1081/1097/641
f 1019/1100/643 1083/1103/643 1082/1101/642
f 1019/1100/643 1020/1105/644 1084/1102/644
f 1021/1104/645 1085/1107/645 1084/1102/644
f 1022/1106/646 1086/1109/646 1085/1107/645
f 1022/1106/646 1023/1111/647 1087/1108/647
f 1024/1110/648 1088/1113/648 1087/1108/647
f 1024/1110/648 961/3245/586 1025/1112/586
f 1026/989/151 1090/1115/151 1089/1114/152
f 1027/988/153 1091/1116/153 1090/1115/151
f 1028/993/154 1092/1117/154 1091/1116/153
f 1029/992/155 1093/1118/155 1092/1117/154
f 1030/995/156 1094/1119/156 1093/1118/155
f 1031/999/157 1095/1120/157 1094/1119/156
f 1032/998/158 1096/1121/158 1095/1120/157
f 1033/1001/159 1097/1122/159 1096/1121/158
f 1034/1005/160 1098/1123/160 1097/1122/159
f 1035/1007/161 1099/1124/161 1098/1123/160
f 1036/1006/162 1100/1125/162 1099/1124/161
f 1037/1011/163 1101/1126/163 1100/1125/162
f 1038/1013/164 1102/1127/164 1101/1126/163
f 1039/1012/165 1103/1128/165 1102/1127/164
f 1040/1017/166 1104/1129/166 1103/1128/165
f 1041/1016/167 1105/1130/167 1104/1129/166
f 1042/1021/168 1106/1131/168 1105/1130/167
f 1043/1020/169 1107/1132/169 1106/1131/168
f 1044/1025/170 1108/1133/170 1107/1132/169
f 1045/1024/171 1109/1134/171 1108/1133/170
f 1046/1027/172 1110/1135/172 1109/1134/171
f 1047/1031/173 1111/1136/173 1110/1135/172
f 1048/1030/174 1112/1137/174 1111/1136/173
f 1049/1033/175 1113/1138/175 1112/1137/174
f 1050/1037/176 1114/1139/176 1113/1138/175
f 1051/1039/177 1115/1140/177 1114/1139/176
f 1052/1038/178 1116/1141/178 1115/1140/177
f 1053/1043/179 1117/1142/179 1116/1141/178
f 1054/1045/180 1118/1143/180 1117/1142/179
f 1055/1044/181 1119/1144/181 1118/1143/180
f 1056/1049/182 1120/1145/182 1119/1144/181
f 1057/1048/183 1121/1146/183 1120/1145/182
f 1058/1053/184 1122/1147/184 1121/1146/183
f 1059/1052/185 1123/1148/185 1122/1147/184
f 1060/1057/186 1124/1149/186 1123/1148/185
f 1061/1056/187 1125/1150/187 1124/1149/186
f 1062/1059/188 1126/1151/188 1125/1150/187
f 1063/1063/189 1127/1152/189 1126/1151/188
f 1064/1062/190 1128/1153/190 1127/1152/189
f 1065/1065/191 1129/1154/191 1128/1153/190
f 1066/1069/192 1130/1155/192 1129/1154/191
f 1067/1071/193 1131/1156/193 1130/1155/192
f 1068/1070/194 1132/1157/194 1131/1156/193
f 1069/1075/195 1133/1158/195 1132/1157/194
f 1070/1077/196 1134/1159/196 1133/1158/195
f 1071/1076/197 1135/1160/197 1134/1159/196
f 1072/1081/198 1136/1161/198 1135/1160/197
f 1073/1080/199 1137/1162/199 1136/1161/198
f 1074/1085/200 1138/1163/200 1137/1162/199
f 1075/1084/201 1139/1164/201 1138/1163/200
f 1076/1089/202 1140/1165/202 1139/1164/201
f 1077/1088/203 1141/1166/203 1140/1165/202
f 1078/1091/204 1142/1167/204 1141/1166/203
f 1079/1095/205 1143/1168/205 1142/1167/204
f 1080/1094/206 1144/1169/206 1143/1168/205
f 1081/1097/207 1145/1170/207 1144/1169/206
f 1082/1101/208 1146/1171/208 1145/1170/207
f 1083/1103/209 1147/1172/209 1146/1171/208
f 1084/1102/210 1148/1173/210 1147/1172/209
f 1085/1107/211 1149/1174/211 1148/1173/210
f 1086/1109/212 1150/1175/212 1149/1174/211
f 1087/1108/213 1151/1176/213 1150/1175/212
f 1088/1113/214 1152/1177/214 1151/1176/213
f 1025/1112/152 1089/1242/152 1152/1177/214
f 1089/1114/649 1090/1115/650 1154/1178/650
f 1091/1116/651 1155/1180/651 1154/1178/650
f 1092/1117/652 1156/1181/652 1155/1180/651
f 1093/1118/653 1157/1182/653 1156/1181/652
f 1094/1119/654 1158/1184/654 1157/1182/653
f 1094/1119/654 1095/1120/655 1159/1183/655
f 1095/1120/655 1096/1121/658 1160/1185/656
f 1097/1122/657 1161/1187/657 1160/1185/656
f 1097/1122/657 1098/1123/659 1162/1186/659
f 1099/1124/660 1163/1188/660 1162/1186/659
f 1100/1125/661 1164/1190/661 1163/1188/660
f 1100/1125/661 1101/1126/662 1165/1189/662
f 1101/1126/662 1102/1127/663 1166/1191/663
f 1102/1127/663 1103/1128/664 1167/1192/664
f 1103/1128/664 1104/1129/665 1168/1193/665
f 1105/1130/666 1169/1195/666 1168/1193/665
f 1105/1130/666 1106/1131/667 1170/1194/667
f 1107/1132/668 1171/1196/668 1170/1194/667
f 1108/1133/669 1172/1197/669 1171/1196/668
f 1109/1134/670 1173/1198/670 1172/1197/669
f 1110/1135/671 1174/1200/671 1173/1198/670
f 1110/1135/671 1111/1136/672 1175/1199/672
f 1111/1136/672 1112/1137/673 1176/1201/673
f 1113/1138/674 1177/1203/674 1176/1201/673
f 1113/1138/674 1114/1139/677 1178/1202/675
f 1115/1140/676 1179/1204/676 1178/1202/675
f 1116/1141/678 1180/1206/678 1179/1204/676
f 1116/1141/678 1117/1142/679 1181/1205/679
f 1117/1142/679 1118/1143/680 1182/1207/680
f 1118/1143/680 1119/1144/681 1183/1208/681
f 1119/1144/681 1120/1145/682 1184/1209/682
f 1121/1146/683 1185/1211/683 1184/1209/682
f 1121/1146/683 1122/1147/684 1186/1210/684
f 1123/1148/685 1187/1212/685 1186/1210/684
f 1124/1149/686 1188/1213/686 1187/1212/685
f 1125/1150/687 1189/1214/687 1188/1213/686
f 1126/1151/688 1190/1216/688 1189/1214/687
f 1126/1151/688 1127/1152/689 1191/1215/689
f 1127/1152/689 1128/1153/692 1192/1217/690
f 1129/1154/691 1193/1219/691 1192/1217/690
f 1129/1154/691 1130/1155/693 1194/1218/693
f 1131/1156/694 1195/1220/694 1194/1218/693
f 1132/1157/695 1196/1222/695 1195/1220/694
f 1132/1157/695 1133/1158/696 1197/1221/696
f 1133/1158/696 1134/1159/697 1198/1223/697
f 1134/1159/697 1135/1160/698 1199/1224/698
f 1135/1160/698 1136/1161/699 1200/1225/699
f 1137/1162/700 1201/1227/700 1200/1225/699
f 1137/1162/700 1138/1163/701 1202/1226/701
f 1139/1164/702 1203/1228/702 1202/1226/701
f 1140/1165/703 1204/1229/703 1203/1228/702
f 1141/1166/704 1205/1230/704 1204/1229/703
f 1142/1167/705 1206/1232/705 1205/1230/704
f 1142/1167/705 1143/1168/706 1207/1231/706
f 1143/1168/706 1144/1169/707 1208/1233/707
f 1145/1170/708 1209/1235/708 1208/1233/707
f 1145/1170/708 1146/1171/711 1210/1234/709
f 1147/1172/710 1211/1236/710 1210/1234/709
f 1148/1173/712 1212/1238/712 1211/1236/710
f 1148/1173/712 1149/1174/713 1213/1237/713
f 1149/1174/713 1150/1175/714 1214/1239/714
f 1150/1175/714 1151/1176/715 1215/1240/715
f 1151/1176/715 1152/1177/716 1216/1241/716
f 1089/1242/649 1153/1306/649 1216/1241/716
f 1154/1178/151 1218/1244/151 1217/1243/152
f 1155/1180/153 1219/1245/153 1218/1244/151
f 1156/1181/154 1220/1246/154 1219/1245/153
f 1157/1182/155 1221/1247/155 1220/1246/154
f 1158/1184/156 1222/1248/156 1221/1247/155
f 1159/1183/157 1223/1249/157 1222/1248/156
f 1160/1185/158 1224/1250/158 1223/1249/157
f 1161/1187/159 1225/1251/159 1224/1250/158
f 1162/1186/160 1226/1252/160 1225/1251/159
f 1163/1188/161 1227/1253/161 1226/1252/160
f 1164/1190/162 1228/1254/162 1227/1253/161
f 1165/1189/163 1229/1255/163 1228/1254/162
f 1166/1191/164 1230/1256/164 1229/1255/163
f 1167/1192/165 1231/1257/165 1230/1256/164
f 1168/1193/166 1232/1258/166 1231/1257/165
f 1169/1195/167 1233/1259/167 1232/1258/166
f 1170/1194/168 1234/1260/168 1233/1259/167
f 1171/1196/169 1235/1261/169 1234/1260/168
f 1172/1197/170 1236/1262/170 1235/1261/169
f 1173/1198/171 1237/1263/171 1236/1262/170
f 1174/1200/172 1238/1264/172 1237/1263/171
f 1175/1199/173 1239/1265/173 1238/1264/172
f 1176/1201/174 1240/1266/174 1239/1265/173
f 1177/1203/175 1241/1267/175 1240/1266/174
f 1178/1202/176 1242/1268/176 1241/1267/175
f 1179/1204/177 1243/1269/177 1242/1268/176
f 1180/1206/178 1244/1270/178 1243/1269/177
f 1181/1205/179 1245/1271/179 1244/1270/178
f 1182/1207/180 1246/1272/180 1245/1271/179
f 1183/1208/181 1247/1273/181 1246/1272/180
f 1184/1209/182 1248/1274/182 1247/1273/181
f 1185/1211/183 1249/1275/183 1248/1274/182
f 1186/1210/184 1250/1276/184 1249/1275/183
f 1187/1212/185 1251/1277/185 1250/1276/184
f 1188/1213/186 1252/1278/186 1251/1277/185
f 1189/1214/187 1253/1279/187 1252/1278/186
f 1190/1216/188 1254/1280/188 1253/1279/187
f 1191/1215/189 1255/1281/189 1254/1280/188
f 1192/1217/190 1256/1282/190 1255/1281/189
f 1193/1219/191 1257/1283/191 1256/1282/190
f 1194/1218/192 1258/1284/192 1257/1283/191
f 1195/1220/193 1259/1285/193 1258/1284/192
f 1196/1222/194 1260/1286/194 1259/1285/193
f 1197/1221/195 1261/1287/195 1260/1286/194
f 1198/1223/196 1262/1288/196 1261/1287/195
f 1199/1224/197 1263/1289/197 1262/1288/196
f 1200/1225/198 1264/1290/198 1263/1289/197
f 1201/1227/199 1265/1291/199 1264/1290/198
f 1202/1226/200 1266/1292/200 1265/1291/199
f 1203/1228/201 1267/1293/201 1266/1292/200
f 1204/1229/202 1268/1294/202 1267/1293/201
f 1205/1230/203 1269/1295/203 1268/1294/202
f 1206/1232/204 1270/1296/204 1269/1295/203
f 1207/1231/205 1271/1297/205 1270/1296/204
f 1208/1233/206 1272/1298/206 1271/1297/205
f 1209/1235/207 1273/1299/207 1272/1298/206
f 1210/1234/208 1274/1300/208 1273/1299/207
f 1211/1236/209 1275/1301/209 1274/1300/208
f 1212/1238/210 1276/1302/210 1275/1301/209
f 1213/1237/211 1277/1303/211 1276/1302/210
f 1214/1239/212 1278/1304/212 1277/1303/211
f 1215/1240/213 1279/1305/213 1278/1304/212
f 1216/1241/214 1280/1307/214 1279/1305/213
f 1153/1306/152 1217/1371/152 1280/1307/214
f 1217/1243/438 1218/1244/437 1282/1308/437
f 1218/1244/437 1219/1245/717 1283/1310/717
f 1220/1246/718 1284/1311/718 1283/1310/717
f 1221/1247/441 1285/1313/441 1284/1311/718
f 1221/1247/441 1222/1248/442 1286/1312/442
f 1223/1249/443 1287/1314/443 1286/1312/442
f 1224/1250/444 1288/1315/444 1287/1314/443
f 1225/1251/446 1289/1317/446 1288/1315/444
f 1225/1251/446 1226/1252/447 1290/1316/447
f 1226/1252/447 1227/1253/448 1291/1318/448
f 1227/1253/448 1228/1254/449 1292/1319/449
f 1229/1255/450 1293/1321/450 1292/1319/449
f 1229/1255/450 1230/1256/451 1294/1320/451
f 1231/1257/452 1295/1322/452 1294/1320/451
f 1232/1258/453 1296/1323/453 1295/1322/452
f 1233/1259/454 1297/1325/454 1296/1323/453
f 1233/1259/454 1234/1260/455 1298/1324/455
f 1234/1260/455 1235/1261/579 1299/1326/579
f 1236/1262/457 1300/1327/457 1299/1326/579
f 1237/1263/458 1301/1328/458 1300/1327/457
f 1238/1264/459 1302/1329/459 1301/1328/458
f 1239/1265/460 1303/1330/460 1302/1329/459
f 1240/1266/461 1304/1331/461 1303/1330/460
f 1241/1267/462 1305/1333/462 1304/1331/461
f 1241/1267/462 1242/1268/463 1306/1332/463
f 1242/1268/463 1243/1269/464 1307/1334/464
f 1243/1269/464 1244/1270/465 1308/1335/465
f 1245/1271/467 1309/1337/467 1308/1335/465
f 1245/1271/467 1246/1272/468 1310/1336/468
f 1247/1273/719 1311/1338/719 1310/1336/468
f 1248/1274/470 1312/1339/470 1311/1338/719
f 1249/1275/471 1313/1341/471 1312/1339/470
f 1249/1275/471 1250/1276/472 1314/1340/472
f 1250/1276/472 1251/1277/720 1315/1342/720
f 1252/1278/721 1316/1343/721 1315/1342/720
f 1253/1279/475 1317/1345/475 1316/1343/721
f 1253/1279/475 1254/1280/476 1318/1344/476
f 1255/1281/477 1319/1346/477 1318/1344/476
f 1256/1282/478 1320/1347/478 1319/1346/477
f 1257/1283/480 1321/1349/480 1320/1347/478
f 1257/1283/480 1258/1284/481 1322/1348/481
f 1258/1284/481 1259/1285/482 1323/1350/482
f 1259/1285/482 1260/1286/483 1324/1351/483
f 1261/1287/484 1325/1353/484 1324/1351/483
f 1261/1287/484 1262/1288/485 1326/1352/485
f 1263/1289/486 1327/1354/486 1326/1352/485
f 1264/1290/487 1328/1355/487 1327/1354/486
f 1265/1291/488 1329/1357/488 1328/1355/487
f 1265/1291/488 1266/1292/489 1330/1356/489
f 1266/1292/489 1267/1293/583 1331/1358/583
f 1268/1294/491 1332/1359/491 1331/1358/583
f 1269/1295/492 1333/1360/492 1332/1359/491
f 1270/1296/493 1334/1361/493 1333/1360/492
f 1271/1297/494 1335/1362/494 1334/1361/493
f 1272/1298/495 1336/1363/495 1335/1362/494
f 1273/1299/496 1337/1365/496 1336/1363/495
f 1273/1299/496 1274/1300/497 1338/1364/497
f 1274/1300/497 1275/1301/498 1339/1366/498
f 1275/1301/498 1276/1302/499 1340/1367/499
f 1277/1303/501 1341/1369/501 1340/1367/499
f 1277/1303/501 1278/1304/502 1342/1368/502
f 1279/1305/722 1343/1370/722 1342/1368/502
f 1280/1307/504 1344/1372/504 1343/1370/722
f 1217/1371/438 1281/1436/438 1344/1372/504
f 1282/1308/151 1346/1374/151 1345/1373/152
f 1283/1310/153 1347/1375/153 1346/1374/151
f 1284/1311/154 1348/1376/154 1347/1375/153
f 1285/1313/155 1349/1377/155 1348/1376/154
f 1286/1312/156 1350/1378/156 1349/1377/155
f 1287/1314/157 1351/1379/157 1350/1378/156
f 1288/1315/158 1352/1380/158 1351/1379/157
f 1289/1317/159 1353/1381/159 1352/1380/158
f 1290/1316/160 1354/1382/160 1353/1381/159
f 1291/1318/161 1355/1383/161 1354/1382/160
f 1292/1319/162 1356/1384/162 1355/1383/161
f 1293/1321/163 1357/1385/163 1356/1384/162
f 1294/1320/164 1358/1386/164 1357/1385/163
f 1295/1322/165 1359/1387/165 1358/1386/164
f 1296/1323/166 1360/1388/166 1359/1387/165
f 1297/1325/167 1361/1389/167 1360/1388/166
f 1298/1324/168 1362/1390/168 1361/1389/167
f 1299/1326/169 1363/1391/169 1362/1390/168
f 1300/1327/170 1364/1392/170 1363/1391/169
f 1301/1328/171 1365/1393/171 1364/1392/170
f 1302/1329/172 1366/1394/172 1365/1393/171
f 1303/1330/173 1367/1395/173 1366/1394/172
f 1304/1331/174 1368/1396/174 1367/1395/173
f 1305/1333/175 1369/1397/175 1368/1396/174
f 1306/1332/176 1370/1398/176 1369/1397/175
f 1307/1334/177 1371/1399/177 1370/1398/176
f 1308/1335/178 1372/1400/178 1371/1399/177
f 1309/1337/179 1373/1401/179 1372/1400/178
f 1310/1336/180 1374/1402/180 1373/1401/179
f 1311/1338/181 1375/1403/181 1374/1402/180
f 1312/1339/182 1376/1404/182 1375/1403/181
f 1313/1341/183 1377/1405/183 1376/1404/182
f 1314/1340/184 1378/1406/184 1377/1405/183
f 1315/1342/185 1379/1407/185 1378/1406/184
f 1316/1343/186 1380/1408/186 1379/1407/185
f 1317/1345/187 1381/1409/187 1380/1408/186
f 1318/1344/188 1382/1410/188 1381/1409/187
f 1319/1346/189 1383/1411/189 1382/1410/188
f 1320/1347/190 1384/1412/190 1383/1411/189
f 1321/1349/191 1385/1413/191 1384/1412/190
f 1322/1348/192 1386/1414/192 1385/1413/191
f 1323/1350/193 1387/1415/193 1386/1414/192
f 1324/1351/194 1388/1416/194 1387/1415/193
f 1325/1353/195 1389/1417/195 1388/1416/194
f 1326/1352/196 1390/1418/196 1389/1417/195
f 1327/1354/197 1391/1419/197 1390/1418/196
f 1328/1355/198 1392/1420/198 1391/1419/197
f 1329/1357/199 1393/1421/199 1392/1420/198
f 1330/1356/200 1394/1422/200 1393/1421/199
f 1331/1358/201 1395/1423/201 1394/1422/200
f 1332/1359/202 1396/1424/202 1395/1423/201
f 1333/1360/203 1397/1425/203 1396/1424/202
f 1334/1361/204 1398/1426/204 1397/1425/203
f 1335/1362/205 1399/1427/205 1398/1426/204
f 1336/1363/206 1400/1428/206 1399/1427/205
f 1337/1365/207 1401/1429/207 1400/1428/206
f 1338/1364/208 1402/1430/208 1401/1429/207
f 1339/1366/209 1403/1431/209 1402/1430/208
f 1340/1367/210 1404/1432/210 1403/1431/209
f 1341/1369/211 1405/1433/211 1404/1432/210
f 1342/1368/212 1406/1434/212 1405/1433/211
f 1343/1370/213 1407/1435/213 1406/1434/212
f 1344/1372/214 1408/1437/214 1407/1435/213
f 1281/1436/152 1345/3246/152 1408/1437/214
f 1346/1374/78 1410/1439/78 1409/1438/77
f 1347/1375/723 1411/1440/79 1410/1439/78
f 1348/1376/80 1412/1442/80 1411/1440/79
f 1348/1376/80 1349/1377/81 1413/1441/81
f 1350/1378/82 1414/1444/82 1413/1441/81
f 1350/1378/82 1351/1379/724 1415/1443/724
f 1351/1379/724 1352/1380/85 1416/1445/85
f 1352/1380/85 1353/1381/87 1417/1446/87
f 1354/1382/88 1418/1447/88 1417/1446/87
f 1355/1383/89 1419/1448/89 1418/1447/88
f 1356/1384/90 1420/1450/90 1419/1448/89
f 1356/1384/90 1357/1385/91 1421/1449/91
f 1358/1386/92 1422/1451/92 1421/1449/91
f 1359/1387/93 1423/1453/93 1422/1451/92
f 1359/1387/93 1360/1388/94 1424/1452/94
f 1360/1388/94 1361/1389/95 1425/1454/95
f 1362/1390/96 1426/1455/96 1425/1454/95
f 1363/1391/725 1427/1456/97 1426/1455/96
f 1364/1392/726 1428/1458/726 1427/1456/97
f 1364/1392/726 1365/1393/99 1429/1457/99
f 1366/1394/100 1430/1460/100 1429/1457/99
f 1366/1394/100 1367/1395/101 1431/1459/101
f 1367/1395/101 1368/1396/102 1432/1461/102
f 1368/1396/102 1369/1397/103 1433/1462/103
f 1370/1398/104 1434/1463/104 1433/1462/103
f 1371/1399/727 1435/1464/727 1434/1463/104
f 1372/1400/107 1436/1465/107 1435/1464/727
f 1373/1401/109 1437/1466/109 1436/1465/107
f 1374/1402/110 1438/1467/110 1437/1466/109
f 1375/1403/506 1439/1469/506 1438/1467/110
f 1375/1403/506 1376/1404/113 1440/1468/113
f 1376/1404/113 1377/1405/114 1441/1470/114
f 1378/1406/115 1442/1471/115 1441/1470/114
f 1379/1407/728 1443/1472/116 1442/1471/115
f 1380/1408/117 1444/1474/117 1443/1472/116
f 1380/1408/117 1381/1409/118 1445/1473/118
f 1382/1410/119 1446/1476/119 1445/1473/118
f 1382/1410/119 1383/1411/729 1447/1475/729
f 1383/1411/729 1384/1412/122 1448/1477/122
f 1384/1412/122 1385/1413/124 1449/1478/124
f 1386/1414/125 1450/1479/125 1449/1478/124
f 1387/1415/126 1451/1480/126 1450/1479/125
f 1388/1416/127 1452/1482/127 1451/1480/126
f 1388/1416/127 1389/1417/128 1453/1481/128
f 1390/1418/129 1454/1483/129 1453/1481/128
f 1391/1419/130 1455/1485/130 1454/1483/129
f 1391/1419/130 1392/1420/131 1456/1484/131
f 1392/1420/131 1393/1421/132 1457/1486/132
f 1394/1422/133 1458/1487/133 1457/1486/132
f 1395/1423/730 1459/1488/134 1458/1487/133
f 1396/1424/135 1460/1490/731 1459/1488/134
f 1396/1424/135 1397/1425/136 1461/1489/136
f 1398/1426/137 1462/1492/137 1461/1489/136
f 1398/1426/137 1399/1427/138 1463/1491/138
f 1399/1427/138 1400/1428/139 1464/1493/139
f 1400/1428/139 1401/1429/140 1465/1494/140
f 1402/1430/141 1466/1495/141 1465/1494/140
f 1403/1431/732 1467/1496/732 1466/1495/141
f 1404/1432/144 1468/1497/144 1467/1496/732
f 1405/1433/146 1469/1498/146 1468/1497/144
f 1406/1434/147 1470/1499/147 1469/1498/146
f 1407/1435/508 1471/1501/508 1470/1499/147
f 1407/1435/508 1408/1437/150 1472/1500/150
f 1408/1437/150 1345/3246/77 1409/1502/77
f 1410/1439/151 1474/1504/151 1473/1503/152
f 1411/1440/153 1475/1505/153 1474/1504/151
f 1412/1442/154 1476/1506/154 1475/1505/153
f 1413/1441/155 1477/1507/155 1476/1506/154
f 1414/1444/156 1478/1508/156 1477/1507/155
f 1415/1443/157 1479/1509/157 1478/1508/156
f 1416/1445/158 1480/1510/158 1479/1509/157
f 1417/1446/159 1481/1511/159 1480/1510/158
f 1418/1447/160 1482/1512/160 1481/1511/159
f 1419/1448/161 1483/1513/161 1482/1512/160
f 1420/1450/162 1484/1514/162 1483/1513/161
f 1421/1449/163 1485/1515/163 1484/1514/162
f 1422/1451/164 1486/1516/164 1485/1515/163
f 1423/1453/165 1487/1517/165 1486/1516/164
f 1424/1452/166 1488/1518/166 1487/1517/165
f 1425/1454/167 1489/1519/167 1488/1518/166
f 1426/1455/168 1490/1520/168 1489/1519/167
f 1427/1456/169 1491/1521/169 1490/1520/168
f 1428/1458/170 1492/1522/170 1491/1521/169
f 1429/1457/171 1493/1523/171 1492/1522/170
f 1430/1460/172 1494/1524/172 1493/1523/171
f 1431/1459/173 1495/1525/173 1494/1524/172
f 1432/1461/174 1496/1526/174 1495/1525/173
f 1433/1462/175 1497/1527/175 1496/1526/174
f 1434/1463/176 1498/1528/176 1497/1527/175
f 1435/1464/177 1499/1529/177 1498/1528/176
f 1436/1465/178 1500/1530/178 1499/1529/177
f 1437/1466/179 1501/1531/179 1500/1530/178
f 1438/1467/180 1502/1532/180 1501/1531/179
f 1439/1469/181 1503/1533/181 1502/1532/180
f 1440/1468/182 1504/1534/182 1503/1533/181
f 1441/1470/183 1505/1535/183 1504/1534/182
f 1442/1471/184 1506/1536/184 1505/1535/183
f 1443/1472/185 1507/1537/185 1506/1536/184
f 1444/1474/186 1508/1538/186 1507/1537/185
f 1445/1473/187 1509/1539/187 1508/1538/186
f 1446/1476/188 1510/1540/188 1509/1539/187
f 1447/1475/189 1511/1541/189 1510/1540/188
f 1448/1477/190 1512/1542/190 1511/1541/189
f 1449/1478/191 1513/1543/191 1512/1542/190
f 1450/1479/192 1514/1544/192 1513/1543/191
f 1451/1480/193 1515/1545/193 1514/1544/192
f 1452/1482/194 1516/1546/194 1515/1545/193
f 1453/1481/195 1517/1547/195 1516/1546/194
f 1454/1483/196 1518/1548/196 1517/1547/195
f 1455/1485/197 1519/1549/197 1518/1548/196
f 1456/1484/198 1520/1550/198 1519/1549/197
f 1457/1486/199 1521/1551/199 1520/1550/198
f 1458/1487/200 1522/1552/200 1521/1551/199
f 1459/1488/201 1523/1553/201 1522/1552/200
f 1460/1490/202 1524/1554/202 1523/1553/201
f 1461/1489/203 1525/1555/203 1524/1554/202
f 1462/1492/204 1526/1556/204 1525/1555/203
f 1463/1491/205 1527/1557/205 1526/1556/204
f 1464/1493/206 1528/1558/206 1527/1557/205
f 1465/1494/207 1529/1559/207 1528/1558/206
f 1466/1495/208 1530/1560/208 1529/1559/207
f 1467/1496/209 1531/1561/209 1530/1560/208
f 1468/1497/210 1532/1562/210 1531/1561/209
f 1469/1498/211 1533/1563/211 1532/1562/210
f 1470/1499/212 1534/1564/212 1533/1563/211
f 1471/1501/213 1535/1565/213 1534/1564/212
f 1472/1500/214 1536/1566/214 1535/1565/213
f 1409/1502/152 1473/1630/152 1536/1566/214
f 1473/1503/438 1474/1504/437 1538/1567/437
f 1474/1504/437 1475/1505/717 1539/1569/717
f 1476/1506/440 1540/1570/440 1539/1569/717
f 1477/1507/441 1541/1572/441 1540/1570/440
f 1477/1507/441 1478/1508/442 1542/1571/442
f 1479/1509/443 1543/1573/443 1542/1571/442
f 1480/1510/444 1544/1574/444 1543/1573/443
f 1481/1511/446 1545/1576/446 1544/1574/444
f 1481/1511/446 1482/1512/447 1546/1575/447
f 1482/1512/447 1483/1513/448 1547/1577/448
f 1483/1513/448 1484/1514/449 1548/1578/449
f 1485/1515/450 1549/1580/450 1548/1578/449
f 1485/1515/450 1486/1516/451 1550/1579/451
f 1487/1517/452 1551/1581/452 1550/1579/451
f 1488/1518/453 1552/1582/453 1551/1581/452
f 1489/1519/454 1553/1584/454 1552/1582/453
f 1489/1519/454 1490/1520/455 1554/1583/455
f 1490/1520/455 1491/1521/456 1555/1585/456
f 1492/1522/457 1556/1586/457 1555/1585/456
f 1493/1523/458 1557/1587/458 1556/1586/457
f 1494/1524/459 1558/1588/459 1557/1587/458
f 1495/1525/460 1559/1589/460 1558/1588/459
f 1496/1526/461 1560/1590/461 1559/1589/460
f 1497/1527/462 1561/1592/462 1560/1590/461
f 1497/1527/462 1498/1528/463 1562/1591/463
f 1498/1528/463 1499/1529/464 1563/1593/464
f 1499/1529/464 1500/1530/465 1564/1594/465
f 1501/1531/467 1565/1596/467 1564/1594/465
f 1501/1531/467 1502/1532/468 1566/1595/468
f 1503/1533/719 1567/1597/719 1566/1595/468
f 1504/1534/470 1568/1598/470 1567/1597/719
f 1505/1535/471 1569/1600/471 1568/1598/470
f 1505/1535/471 1506/1536/472 1570/1599/472
f 1506/1536/472 1507/1537/720 1571/1601/720
f 1508/1538/474 1572/1602/474 1571/1601/720
f 1509/1539/475 1573/1604/475 1572/1602/474
f 1509/1539/475 1510/1540/476 1574/1603/476
f 1511/1541/477 1575/1605/477 1574/1603/476
f 1512/1542/478 1576/1606/478 1575/1605/477
f 1513/1543/480 1577/1608/480 1576/1606/478
f 1513/1543/480 1514/1544/481 1578/1607/481
f 1514/1544/481 1515/1545/482 1579/1609/482
f 1515/1545/482 1516/1546/483 1580/1610/483
f 1517/1547/484 1581/1612/484 1580/1610/483
f 1517/1547/484 1518/1548/485 1582/1611/485
f 1519/1549/486 1583/1613/486 1582/1611/485
f 1520/1550/487 1584/1614/487 1583/1613/486
f 1521/1551/488 1585/1616/488 1584/1614/487
f 1521/1551/488 1522/1552/489 1586/1615/489
f 1522/1552/489 1523/1553/490 1587/1617/490
f 1524/1554/491 1588/1618/491 1587/1617/490
f 1525/1555/492 1589/1619/492 1588/1618/491
f 1526/1556/493 1590/1620/493 1589/1619/492
f 1527/1557/494 1591/1621/494 1590/1620/493
f 1528/1558/495 1592/1622/495 1591/1621/494
f 1529/1559/496 1593/1624/496 1592/1622/495
f 1529/1559/496 1530/1560/497 1594/1623/497
f 1530/1560/497 1531/1561/498 1595/1625/498
f 1531/1561/498 1532/1562/499 1596/1626/499
f 1533/1563/501 1597/1628/501 1596/1626/499
f 1533/1563/501 1534/1564/502 1598/1627/502
f 1535/1565/722 1599/1629/722 1598/1627/502
f 1536/1566/504 1600/1631/504 1599/1629/722
f 1473/1630/438 1537/1695/438 1600/1631/504
f 1538/1567/151 1602/1633/151 1601/1632/152
f 1539/1569/153 1603/1634/153 1602/1633/151
f 1540/1570/154 1604/1635/154 1603/1634/153
f 1541/1572/155 1605/1636/155 1604/1635/154
f 1542/1571/156 1606/1637/156 1605/1636/155
f 1543/1573/157 1607/1638/157 1606/1637/156
f 1544/1574/158 1608/1639/158 1607/1638/157
f 1545/1576/159 1609/1640/159 1608/1639/158
f 1546/1575/160 1610/1641/160 1609/1640/159
f 1547/1577/161 1611/1642/161 1610/1641/160
f 1548/1578/162 1612/1643/162 1611/1642/161
f 1549/1580/163 1613/1644/163 1612/1643/162
f 1550/1579/164 1614/1645/164 1613/1644/163
f 1551/1581/165 1615/1646/165 1614/1645/164
f 1552/1582/166 1616/1647/166 1615/1646/165
f 1553/1584/167 1617/1648/167 1616/1647/166
f 1554/1583/168 1618/1649/168 1617/1648/167
f 1555/1585/169 1619/1650/169 1618/1649/168
f 1556/1586/170 1620/1651/170 1619/1650/169
f 1557/1587/171 1621/1652/171 1620/1651/170
f 1558/1588/172 1622/1653/172 1621/1652/171
f 1559/1589/173 1623/1654/173 1622/1653/172
f 1560/1590/174 1624/1655/174 1623/1654/173
f 1561/1592/175 1625/1656/175 1624/1655/174
f 1562/1591/176 1626/1657/176 1625/1656/175
f 1563/1593/177 1627/1658/177 1626/1657/176
f 1564/1594/178 1628/1659/178 1627/1658/177
f 1565/1596/179 1629/1660/179 1628/1659/178
f 1566/1595/180 1630/1661/180 1629/1660/179
f 1567/1597/181 1631/1662/181 1630/1661/180
f 1568/1598/182 1632/1663/182 1631/1662/181
f 1569/1600/183 1633/1664/183 1632/1663/182
f 1570/1599/184 1634/1665/184 1633/1664/183
f 1571/1601/185 1635/1666/185 1634/1665/184
f 1572/1602/186 1636/1667/186 1635/1666/185
f 1573/1604/187 1637/1668/187 1636/1667/186
f 1574/1603/188 1638/1669/188 1637/1668/187
f 1575/1605/189 1639/1670/189 1638/1669/188
f 1576/1606/190 1640/1671/190 1639/1670/189
f 1577/1608/191 1641/1672/191 1640/1671/190
f 1578/1607/192 1642/1673/192 1641/1672/191
f 1579/1609/193 1643/1674/193 1642/1673/192
f 1580/1610/194 1644/1675/194 1643/1674/193
f 1581/1612/195 1645/1676/195 1644/1675/194
f 1582/1611/196 1646/1677/196 1645/1676/195
f 1583/1613/197 1647/1678/197 1646/1677/196
f 1584/1614/198 1648/1679/198 1647/1678/197
f 1585/1616/199 1649/1680/199 1648/1679/198
f 1586/1615/200 1650/1681/200 1649/1680/199
f 1587/1617/201 1651/1682/201 1650/1681/200
f 1588/1618/202 1652/1683/202 1651/1682/201
f 1589/1619/203 1653/1684/203 1652/1683/202
f 1590/1620/204 1654/1685/204 1653/1684/203
f 1591/1621/205 1655/1686/205 1654/1685/204
f 1592/1622/206 1656/1687/206 1655/1686/205
f 1593/1624/207 1657/1688/207 1656/1687/206
f 1594/1623/208 1658/1689/208 1657/1688/207
f 1595/1625/209 1659/1690/209 1658/1689/208
f 1596/1626/210 1660/1691/210 1659/1690/209
f 1597/1628/211 1661/1692/211 1660/1691/210
f 1598/1627/212 1662/1693/212 1661/1692/211
f 1599/1629/213 1663/1694/213 1662/1693/212
f 1600/1631/214 1664/1696/214 1663/1694/213
f 1537/1695/152 1601/3247/152 1664/1696/214
f 1602/1633/78 1666/1698/78 1665/1697/77
f 1603/1634/505 1667/1699/79 1666/1698/78
f 1604/1635/80 1668/1701/80 1667/1699/79
f 1604/1635/80 1605/1636/81 1669/1700/81
f 1606/1637/82 1670/1703/82 1669/1700/81
f 1606/1637/82 1607/1638/84 1671/1702/84
f 1607/1638/84 1608/1639/85 1672/1704/85
f 1608/1639/85 1609/1640/87 1673/1705/87
f 1610/1641/88 1674/1706/88 1673/1705/87
f 1611/1642/89 1675/1707/89 1674/1706/88
f 1612/1643/90 1676/1708/90 1675/1707/89
f 1613/1644/91 1677/1709/91 1676/1708/90
f 1614/1645/92 1678/1710/92 1677/1709/91
f 1615/1646/93 1679/1712/93 1678/1710/92
f 1615/1646/93 1616/1647/94 1680/1711/94
f 1616/1647/94 1617/1648/95 1681/1713/95
f 1618/1649/96 1682/1714/96 1681/1713/95
f 1619/1650/97 1683/1715/97 1682/1714/96
f 1620/1651/98 1684/1717/98 1683/1715/97
f 1620/1651/98 1621/1652/99 1685/1716/99
f 1622/1653/100 1686/1719/100 1685/1716/99
f 1622/1653/100 1623/1654/101 1687/1718/101
f 1623/1654/101 1624/1655/102 1688/1720/102
f 1624/1655/102 1625/1656/103 1689/1721/103
f 1626/1657/104 1690/1722/104 1689/1721/103
f 1627/1658/106 1691/1723/106 1690/1722/104
f 1628/1659/107 1692/1725/107 1691/1723/106
f 1628/1659/107 1629/1660/109 1693/1724/109
f 1630/1661/733 1694/1726/733 1693/1724/109
f 1631/1662/112 1695/1728/112 1694/1726/733
f 1631/1662/112 1632/1663/113 1696/1727/113
f 1632/1663/113 1633/1664/114 1697/1729/114
f 1634/1665/115 1698/1730/115 1697/1729/114
f 1635/1666/507 1699/1731/116 1698/1730/115
f 1636/1667/117 1700/1733/117 1699/1731/116
f 1636/1667/117 1637/1668/118 1701/1732/118
f 1638/1669/119 1702/1735/119 1701/1732/118
f 1638/1669/119 1639/1670/121 1703/1734/121
f 1639/1670/121 1640/1671/122 1704/1736/122
f 1640/1671/122 1641/1672/124 1705/1737/124
f 1642/1673/125 1706/1738/125 1705/1737/124
f 1643/1674/126 1707/1739/126 1706/1738/125
f 1644/1675/127 1708/1740/127 1707/1739/126
f 1645/1676/128 1709/1741/128 1708/1740/127
f 1646/1677/129 1710/1742/129 1709/1741/128
f 1647/1678/130 1711/1744/130 1710/1742/129
f 1647/1678/130 1648/1679/131 1712/1743/131
f 1648/1679/131 1649/1680/132 1713/1745/132
f 1650/1681/133 1714/1746/133 1713/1745/132
f 1651/1682/134 1715/1747/134 1714/1746/133
f 1652/1683/135 1716/1749/135 1715/1747/134
f 1652/1683/135 1653/1684/136 1717/1748/136
f 1654/1685/137 1718/1751/137 1717/1748/136
f 1654/1685/137 1655/1686/138 1719/1750/138
f 1655/1686/138 1656/1687/139 1720/1752/139
f 1656/1687/139 1657/1688/140 1721/1753/140
f 1658/1689/141 1722/1754/141 1721/1753/140
f 1659/1690/143 1723/1755/143 1722/1754/141
f 1660/1691/144 1724/1757/144 1723/1755/143
f 1660/1691/144 1661/1692/146 1725/1756/146
f 1662/1693/734 1726/1758/734 1725/1756/146
f 1663/1694/149 1727/1760/149 1726/1758/734
f 1663/1694/149 1664/1696/150 1728/1759/150
f 1664/1696/150 1601/3247/77 1665/1761/77
f 1666/1698/151 1730/1763/151 1729/1762/152
f 1667/1699/153 1731/1764/153 1730/1763/151
f 1668/1701/154 1732/1765/154 1731/1764/153
f 1669/1700/155 1733/1766/155 1732/1765/154
f 1670/1703/156 1734/1767/156 1733/1766/155
f 1671/1702/157 1735/1768/157 1734/1767/156
f 1672/1704/158 1736/1769/158 1735/1768/157
f 1673/1705/159 1737/1770/159 1736/1769/158
f 1674/1706/160 1738/1771/160 1737/1770/159
f 1675/1707/161 1739/1772/161 1738/1771/160
f 1676/1708/162 1740/1773/162 1739/1772/161
f 1677/1709/163 1741/1774/163 1740/1773/162
f 1678/1710/164 1742/1775/164 1741/1774/163
f 1679/1712/165 1743/1776/165 1742/1775/164
f 1680/1711/166 1744/1777/166 1743/1776/165
f 1681/1713/167 1745/1778/167 1744/1777/166
f 1682/1714/168 1746/1779/168 1745/1778/167
f 1683/1715/169 1747/1780/169 1746/1779/168
f 1684/1717/170 1748/1781/170 1747/1780/169
f 1685/1716/171 1749/1782/171 1748/1781/170
f 1686/1719/172 1750/1783/172 1749/1782/171
f 1687/1718/173 1751/1784/173 1750/1783/172
f 1688/1720/174 1752/1785/174 1751/1784/173
f 1689/1721/175 1753/1786/175 1752/1785/174
f 1690/1722/176 1754/1787/176 1753/1786/175
f 1691/1723/177 1755/1788/177 1754/1787/176
f 1692/1725/178 1756/1789/178 1755/1788/177
f 1693/1724/179 1757/1790/179 1756/1789/178
f 1694/1726/180 1758/1791/180 1757/1790/179
f 1695/1728/181 1759/1792/181 1758/1791/180
f 1696/1727/182 1760/1793/182 1759/1792/181
f 1697/1729/183 1761/1794/183 1760/1793/182
f 1698/1730/184 1762/1795/184 1761/1794/183
f 1699/1731/185 1763/1796/185 1762/1795/184
f 1700/1733/186 1764/1797/186 1763/1796/185
f 1701/1732/187 1765/1798/187 1764/1797/186
f 1702/1735/188 1766/1799/188 1765/1798/187
f 1703/1734/189 1767/1800/189 1766/1799/188
f 1704/1736/190 1768/1801/190 1767/1800/189
f 1705/1737/191 1769/1802/191 1768/1801/190
f 1706/1738/192 1770/1803/192 1769/1802/191
f 1707/1739/193 1771/1804/193 1770/1803/192
f 1708/1740/194 1772/1805/194 1771/1804/193
f 1709/1741/195 1773/1806/195 1772/1805/194
f 1710/1742/196 1774/1807/196 1773/1806/195
f 1711/1744/197 1775/1808/197 1774/1807/196
f 1712/1743/198 1776/1809/198 1775/1808/197
f 1713/1745/199 1777/1810/199 1776/1809/198
f 1714/1746/200 1778/1811/200 1777/1810/199
f 1715/1747/201 1779/1812/201 1778/1811/200
f 1716/1749/202 1780/1813/202 1779/1812/201
f 1717/1748/203 1781/1814/203 1780/1813/202
f 1718/1751/204 1782/1815/204 1781/1814/203
f 1719/1750/205 1783/1816/205 1782/1815/204
f 1720/1752/206 1784/1817/206 1783/1816/205
f 1721/1753/207 1785/1818/207 1784/1817/206
f 1722/1754/208 1786/1819/208 1785/1818/207
f 1723/1755/209 1787/1820/209 1786/1819/208
f 1724/1757/210 1788/1821/210 1787/1820/209
f 1725/1756/211 1789/1822/211 1788/1821/210
f 1726/1758/212 1790/1823/212 1789/1822/211
f 1727/1760/213 1791/1824/213 1790/1823/212
f 1728/1759/214 1792/1825/214 1791/1824/213
f 1665/1761/152 1729/1889/152 1792/1825/214
f 1729/1762/438 1730/1763/437 1794/1826/437
f 1730/1763/437 1731/1764/717 1795/1828/717
f 1732/1765/440 1796/1829/440 1795/1828/717
f 1733/1766/441 1797/1831/441 1796/1829/440
f 1733/1766/441 1734/1767/442 1798/1830/442
f 1735/1768/443 1799/1832/443 1798/1830/442
f 1736/1769/444 1800/1833/444 1799/1832/443
f 1737/1770/446 1801/1835/446 1800/1833/444
f 1737/1770/446 1738/1771/447 1802/1834/447
f 1738/1771/447 1739/1772/448 1803/1836/448
f 1739/1772/448 1740/1773/449 1804/1837/449
f 1741/1774/450 1805/1839/450 1804/1837/449
f 1741/1774/450 1742/1775/451 1806/1838/451
f 1743/1776/578 1807/1840/578 1806/1838/451
f 1744/1777/453 1808/1841/453 1807/1840/578
f 1745/1778/454 1809/1843/454 1808/1841/453
f 1745/1778/454 1746/1779/455 1810/1842/455
f 1746/1779/455 1747/1780/579 1811/1844/579
f 1748/1781/457 1812/1845/457 1811/1844/579
f 1749/1782/458 1813/1846/458 1812/1845/457
f 1750/1783/459 1814/1847/459 1813/1846/458
f 1751/1784/460 1815/1848/460 1814/1847/459
f 1752/1785/461 1816/1849/461 1815/1848/460
f 1753/1786/462 1817/1851/462 1816/1849/461
f 1753/1786/462 1754/1787/463 1818/1850/463
f 1754/1787/463 1755/1788/464 1819/1852/464
f 1755/1788/464 1756/1789/465 1820/1853/465
f 1757/1790/467 1821/1855/467 1820/1853/465
f 1757/1790/467 1758/1791/468 1822/1854/468
f 1759/1792/719 1823/1856/469 1822/1854/468
f 1760/1793/470 1824/1857/470 1823/1856/469
f 1761/1794/471 1825/1859/471 1824/1857/470
f 1761/1794/471 1762/1795/472 1826/1858/472
f 1762/1795/472 1763/1796/720 1827/1860/720
f 1764/1797/474 1828/1861/474 1827/1860/720
f 1765/1798/475 1829/1863/475 1828/1861/474
f 1765/1798/475 1766/1799/476 1830/1862/476
f 1767/1800/477 1831/1864/477 1830/1862/476
f 1768/1801/478 1832/1865/478 1831/1864/477
f 1769/1802/480 1833/1867/480 1832/1865/478
f 1769/1802/480 1770/1803/481 1834/1866/481
f 1770/1803/481 1771/1804/482 1835/1868/482
f 1771/1804/482 1772/1805/483 1836/1869/483
f 1773/1806/484 1837/1871/484 1836/1869/483
f 1773/1806/484 1774/1807/485 1838/1870/485
f 1775/1808/582 1839/1872/582 1838/1870/485
f 1776/1809/487 1840/1873/487 1839/1872/582
f 1777/1810/488 1841/1875/488 1840/1873/487
f 1777/1810/488 1778/1811/489 1842/1874/489
f 1778/1811/489 1779/1812/583 1843/1876/583
f 1780/1813/491 1844/1877/491 1843/1876/583
f 1781/1814/492 1845/1878/492 1844/1877/491
f 1782/1815/493 1846/1879/493 1845/1878/492
f 1783/1816/494 1847/1880/494 1846/1879/493
f 1784/1817/495 1848/1881/495 1847/1880/494
f 1785/1818/496 1849/1883/496 1848/1881/495
f 1785/1818/496 1786/1819/497 1850/1882/497
f 1786/1819/497 1787/1820/498 1851/1884/498
f 1787/1820/498 1788/1821/499 1852/1885/499
f 1789/1822/501 1853/1887/501 1852/1885/499
f 1789/1822/501 1790/1823/502 1854/1886/502
f 1791/1824/722 1855/1888/503 1854/1886/502
f 1792/1825/504 1856/1890/504 1855/1888/503
f 1729/1889/438 1793/1954/438 1856/1890/504
f 1794/1826/151 1858/1892/151 1857/1891/152
f 1795/1828/153 1859/1893/153 1858/1892/151
f 1796/1829/154 1860/1894/154 1859/1893/153
f 1797/1831/155 1861/1895/155 1860/1894/154
f 1798/1830/156 1862/1896/156 1861/1895/155
f 1799/1832/157 1863/1897/157 1862/1896/156
f 1800/1833/158 1864/1898/158 1863/1897/157
f 1801/1835/159 1865/1899/159 1864/1898/158
f 1802/1834/160 1866/1900/160 1865/1899/159
f 1803/1836/161 1867/1901/161 1866/1900/160
f 1804/1837/162 1868/1902/162 1867/1901/161
f 1805/1839/163 1869/1903/163 1868/1902/162
f 1806/1838/164 1870/1904/164 1869/1903/163
f 1807/1840/165 1871/1905/165 1870/1904/164
f 1808/1841/166 1872/1906/166 1871/1905/165
f 1809/1843/167 1873/1907/167 1872/1906/166
f 1810/1842/168 1874/1908/168 1873/1907/167
f 1811/1844/169 1875/1909/169 1874/1908/168
f 1812/1845/170 1876/1910/170 1875/1909/169
f 1813/1846/171 1877/1911/171 1876/1910/170
f 1814/1847/172 1878/1912/172 1877/1911/171
f 1815/1848/173 1879/1913/173 1878/1912/172
f 1816/1849/174 1880/1914/174 1879/1913/173
f 1817/1851/175 1881/1915/175 1880/1914/174
f 1818/1850/176 1882/1916/176 1881/1915/175
f 1819/1852/177 1883/1917/177 1882/1916/176
f 1820/1853/178 1884/1918/178 1883/1917/177
f 1821/1855/179 1885/1919/179 1884/1918/178
f 1822/1854/180 1886/1920/180 1885/1919/179
f 1823/1856/181 1887/1921/181 1886/1920/180
f 1824/1857/182 1888/1922/182 1887/1921/181
f 1825/1859/183 1889/1923/183 1888/1922/182
f 1826/1858/184 1890/1924/184 1889/1923/183
f 1827/1860/185 1891/1925/185 1890/1924/184
f 1828/1861/186 1892/1926/186 1891/1925/185
f 1829/1863/187 1893/1927/187 1892/1926/186
f 1830/1862/188 1894/1928/188 1893/1927/187
f 1831/1864/189 1895/1929/189 1894/1928/188
f 1832/1865/190 1896/1930/190 1895/1929/189
f 1833/1867/191 1897/1931/191 1896/1930/190
f 1834/1866/192 1898/1932/192 1897/1931/191
f 1835/1868/193 1899/1933/193 1898/1932/192
f 1836/1869/194 1900/1934/194 1899/1933/193
f 1837/1871/195 1901/1935/195 1900/1934/194
f 1838/1870/196 1902/1936/196 1901/1935/195
f 1839/1872/197 1903/1937/197 1902/1936/196
f 1840/1873/198 1904/1938/198 1903/1937/197
f 1841/1875/199 1905/1939/199 1904/1938/198
f 1842/1874/200 1906/1940/200 1905/1939/199
f 1843/1876/201 1907/1941/201 1906/1940/200
f 1844/1877/202 1908/1942/202 1907/1941/201
f 1845/1878/203 1909/1943/203 1908/1942/202
f 1846/1879/204 1910/1944/204 1909/1943/203
f 1847/1880/205 1911/1945/205 1910/1944/204
f 1848/1881/206 1912/1946/206 1911/1945/205
f 1849/1883/207 1913/1947/207 1912/1946/206
f 1850/1882/208 1914/1948/208 1913/1947/207
f 1851/1884/209 1915/1949/209 1914/1948/208
f 1852/1885/210 1916/1950/210 1915/1949/209
f 1853/1887/211 1917/1951/211 1916/1950/210
f 1854/1886/212 1918/1952/212 1917/1951/211
f 1855/1888/213 1919/1953/213 1918/1952/212
f 1856/1890/214 1920/1955/214 1919/1953/213
f 1793/1954/152 1857/3248/152 1920/1955/214
f 1858/1892/78 1922/1957/78 1921/1956/77
f 1859/1893/505 1923/1958/505 1922/1957/78
f 1860/1894/80 1924/1960/80 1923/1958/505
f 1860/1894/80 1861/1895/81 1925/1959/81
f 1862/1896/735 1926/1962/735 1925/1959/81
f 1862/1896/735 1863/1897/724 1927/1961/724
f 1863/1897/724 1864/1898/85 1928/1963/85
f 1864/1898/85 1865/1899/87 1929/1964/87
f 1866/1900/88 1930/1965/88 1929/1964/87
f 1867/1901/89 1931/1966/89 1930/1965/88
f 1868/1902/90 1932/1968/90 1931/1966/89
f 1868/1902/90 1869/1903/91 1933/1967/91
f 1870/1904/92 1934/1969/92 1933/1967/91
f 1871/1905/736 1935/1971/736 1934/1969/92
f 1871/1905/736 1872/1906/94 1936/1970/94
f 1872/1906/94 1873/1907/95 1937/1972/95
f 1874/1908/96 1938/1973/96 1937/1972/95
f 1875/1909/97 1939/1974/725 1938/1973/96
f 1876/1910/98 1940/1976/98 1939/1974/725
f 1876/1910/98 1877/1911/99 1941/1975/99
f 1878/1912/100 1942/1978/100 1941/1975/99
f 1878/1912/100 1879/1913/101 1943/1977/101
f 1879/1913/101 1880/1914/102 1944/1979/102
f 1880/1914/102 1881/1915/103 1945/1980/103
f 1882/1916/104 1946/1981/104 1945/1980/103
f 1883/1917/727 1947/1982/727 1946/1981/104
f 1884/1918/107 1948/1983/107 1947/1982/727
f 1885/1919/109 1949/1984/109 1948/1983/107
f 1886/1920/110 1950/1985/110 1949/1984/109
f 1887/1921/506 1951/1987/506 1950/1985/110
f 1887/1921/506 1888/1922/113 1952/1986/113
f 1888/1922/113 1889/1923/114 1953/1988/114
f 1890/1924/115 1954/1989/115 1953/1988/114
f 1891/1925/507 1955/1990/507 1954/1989/115
f 1892/1926/117 1956/1992/117 1955/1990/507
f 1892/1926/117 1893/1927/118 1957/1991/118
f 1894/1928/737 1958/1994/737 1957/1991/118
f 1894/1928/737 1895/1929/729 1959/1993/729
f 1895/1929/729 1896/1930/122 1960/1995/122
f 1896/1930/122 1897/1931/124 1961/1996/124
f 1898/1932/125 1962/1997/125 1961/1996/124
f 1899/1933/126 1963/1998/126 1962/1997/125
f 1900/1934/127 1964/2000/127 1963/1998/126
f 1900/1934/127 1901/1935/128 1965/1999/128
f 1902/1936/129 1966/2001/129 1965/1999/128
f 1903/1937/738 1967/2003/738 1966/2001/129
f 1903/1937/738 1904/1938/131 1968/2002/131
f 1904/1938/131 1905/1939/132 1969/2004/132
f 1906/1940/133 1970/2005/133 1969/2004/132
f 1907/1941/134 1971/2006/730 1970/2005/133
f 1908/1942/135 1972/2008/135 1971/2006/730
f 1908/1942/135 1909/1943/136 1973/2007/136
f 1910/1944/137 1974/2010/137 1973/2007/136
f 1910/1944/137 1911/1945/138 1975/2009/138
f 1911/1945/138 1912/1946/139 1976/2011/139
f 1912/1946/139 1913/1947/140 1977/2012/140
f 1914/1948/141 1978/2013/141 1977/2012/140
f 1915/1949/732 1979/2014/732 1978/2013/141
f 1916/1950/144 1980/2015/144 1979/2014/732
f 1917/1951/146 1981/2016/146 1980/2015/144
f 1918/1952/147 1982/2017/147 1981/2016/146
f 1919/1953/508 1983/2019/508 1982/2017/147
f 1919/1953/508 1920/1955/150 1984/2018/150
f 1920/1955/150 1857/3248/77 1921/2020/77
f 1922/1957/151 1986/2022/151 1985/2021/152
f 1923/1958/153 1987/2023/153 1986/2022/151
f 1924/1960/154 1988/2024/154 1987/2023/153
f 1925/1959/155 1989/2025/155 1988/2024/154
f 1926/1962/156 1990/2026/156 1989/2025/155
f 1927/1961/157 1991/2027/157 1990/2026/156
f 1928/1963/158 1992/2028/158 1991/2027/157
f 1929/1964/159 1993/2029/159 1992/2028/158
f 1930/1965/160 1994/2030/160 1993/2029/159
f 1931/1966/161 1995/2031/161 1994/2030/160
f 1932/1968/162 1996/2032/162 1995/2031/161
f 1933/1967/163 1997/2033/163 1996/2032/162
f 1934/1969/164 1998/2034/164 1997/2033/163
f 1935/1971/165 1999/2035/165 1998/2034/164
f 1936/1970/166 2000/2036/166 1999/2035/165
f 1937/1972/167 2001/2037/167 2000/2036/166
f 1938/1973/168 2002/2038/168 2001/2037/167
f 1939/1974/169 2003/2039/169 2002/2038/168
f 1940/1976/170 2004/2040/170 2003/2039/169
f 1941/1975/171 2005/2041/171 2004/2040/170
f 1942/1978/172 2006/2042/172 2005/2041/171
f 1943/1977/173 2007/2043/173 2006/2042/172
f 1944/1979/174 2008/2044/174 2007/2043/173
f 1945/1980/175 2009/2045/175 2008/2044/174
f 1946/1981/176 2010/2046/176 2009/2045/175
f 1947/1982/177 2011/2047/177 2010/2046/176
f 1948/1983/178 2012/2048/178 2011/2047/177
f 1949/1984/179 2013/2049/179 2012/2048/178
f 1950/1985/180 2014/2050/180 2013/2049/179
f 1951/1987/181 2015/2051/181 2014/2050/180
f 1952/1986/182 2016/2052/182 2015/2051/181
f 1953/1988/183 2017/2053/183 2016/2052/182
f 1954/1989/184 2018/2054/184 2017/2053/183
f 1955/1990/185 2019/2055/185 2018/2054/184
f 1956/1992/186 2020/2056/186 2019/2055/185
f 1957/1991/187 2021/2057/187 2020/2056/186
f 1958/1994/188 2022/2058/188 2021/2057/187
f 1959/1993/189 2023/2059/189 2022/2058/188
f 1960/1995/190 2024/2060/190 2023/2059/189
f 1961/1996/191 2025/2061/191 2024/2060/190
f 1962/1997/192 2026/2062/192 2025/2061/191
f 1963/1998/193 2027/2063/193 2026/2062/192
f 1964/2000/194 2028/2064/194 2027/2063/193
f 1965/1999/195 2029/2065/195 2028/2064/194
f 1966/2001/196 2030/2066/196 2029/2065/195
f 1967/2003/197 2031/2067/197 2030/2066/196
f 1968/2002/198 2032/2068/198 2031/2067/197
f 1969/2004/199 2033/2069/199 2032/2068/198
f 1970/2005/200 2034/2070/200 2033/2069/199
f 1971/2006/201 2035/2071/201 2034/2070/200
f 1972/2008/202 2036/2072/202 2035/2071/201
f 1973/2007/203 2037/2073/203 2036/2072/202
f 1974/2010/204 2038/2074/204 2037/2073/203
f 1975/2009/205 2039/2075/205 2038/2074/204
f 1976/2011/206 2040/2076/206 2039/2075/205
f 1977/2012/207 2041/2077/207 2040/2076/206
f 1978/2013/208 2042/2078/208 2041/2077/207
f 1979/2014/209 2043/2079/209 2042/2078/208
f 1980/2015/210 2044/2080/210 2043/2079/209
f 1981/2016/211 2045/2081/211 2044/2080/210
f 1982/2017/212 2046/2082/212 2045/2081/211
f 1983/2019/213 2047/2083/213 2046/2082/212
f 1984/2018/214 2048/2084/214 2047/2083/213
f 1921/2020/152 1985/2148/152 2048/2084/214
f 1985/2021/438 1986/2022/437 2050/2085/437
f 1986/2022/437 1987/2023/717 2051/2087/717
f 1988/2024/718 2052/2088/718 2051/2087/717
f 1989/2025/441 2053/2090/441 2052/2088/718
f 1989/2025/441 1990/2026/442 2054/2089/442
f 1991/2027/445 2055/2091/445 2054/2089/442
f 1992/2028/444 2056/2092/444 2055/2091/445
f 1993/2029/446 2057/2094/446 2056/2092/444
f 1993/2029/446 1994/2030/447 2058/2093/447
f 1994/2030/447 1995/2031/448 2059/2095/448
f 1995/2031/448 1996/2032/449 2060/2096/449
f 1997/2033/450 2061/2098/450 2060/2096/449
f 1997/2033/450 1998/2034/451 2062/2097/451
f 1999/2035/452 2063/2099/452 2062/2097/451
f 2000/2036/453 2064/2100/453 2063/2099/452
f 2001/2037/454 2065/2102/454 2064/2100/453
f 2001/2037/454 2002/2038/455 2066/2101/455
f 2002/2038/455 2003/2039/456 2067/2103/456
f 2004/2040/457 2068/2104/457 2067/2103/456
f 2005/2041/458 2069/2105/458 2068/2104/457
f 2006/2042/459 2070/2106/459 2069/2105/458
f 2007/2043/460 2071/2107/460 2070/2106/459
f 2008/2044/461 2072/2108/461 2071/2107/460
f 2009/2045/462 2073/2110/462 2072/2108/461
f 2009/2045/462 2010/2046/463 2074/2109/463
f 2010/2046/463 2011/2047/466 2075/2111/466
f 2011/2047/466 2012/2048/465 2076/2112/465
f 2013/2049/467 2077/2114/467 2076/2112/465
f 2013/2049/467 2014/2050/468 2078/2113/468
f 2015/2051/719 2079/2115/719 2078/2113/468
f 2016/2052/470 2080/2116/470 2079/2115/719
f 2017/2053/471 2081/2118/471 2080/2116/470
f 2017/2053/471 2018/2054/472 2082/2117/472
f 2018/2054/472 2019/2055/720 2083/2119/720
f 2020/2056/721 2084/2120/721 2083/2119/720
f 2021/2057/475 2085/2122/475 2084/2120/721
f 2021/2057/475 2022/2058/476 2086/2121/476
f 2023/2059/479 2087/2123/479 2086/2121/476
f 2024/2060/478 2088/2124/478 2087/2123/479
f 2025/2061/480 2089/2126/480 2088/2124/478
f 2025/2061/480 2026/2062/481 2090/2125/481
f 2026/2062/481 2027/2063/482 2091/2127/482
f 2027/2063/482 2028/2064/483 2092/2128/483
f 2029/2065/484 2093/2130/484 2092/2128/483
f 2029/2065/484 2030/2066/485 2094/2129/485
f 2031/2067/486 2095/2131/486 2094/2129/485
f 2032/2068/487 2096/2132/487 2095/2131/486
f 2033/2069/488 2097/2134/488 2096/2132/487
f 2033/2069/488 2034/2070/489 2098/2133/489
f 2034/2070/489 2035/2071/490 2099/2135/490
f 2036/2072/491 2100/2136/491 2099/2135/490
f 2037/2073/492 2101/2137/492 2100/2136/491
f 2038/2074/493 2102/2138/493 2101/2137/492
f 2039/2075/494 2103/2139/494 2102/2138/493
f 2040/2076/495 2104/2140/495 2103/2139/494
f 2041/2077/496 2105/2142/496 2104/2140/495
f 2041/2077/496 2042/2078/497 2106/2141/497
f 2042/2078/497 2043/2079/500 2107/2143/500
f 2043/2079/500 2044/2080/499 2108/2144/499
f 2045/2081/501 2109/2146/501 2108/2144/499
f 2045/2081/501 2046/2082/502 2110/2145/502
f 2047/2083/722 2111/2147/722 2110/2145/502
f 2048/2084/504 2112/2149/504 2111/2147/722
f 1985/2148/438 2049/2213/438 2112/2149/504
f 2050/2085/151 2114/2151/151 2113/2150/152
f 2051/2087/153 2115/2152/153 2114/2151/151
f 2052/2088/154 2116/2153/154 2115/2152/153
f 2053/2090/155 2117/2154/155 2116/2153/154
f 2054/2089/156 2118/2155/156 2117/2154/155
f 2055/2091/157 2119/2156/157 2118/2155/156
f 2056/2092/158 2120/2157/158 2119/2156/157
f 2057/2094/159 2121/2158/159 2120/2157/158
f 2058/2093/160 2122/2159/160 2121/2158/159
f 2059/2095/161 2123/2160/161 2122/2159/160
f 2060/2096/162 2124/2161/162 2123/2160/161
f 2061/2098/163 2125/2162/163 2124/2161/162
f 2062/2097/164 2126/2163/164 2125/2162/163
f 2063/2099/165 2127/2164/165 2126/2163/164
f 2064/2100/166 2128/2165/166 2127/2164/165
f 2065/2102/167 2129/2166/167 2128/2165/166
f 2066/2101/168 2130/2167/168 2129/2166/167
f 2067/2103/169 2131/2168/169 2130/2167/168
f 2068/2104/170 2132/2169/170 2131/2168/169
f 2069/2105/171 2133/2170/171 2132/2169/170
f 2070/2106/172 2134/2171/172 2133/2170/171
f 2071/2107/173 2135/2172/173 2134/2171/172
f 2072/2108/174 2136/2173/174 2135/2172/173
f 2073/2110/175 2137/2174/175 2136/2173/174
f 2074/2109/176 2138/2175/176 2137/2174/175
f 2075/2111/177 2139/2176/177 2138/2175/176
f 2076/2112/178 2140/2177/178 2139/2176/177
f 2077/2114/179 2141/2178/179 2140/2177/178
f 2078/2113/180 2142/2179/180 2141/2178/179
f 2079/2115/181 2143/2180/181 2142/2179/180
f 2080/2116/182 2144/2181/182 2143/2180/181
f 2081/2118/183 2145/2182/183 2144/2181/182
f 2082/2117/184 2146/2183/184 2145/2182/183
f 2083/2119/185 2147/2184/185 2146/2183/184
f 2084/2120/186 2148/2185/186 2147/2184/185
f 2085/2122/187 2149/2186/187 2148/2185/186
f 2086/2121/188 2150/2187/188 2149/2186/187
f 2087/2123/189 2151/2188/189 2150/2187/188
f 2088/2124/190 2152/2189/190 2151/2188/189
f 2089/2126/191 2153/2190/191 2152/2189/190
f 2090/2125/192 2154/2191/192 2153/2190/191
f 2091/2127/193 2155/2192/193 2154/2191/192
f 2092/2128/194 2156/2193/194 2155/2192/193
f 2093/2130/195 2157/2194/195 2156/2193/194
f 2094/2129/196 2158/2195/196 2157/2194/195
f 2095/2131/197 2159/2196/197 2158/2195/196
f 2096/2132/198 2160/2197/198 2159/2196/197
f 2097/2134/199 2161/2198/199 2160/2197/198
f 2098/2133/200 2162/2199/200 2161/2198/199
f 2099/2135/201 2163/2200/201 2162/2199/200
f 2100/2136/202 2164/2201/202 2163/2200/201
f 2101/2137/203 2165/2202/203 2164/2201/202
f 2102/2138/204 2166/2203/204 2165/2202/203
f 2103/2139/205 2167/2204/205 2166/2203/204
f 2104/2140/206 2168/2205/206 2167/2204/205
f 2105/2142/207 2169/2206/207 2168/2205/206
f 2106/2141/208 2170/2207/208 2169/2206/207
f 2107/2143/209 2171/2208/209 2170/2207/208
f 2108/2144/210 2172/2209/210 2171/2208/209
f 2109/2146/211 2173/2210/211 2172/2209/210
f 2110/2145/212 2174/2211/212 2173/2210/211
f 2111/2147/213 2175/2212/213 2174/2211/212
f 2112/2149/214 2176/2214/214 2175/2212/213
f 2049/2213/152 2113/3249/152 2176/2214/214
f 2114/2151/78 2178/2216/78 2177/2215/77
f 2115/2152/79 2179/2217/79 2178/2216/78
f 2116/2153/739 2180/2219/739 2179/2217/79
f 2116/2153/739 2117/2154/81 2181/2218/81
f 2118/2155/82 2182/2221/82 2181/2218/81
f 2118/2155/82 2119/2156/84 2183/2220/84
f 2119/2156/84 2120/2157/85 2184/2222/85
f 2120/2157/85 2121/2158/87 2185/2223/87
f 2122/2159/88 2186/2224/88 2185/2223/87
f 2123/2160/740 2187/2225/740 2186/2224/88
f 2124/2161/90 2188/2226/90 2187/2225/740
f 2125/2162/91 2189/2227/91 2188/2226/90
f 2126/2163/92 2190/2228/92 2189/2227/91
f 2127/2164/93 2191/2230/736 2190/2228/92
f 2127/2164/93 2128/2165/94 2192/2229/94
f 2128/2165/94 2129/2166/95 2193/2231/95
f 2130/2167/96 2194/2232/96 2193/2231/95
f 2131/2168/725 2195/2233/725 2194/2232/96
f 2132/2169/98 2196/2235/98 2195/2233/725
f 2132/2169/98 2133/2170/99 2197/2234/99
f 2134/2171/100 2198/2237/100 2197/2234/99
f 2134/2171/100 2135/2172/741 2199/2236/741
f 2135/2172/741 2136/2173/102 2200/2238/102
f 2136/2173/102 2137/2174/103 2201/2239/103
f 2138/2175/104 2202/2240/104 2201/2239/103
f 2139/2176/106 2203/2241/106 2202/2240/104
f 2140/2177/107 2204/2243/107 2203/2241/106
f 2140/2177/107 2141/2178/109 2205/2242/109
f 2142/2179/110 2206/2244/110 2205/2242/109
f 2143/2180/112 2207/2246/112 2206/2244/110
f 2143/2180/112 2144/2181/113 2208/2245/113
f 2144/2181/113 2145/2182/114 2209/2247/114
f 2146/2183/115 2210/2248/115 2209/2247/114
f 2147/2184/116 2211/2249/116 2210/2248/115
f 2148/2185/742 2212/2251/742 2211/2249/116
f 2148/2185/742 2149/2186/118 2213/2250/118
f 2150/2187/119 2214/2253/119 2213/2250/118
f 2150/2187/119 2151/2188/121 2215/2252/121
f 2151/2188/121 2152/2189/122 2216/2254/122
f 2152/2189/122 2153/2190/124 2217/2255/124
f 2154/2191/125 2218/2256/125 2217/2255/124
f 2155/2192/743 2219/2257/743 2218/2256/125
f 2156/2193/127 2220/2258/127 2219/2257/743
f 2157/2194/128 2221/2259/128 2220/2258/127
f 2158/2195/129 2222/2260/129 2221/2259/128
f 2159/2196/130 2223/2262/738 2222/2260/129
f 2159/2196/130 2160/2197/131 2224/2261/131
f 2160/2197/131 2161/2198/132 2225/2263/132
f 2162/2199/133 2226/2264/133 2225/2263/132
f 2163/2200/730 2227/2265/730 2226/2264/133
f 2164/2201/135 2228/2267/135 2227/2265/730
f 2164/2201/135 2165/2202/136 2229/2266/136
f 2166/2203/137 2230/2269/137 2229/2266/136
f 2166/2203/137 2167/2204/744 2231/2268/744
f 2167/2204/744 2168/2205/139 2232/2270/139
f 2168/2205/139 2169/2206/140 2233/2271/140
f 2170/2207/141 2234/2272/141 2233/2271/140
f 2171/2208/143 2235/2273/143 2234/2272/141
f 2172/2209/144 2236/2275/144 2235/2273/143
f 2172/2209/144 2173/2210/146 2237/2274/146
f 2174/2211/147 2238/2276/147 2237/2274/146
f 2175/2212/149 2239/2278/149 2238/2276/147
f 2175/2212/149 2176/2214/150 2240/2277/150
f 2176/2214/150 2113/3249/77 2177/2279/77
f 2178/2216/151 2242/2281/151 2241/2280/152
f 2179/2217/153 2243/2282/153 2242/2281/151
f 2180/2219/154 2244/2283/154 2243/2282/153
f 2181/2218/155 2245/2284/155 2244/2283/154
f 2182/2221/156 2246/2285/156 2245/2284/155
f 2183/2220/157 2247/2286/157 2246/2285/156
f 2184/2222/158 2248/2287/158 2247/2286/157
f 2185/2223/159 2249/2288/159 2248/2287/158
f 2186/2224/160 2250/2289/160 2249/2288/159
f 2187/2225/161 2251/2290/161 2250/2289/160
f 2188/2226/162 2252/2291/162 2251/2290/161
f 2189/2227/163 2253/2292/163 2252/2291/162
f 2190/2228/164 2254/2293/164 2253/2292/163
f 2191/2230/165 2255/2294/165 2254/2293/164
f 2192/2229/166 2256/2295/166 2255/2294/165
f 2193/2231/167 2257/2296/167 2256/2295/166
f 2194/2232/168 2258/2297/168 2257/2296/167
f 2195/2233/169 2259/2298/169 2258/2297/168
f 2196/2235/170 2260/2299/170 2259/2298/169
f 2197/2234/171 2261/2300/171 2260/2299/170
f 2198/2237/172 2262/2301/172 2261/2300/171
f 2199/2236/173 2263/2302/173 2262/2301/172
f 2200/2238/174 2264/2303/174 2263/2302/173
f 2201/2239/175 2265/2304/175 2264/2303/174
f 2202/2240/176 2266/2305/176 2265/2304/175
f 2203/2241/177 2267/2306/177 2266/2305/176
f 2204/2243/178 2268/2307/178 2267/2306/177
f 2205/2242/179 2269/2308/179 2268/2307/178
f 2206/2244/180 2270/2309/180 2269/2308/179
f 2207/2246/181 2271/2310/181 2270/2309/180
f 2208/2245/182 2272/2311/182 2271/2310/181
f 2209/2247/183 2273/2312/183 2272/2311/182
f 2210/2248/184 2274/2313/184 2273/2312/183
f 2211/2249/185 2275/2314/185 2274/2313/184
f 2212/2251/186 2276/2315/186 2275/2314/185
f 2213/2250/187 2277/2316/187 2276/2315/186
f 2214/2253/188 2278/2317/188 2277/2316/187
f 2215/2252/189 2279/2318/189 2278/2317/188
f 2216/2254/190 2280/2319/190 2279/2318/189
f 2217/2255/191 2281/2320/191 2280/2319/190
f 2218/2256/192 2282/2321/192 2281/2320/191
f 2219/2257/193 2283/2322/193 2282/2321/192
f 2220/2258/194 2284/2323/194 2283/2322/193
f 2221/2259/195 2285/2324/195 2284/2323/194
f 2222/2260/196 2286/2325/196 2285/2324/195
f 2223/2262/197 2287/2326/197 2286/2325/196
f 2224/2261/198 2288/2327/198 2287/2326/197
f 2225/2263/199 2289/2328/199 2288/2327/198
f 2226/2264/200 2290/2329/200 2289/2328/199
f 2227/2265/201 2291/2330/201 2290/2329/200
f 2228/2267/202 2292/2331/202 2291/2330/201
f 2229/2266/203 2293/2332/203 2292/2331/202
f 2230/2269/204 2294/2333/204 2293/2332/203
f 2231/2268/205 2295/2334/205 2294/2333/204
f 2232/2270/206 2296/2335/206 2295/2334/205
f 2233/2271/207 2297/2336/207 2296/2335/206
f 2234/2272/208 2298/2337/208 2297/2336/207
f 2235/2273/209 2299/2338/209 2298/2337/208
f 2236/2275/210 2300/2339/210 2299/2338/209
f 2237/2274/211 2301/2340/211 2300/2339/210
f 2238/2276/212 2302/2341/212 2301/2340/211
f 2239/2278/213 2303/2342/213 2302/2341/212
f 2240/2277/214 2304/2343/214 2303/2342/213
f 2177/2279/152 2241/2407/152 2304/2343/214
f 2241/2280/438 2242/2281/437 2306/2344/437
f 2242/2281/437 2243/2282/439 2307/2346/439
f 2244/2283/440 2308/2347/440 2307/2346/439
f 2245/2284/441 2309/2349/441 2308/2347/440
f 2245/2284/441 2246/2285/442 2310/2348/442
f 2247/2286/577 2311/2350/443 2310/2348/442
f 2248/2287/444 2312/2351/444 2311/2350/443
f 2249/2288/446 2313/2353/446 2312/2351/444
f 2249/2288/446 2250/2289/447 2314/2352/447
f 2250/2289/447 2251/2290/448 2315/2354/448
f 2251/2290/448 2252/2291/449 2316/2355/449
f 2253/2292/450 2317/2357/450 2316/2355/449
f 2253/2292/450 2254/2293/451 2318/2356/451
f 2255/2294/452 2319/2358/452 2318/2356/451
f 2256/2295/453 2320/2359/453 2319/2358/452
f 2257/2296/454 2321/2361/454 2320/2359/453
f 2257/2296/454 2258/2297/455 2322/2360/455
f 2258/2297/455 2259/2298/456 2323/2362/456
f 2260/2299/457 2324/2363/457 2323/2362/456
f 2261/2300/458 2325/2364/458 2324/2363/457
f 2262/2301/459 2326/2365/459 2325/2364/458
f 2263/2302/460 2327/2366/460 2326/2365/459
f 2264/2303/461 2328/2367/461 2327/2366/460
f 2265/2304/462 2329/2369/462 2328/2367/461
f 2265/2304/462 2266/2305/463 2330/2368/463
f 2266/2305/463 2267/2306/580 2331/2370/464
f 2267/2306/580 2268/2307/465 2332/2371/465
f 2269/2308/467 2333/2373/467 2332/2371/465
f 2269/2308/467 2270/2309/468 2334/2372/468
f 2271/2310/719 2335/2374/469 2334/2372/468
f 2272/2311/470 2336/2375/470 2335/2374/469
f 2273/2312/471 2337/2377/471 2336/2375/470
f 2273/2312/471 2274/2313/472 2338/2376/472
f 2274/2313/472 2275/2314/473 2339/2378/473
f 2276/2315/474 2340/2379/474 2339/2378/473
f 2277/2316/475 2341/2381/475 2340/2379/474
f 2277/2316/475 2278/2317/476 2342/2380/476
f 2279/2318/581 2343/2382/477 2342/2380/476
f 2280/2319/478 2344/2383/478 2343/2382/477
f 2281/2320/480 2345/2385/480 2344/2383/478
f 2281/2320/480 2282/2321/481 2346/2384/481
f 2282/2321/481 2283/2322/482 2347/2386/482
f 2283/2322/482 2284/2323/483 2348/2387/483
f 2285/2324/484 2349/2389/484 2348/2387/483
f 2285/2324/484 2286/2325/485 2350/2388/485
f 2287/2326/486 2351/2390/486 2350/2388/485
f 2288/2327/487 2352/2391/487 2351/2390/486
f 2289/2328/488 2353/2393/488 2352/2391/487
f 2289/2328/488 2290/2329/489 2354/2392/489
f 2290/2329/489 2291/2330/490 2355/2394/490
f 2292/2331/491 2356/2395/491 2355/2394/490
f 2293/2332/492 2357/2396/492 2356/2395/491
f 2294/2333/493 2358/2397/493 2357/2396/492
f 2295/2334/494 2359/2398/494 2358/2397/493
f 2296/2335/495 2360/2399/495 2359/2398/494
f 2297/2336/496 2361/2401/496 2360/2399/495
f 2297/2336/496 2298/2337/497 2362/2400/497
f 2298/2337/497 2299/2338/584 2363/2402/498
f 2299/2338/584 2300/2339/499 2364/2403/499
f 2301/2340/501 2365/2405/501 2364/2403/499
f 2301/2340/501 2302/2341/502 2366/2404/502
f 2303/2342/722 2367/2406/503 2366/2404/502
f 2304/2343/504 2368/2408/504 2367/2406/503
f 2241/2407/438 2305/2472/438 2368/2408/504
f 2306/2344/151 2370/2410/151 2369/2409/152
f 2307/2346/153 2371/2411/153 2370/2410/151
f 2308/2347/154 2372/2412/154 2371/2411/153
f 2309/2349/155 2373/2413/155 2372/2412/154
f 2310/2348/156 2374/2414/156 2373/2413/155
f 2311/2350/157 2375/2415/157 2374/2414/156
f 2312/2351/158 2376/2416/158 2375/2415/157
f 2313/2353/159 2377/2417/159 2376/2416/158
f 2314/2352/160 2378/2418/160 2377/2417/159
f 2315/2354/161 2379/2419/161 2378/2418/160
f 2316/2355/162 2380/2420/162 2379/2419/161
f 2317/2357/163 2381/2421/163 2380/2420/162
f 2318/2356/164 2382/2422/164 2381/2421/163
f 2319/2358/165 2383/2423/165 2382/2422/164
f 2320/2359/166 2384/2424/166 2383/2423/165
f 2321/2361/167 2385/2425/167 2384/2424/166
f 2322/2360/168 2386/2426/168 2385/2425/167
f 2323/2362/169 2387/2427/169 2386/2426/168
f 2324/2363/170 2388/2428/170 2387/2427/169
f 2325/2364/171 2389/2429/171 2388/2428/170
f 2326/2365/172 2390/2430/172 2389/2429/171
f 2327/2366/173 2391/2431/173 2390/2430/172
f 2328/2367/174 2392/2432/174 2391/2431/173
f 2329/2369/175 2393/2433/175 2392/2432/174
f 2330/2368/176 2394/2434/176 2393/2433/175
f 2331/2370/177 2395/2435/177 2394/2434/176
f 2332/2371/178 2396/2436/178 2395/2435/177
f 2333/2373/179 2397/2437/179 2396/2436/178
f 2334/2372/180 2398/2438/180 2397/2437/179
f 2335/2374/181 2399/2439/181 2398/2438/180
f 2336/2375/182 2400/2440/182 2399/2439/181
f 2337/2377/183 2401/2441/183 2400/2440/182
f 2338/2376/184 2402/2442/184 2401/2441/183
f 2339/2378/185 2403/2443/185 2402/2442/184
f 2340/2379/186 2404/2444/186 2403/2443/185
f 2341/2381/187 2405/2445/187 2404/2444/186
f 2342/2380/188 2406/2446/188 2405/2445/187
f 2343/2382/189 2407/2447/189 2406/2446/188
f 2344/2383/190 2408/2448/190 2407/2447/189
f 2345/2385/191 2409/2449/191 2408/2448/190
f 2346/2384/192 2410/2450/192 2409/2449/191
f 2347/2386/193 2411/2451/193 2410/2450/192
f 2348/2387/194 2412/2452/194 2411/2451/193
f 2349/2389/195 2413/2453/195 2412/2452/194
f 2350/2388/196 2414/2454/196 2413/2453/195
f 2351/2390/197 2415/2455/197 2414/2454/196
f 2352/2391/198 2416/2456/198 2415/2455/197
f 2353/2393/199 2417/2457/199 2416/2456/198
f 2354/2392/200 2418/2458/200 2417/2457/199
f 2355/2394/201 2419/2459/201 2418/2458/200
f 2356/2395/202 2420/2460/202 2419/2459/201
f 2357/2396/203 2421/2461/203 2420/2460/202
f 2358/2397/204 2422/2462/204 2421/2461/203
f 2359/2398/205 2423/2463/205 2422/2462/204
f 2360/2399/206 2424/2464/206 2423/2463/205
f 2361/2401/207 2425/2465/207 2424/2464/206
f 2362/2400/208 2426/2466/208 2425/2465/207
f 2363/2402/209 2427/2467/209 2426/2466/208
f 2364/2403/210 2428/2468/210 2427/2467/209
f 2365/2405/211 2429/2469/211 2428/2468/210
f 2366/2404/212 2430/2470/212 2429/2469/211
f 2367/2406/213 2431/2471/213 2430/2470/212
f 2368/2408/214 2432/2473/214 2431/2471/213
f 2305/2472/152 2369/3250/152 2432/2473/214
f 2370/2410/78 2434/2475/78 2433/2474/77
f 2371/2411/79 2435/2476/79 2434/2475/78
f 2372/2412/80 2436/2478/80 2435/2476/79
f 2372/2412/80 2373/2413/81 2437/2477/81
f 2374/2414/82 2438/2480/82 2437/2477/81
f 2374/2414/82 2375/2415/724 2439/2479/724
f 2375/2415/724 2376/2416/85 2440/2481/85
f 2376/2416/85 2377/2417/87 2441/2482/87
f 2378/2418/88 2442/2483/88 2441/2482/87
f 2379/2419/740 2443/2484/740 2442/2483/88
f 2380/2420/90 2444/2485/90 2443/2484/740
f 2381/2421/91 2445/2486/91 2444/2485/90
f 2382/2422/745 2446/2487/745 2445/2486/91
f 2383/2423/93 2447/2489/93 2446/2487/745
f 2383/2423/93 2384/2424/94 2448/2488/94
f 2384/2424/94 2385/2425/95 2449/2490/95
f 2386/2426/96 2450/2491/96 2449/2490/95
f 2387/2427/725 2451/2492/725 2450/2491/96
f 2388/2428/726 2452/2494/726 2451/2492/725
f 2388/2428/726 2389/2429/99 2453/2493/99
f 2390/2430/100 2454/2496/100 2453/2493/99
f 2390/2430/100 2391/2431/741 2455/2495/741
f 2391/2431/741 2392/2432/102 2456/2497/102
f 2392/2432/102 2393/2433/103 2457/2498/103
f 2394/2434/104 2458/2499/104 2457/2498/103
f 2395/2435/727 2459/2500/727 2458/2499/104
f 2396/2436/107 2460/2502/107 2459/2500/727
f 2396/2436/107 2397/2437/109 2461/2501/109
f 2398/2438/733 2462/2503/733 2461/2501/109
f 2399/2439/112 2463/2505/112 2462/2503/733
f 2399/2439/112 2400/2440/113 2464/2504/113
f 2400/2440/113 2401/2441/114 2465/2506/114
f 2402/2442/115 2466/2507/115 2465/2506/114
f 2403/2443/116 2467/2508/116 2466/2507/115
f 2404/2444/117 2468/2510/117 2467/2508/116
f 2404/2444/117 2405/2445/118 2469/2509/118
f 2406/2446/119 2470/2512/119 2469/2509/118
f 2406/2446/119 2407/2447/729 2471/2511/729
f 2407/2447/729 2408/2448/122 2472/2513/122
f 2408/2448/122 2409/2449/124 2473/2514/124
f 2410/2450/125 2474/2515/125 2473/2514/124
f 2411/2451/743 2475/2516/743 2474/2515/125
f 2412/2452/127 2476/2517/127 2475/2516/743
f 2413/2453/128 2477/2518/128 2476/2517/127
f 2414/2454/746 2478/2519/746 2477/2518/128
f 2415/2455/130 2479/2521/130 2478/2519/746
f 2415/2455/130 2416/2456/131 2480/2520/131
f 2416/2456/131 2417/2457/132 2481/2522/132
f 2418/2458/133 2482/2523/133 2481/2522/132
f 2419/2459/730 2483/2524/730 2482/2523/133
f 2420/2460/731 2484/2526/731 2483/2524/730
f 2420/2460/731 2421/2461/136 2485/2525/136
f 2422/2462/137 2486/2528/137 2485/2525/136
f 2422/2462/137 2423/2463/744 2487/2527/744
f 2423/2463/744 2424/2464/139 2488/2529/139
f 2424/2464/139 2425/2465/140 2489/2530/140
f 2426/2466/141 2490/2531/141 2489/2530/140
f 2427/2467/732 2491/2532/732 2490/2531/141
f 2428/2468/144 2492/2534/144 2491/2532/732
f 2428/2468/144 2429/2469/146 2493/2533/146
f 2430/2470/734 2494/2535/734 2493/2533/146
f 2431/2471/149 2495/2537/149 2494/2535/734
f 2431/2471/149 2432/2473/150 2496/2536/150
f 2432/2473/150 2369/3250/77 2433/2538/77
f 2434/2475/151 2498/2540/151 2497/2539/152
f 2435/2476/153 2499/2541/153 2498/2540/151
f 2436/2478/154 2500/2542/154 2499/2541/153
f 2437/2477/155 2501/2543/155 2500/2542/154
f 2438/2480/156 2502/2544/156 2501/2543/155
f 2439/2479/157 2503/2545/157 2502/2544/156
f 2440/2481/158 2504/2546/158 2503/2545/157
f 2441/2482/159 2505/2547/159 2504/2546/158
f 2442/2483/160 2506/2548/160 2505/2547/159
f 2443/2484/161 2507/2549/161 2506/2548/160
f 2444/2485/162 2508/2550/162 2507/2549/161
f 2445/2486/163 2509/2551/163 2508/2550/162
f 2446/2487/164 2510/2552/164 2509/2551/163
f 2447/2489/165 2511/2553/165 2510/2552/164
f 2448/2488/166 2512/2554/166 2511/2553/165
f 2449/2490/167 2513/2555/167 2512/2554/166
f 2450/2491/168 2514/2556/168 2513/2555/167
f 2451/2492/169 2515/2557/169 2514/2556/168
f 2452/2494/170 2516/2558/170 2515/2557/169
f 2453/2493/171 2517/2559/171 2516/2558/170
f 2454/2496/172 2518/2560/172 2517/2559/171
f 2455/2495/173 2519/2561/173 2518/2560/172
f 2456/2497/174 2520/2562/174 2519/2561/173
f 2457/2498/175 2521/2563/175 2520/2562/174
f 2458/2499/176 2522/2564/176 2521/2563/175
f 2459/2500/177 2523/2565/177 2522/2564/176
f 2460/2502/178 2524/2566/178 2523/2565/177
f 2461/2501/179 2525/2567/179 2524/2566/178
f 2462/2503/180 2526/2568/180 2525/2567/179
f 2463/2505/181 2527/2569/181 2526/2568/180
f 2464/2504/182 2528/2570/182 2527/2569/181
f 2465/2506/183 2529/2571/183 2528/2570/182
f 2466/2507/184 2530/2572/184 2529/2571/183
f 2467/2508/185 2531/2573/185 2530/2572/184
f 2468/2510/186 2532/2574/186 2531/2573/185
f 2469/2509/187 2533/2575/187 2532/2574/186
f 2470/2512/188 2534/2576/188 2533/2575/187
f 2471/2511/189 2535/2577/189 2534/2576/188
f 2472/2513/190 2536/2578/190 2535/2577/189
f 2473/2514/191 2537/2579/191 2536/2578/190
f 2474/2515/192 2538/2580/192 2537/2579/191
f 2475/2516/193 2539/2581/193 2538/2580/192
f 2476/2517/194 2540/2582/194 2539/2581/193
f 2477/2518/195 2541/2583/195 2540/2582/194
f 2478/2519/196 2542/2584/196 2541/2583/195
f 2479/2521/197 2543/2585/197 2542/2584/196
f 2480/2520/198 2544/2586/198 2543/2585/197
f 2481/2522/199 2545/2587/199 2544/2586/198
f 2482/2523/200 2546/2588/200 2545/2587/199
f 2483/2524/201 2547/2589/201 2546/2588/200
f 2484/2526/202 2548/2590/202 2547/2589/201
f 2485/2525/203 2549/2591/203 2548/2590/202
f 2486/2528/204 2550/2592/204 2549/2591/203
f 2487/2527/205 2551/2593/205 2550/2592/204
f 2488/2529/206 2552/2594/206 2551/2593/205
f 2489/2530/207 2553/2595/207 2552/2594/206
f 2490/2531/208 2554/2596/208 2553/2595/207
f 2491/2532/209 2555/2597/209 2554/2596/208
f 2492/2534/210 2556/2598/210 2555/2597/209
f 2493/2533/211 2557/2599/211 2556/2598/210
f 2494/2535/212 2558/2600/212 2557/2599/211
f 2495/2537/213 2559/2601/213 2558/2600/212
f 2496/2536/214 2560/2602/214 2559/2601/213
f 2433/2538/152 2497/2666/152 2560/2602/214
f 2497/2539/438 2498/2540/437 2562/2603/437
f 2498/2540/437 2499/2541/747 2563/2605/439
f 2499/2541/747 2500/2542/440 2564/2606/440
f 2501/2543/441 2565/2607/441 2564/2606/440
f 2502/2544/442 2566/2608/442 2565/2607/441
f 2503/2545/748 2567/2609/748 2566/2608/442
f 2504/2546/444 2568/2610/444 2567/2609/748
f 2505/2547/446 2569/2612/446 2568/2610/444
f 2505/2547/446 2506/2548/447 2570/2611/447
f 2506/2548/447 2507/2549/749 2571/2613/749
f 2507/2549/749 2508/2550/750 2572/2614/750
f 2509/2551/450 2573/2616/450 2572/2614/750
f 2509/2551/450 2510/2552/451 2574/2615/451
f 2511/2553/578 2575/2617/578 2574/2615/451
f 2512/2554/453 2576/2618/453 2575/2617/578
f 2513/2555/454 2577/2620/454 2576/2618/453
f 2513/2555/454 2514/2556/455 2578/2619/455
f 2514/2556/455 2515/2557/579 2579/2621/579
f 2516/2558/457 2580/2622/457 2579/2621/579
f 2517/2559/458 2581/2624/458 2580/2622/457
f 2517/2559/458 2518/2560/751 2582/2623/751
f 2519/2561/752 2583/2625/752 2582/2623/751
f 2520/2562/461 2584/2626/461 2583/2625/752
f 2521/2563/462 2585/2628/462 2584/2626/461
f 2521/2563/462 2522/2564/463 2586/2627/463
f 2522/2564/463 2523/2565/753 2587/2629/753
f 2523/2565/753 2524/2566/754 2588/2630/465
f 2525/2567/467 2589/2631/467 2588/2630/465
f 2526/2568/468 2590/2632/468 2589/2631/467
f 2527/2569/755 2591/2633/469 2590/2632/468
f 2528/2570/470 2592/2634/470 2591/2633/469
f 2529/2571/471 2593/2636/471 2592/2634/470
f 2529/2571/471 2530/2572/472 2594/2635/472
f 2530/2572/472 2531/2573/756 2595/2637/473
f 2531/2573/756 2532/2574/474 2596/2638/474
f 2533/2575/475 2597/2639/475 2596/2638/474
f 2534/2576/476 2598/2640/476 2597/2639/475
f 2535/2577/757 2599/2641/757 2598/2640/476
f 2536/2578/478 2600/2642/478 2599/2641/757
f 2537/2579/480 2601/2644/480 2600/2642/478
f 2537/2579/480 2538/2580/481 2602/2643/481
f 2538/2580/481 2539/2581/758 2603/2645/758
f 2539/2581/758 2540/2582/759 2604/2646/759
f 2541/2583/484 2605/2648/484 2604/2646/759
f 2541/2583/484 2542/2584/485 2606/2647/485
f 2543/2585/582 2607/2649/582 2606/2647/485
f 2544/2586/487 2608/2650/487 2607/2649/582
f 2545/2587/488 2609/2652/488 2608/2650/487
f 2545/2587/488 2546/2588/489 2610/2651/489
f 2546/2588/489 2547/2589/583 2611/2653/583
f 2548/2590/491 2612/2654/491 2611/2653/583
f 2549/2591/492 2613/2656/492 2612/2654/491
f 2549/2591/492 2550/2592/760 2614/2655/760
f 2551/2593/761 2615/2657/761 2614/2655/760
f 2552/2594/495 2616/2658/495 2615/2657/761
f 2553/2595/496 2617/2660/496 2616/2658/495
f 2553/2595/496 2554/2596/497 2618/2659/497
f 2554/2596/497 2555/2597/762 2619/2661/762
f 2555/2597/762 2556/2598/763 2620/2662/499
f 2557/2599/501 2621/2663/501 2620/2662/499
f 2558/2600/502 2622/2664/502 2621/2663/501
f 2559/2601/764 2623/2665/503 2622/2664/502
f 2560/2602/504 2624/2667/504 2623/2665/503
f 2497/2666/438 2561/2731/438 2624/2667/504
f 2562/2603/151 2626/2669/151 2625/2668/152
f 2563/2605/153 2627/2670/153 2626/2669/151
f 2564/2606/154 2628/2671/154 2627/2670/153
f 2565/2607/155 2629/2672/155 2628/2671/154
f 2566/2608/156 2630/2673/156 2629/2672/155
f 2567/2609/157 2631/2674/157 2630/2673/156
f 2568/2610/158 2632/2675/158 2631/2674/157
f 2569/2612/159 2633/2676/159 2632/2675/158
f 2570/2611/160 2634/2677/160 2633/2676/159
f 2571/2613/161 2635/2678/161 2634/2677/160
f 2572/2614/162 2636/2679/162 2635/2678/161
f 2573/2616/163 2637/2680/163 2636/2679/162
f 2574/2615/164 2638/2681/164 2637/2680/163
f 2575/2617/165 2639/2682/165 2638/2681/164
f 2576/2618/166 2640/2683/166 2639/2682/165
f 2577/2620/167 2641/2684/167 2640/2683/166
f 2578/2619/168 2642/2685/168 2641/2684/167
f 2579/2621/169 2643/2686/169 2642/2685/168
f 2580/2622/170 2644/2687/170 2643/2686/169
f 2581/2624/171 2645/2688/171 2644/2687/170
f 2582/2623/172 2646/2689/172 2645/2688/171
f 2583/2625/173 2647/2690/173 2646/2689/172
f 2584/2626/174 2648/2691/174 2647/2690/173
f 2585/2628/175 2649/2692/175 2648/2691/174
f 2586/2627/176 2650/2693/176 2649/2692/175
f 2587/2629/177 2651/2694/177 2650/2693/176
f 2588/2630/178 2652/2695/178 2651/2694/177
f 2589/2631/179 2653/2696/179 2652/2695/178
f 2590/2632/180 2654/2697/180 2653/2696/179
f 2591/2633/181 2655/2698/181 2654/2697/180
f 2592/2634/182 2656/2699/182 2655/2698/181
f 2593/2636/183 2657/2700/183 2656/2699/182
f 2594/2635/184 2658/2701/184 2657/2700/183
f 2595/2637/185 2659/2702/185 2658/2701/184
f 2596/2638/186 2660/2703/186 2659/2702/185
f 2597/2639/187 2661/2704/187 2660/2703/186
f 2598/2640/188 2662/2705/188 2661/2704/187
f 2599/2641/189 2663/2706/189 2662/2705/188
f 2600/2642/190 2664/2707/190 2663/2706/189
f 2601/2644/191 2665/2708/191 2664/2707/190
f 2602/2643/192 2666/2709/192 2665/2708/191
f 2603/2645/193 2667/2710/193 2666/2709/192
f 2604/2646/194 2668/2711/194 2667/2710/193
f 2605/2648/195 2669/2712/195 2668/2711/194
f 2606/2647/196 2670/2713/196 2669/2712/195
f 2607/2649/197 2671/2714/197 2670/2713/196
f 2608/2650/198 2672/2715/198 2671/2714/197
f 2609/2652/199 2673/2716/199 2672/2715/198
f 2610/2651/200 2674/2717/200 2673/2716/199
f 2611/2653/201 2675/2718/201 2674/2717/200
f 2612/2654/202 2676/2719/202 2675/2718/201
f 2613/2656/203 2677/2720/203 2676/2719/202
f 2614/2655/204 2678/2721/204 2677/2720/203
f 2615/2657/205 2679/2722/205 2678/2721/204
f 2616/2658/206 2680/2723/206 2679/2722/205
f 2617/2660/207 2681/2724/207 2680/2723/206
f 2618/2659/208 2682/2725/208 2681/2724/207
f 2619/2661/209 2683/2726/209 2682/2725/208
f 2620/2662/210 2684/2727/210 2683/2726/209
f 2621/2663/211 2685/2728/211 2684/2727/210
f 2622/2664/212 2686/2729/212 2685/2728/211
f 2623/2665/213 2687/2730/213 2686/2729/212
f 2624/2667/214 2688/2732/214 2687/2730/213
f 2561/2731/152 2625/3251/152 2688/2732/214
f 2626/2669/78 2690/2734/78 2689/2733/77
f 2627/2670/505 2691/2735/79 2690/2734/78
f 2628/2671/80 2692/2737/80 2691/2735/79
f 2628/2671/80 2629/2672/81 2693/2736/81
f 2630/2673/82 2694/2739/82 2693/2736/81
f 2630/2673/82 2631/2674/86 2695/2738/86
f 2631/2674/86 2632/2675/85 2696/2740/85
f 2632/2675/85 2633/2676/87 2697/2741/87
f 2634/2677/88 2698/2742/88 2697/2741/87
f 2635/2678/89 2699/2743/89 2698/2742/88
f 2636/2679/90 2700/2744/765 2699/2743/89
f 2637/2680/91 2701/2745/91 2700/2744/765
f 2638/2681/92 2702/2746/92 2701/2745/91
f 2639/2682/736 2703/2748/736 2702/2746/92
f 2639/2682/736 2640/2683/94 2704/2747/94
f 2640/2683/94 2641/2684/95 2705/2749/95
f 2642/2685/96 2706/2750/96 2705/2749/95
f 2643/2686/97 2707/2751/97 2706/2750/96
f 2644/2687/98 2708/2753/98 2707/2751/97
f 2644/2687/98 2645/2688/99 2709/2752/99
f 2646/2689/100 2710/2755/100 2709/2752/99
f 2646/2689/100 2647/2690/101 2711/2754/101
f 2647/2690/101 2648/2691/102 2712/2756/102
f 2648/2691/102 2649/2692/103 2713/2757/103
f 2650/2693/104 2714/2758/104 2713/2757/103
f 2651/2694/108 2715/2759/108 2714/2758/104
f 2652/2695/107 2716/2761/107 2715/2759/108
f 2652/2695/107 2653/2696/109 2717/2760/109
f 2654/2697/110 2718/2762/110 2717/2760/109
f 2655/2698/112 2719/2764/112 2718/2762/110
f 2655/2698/112 2656/2699/113 2720/2763/113
f 2656/2699/113 2657/2700/114 2721/2765/114
f 2658/2701/115 2722/2766/115 2721/2765/114
f 2659/2702/507 2723/2767/116 2722/2766/115
f 2660/2703/117 2724/2769/117 2723/2767/116
f 2660/2703/117 2661/2704/118 2725/2768/118
f 2662/2705/119 2726/2771/119 2725/2768/118
f 2662/2705/119 2663/2706/123 2727/2770/123
f 2663/2706/123 2664/2707/122 2728/2772/122
f 2664/2707/122 2665/2708/124 2729/2773/124
f 2666/2709/125 2730/2774/125 2729/2773/124
f 2667/2710/126 2731/2775/126 2730/2774/125
f 2668/2711/127 2732/2776/766 2731/2775/126
f 2669/2712/128 2733/2777/128 2732/2776/766
f 2670/2713/129 2734/2778/129 2733/2777/128
f 2671/2714/738 2735/2780/738 2734/2778/129
f 2671/2714/738 2672/2715/131 2736/2779/131
f 2672/2715/131 2673/2716/132 2737/2781/132
f 2674/2717/133 2738/2782/133 2737/2781/132
f 2675/2718/134 2739/2783/134 2738/2782/133
f 2676/2719/135 2740/2785/135 2739/2783/134
f 2676/2719/135 2677/2720/136 2741/2784/136
f 2678/2721/137 2742/2787/137 2741/2784/136
f 2678/2721/137 2679/2722/138 2743/2786/138
f 2679/2722/138 2680/2723/139 2744/2788/139
f 2680/2723/139 2681/2724/140 2745/2789/140
f 2682/2725/141 2746/2790/141 2745/2789/140
f 2683/2726/145 2747/2791/145 2746/2790/141
f 2684/2727/144 2748/2793/144 2747/2791/145
f 2684/2727/144 2685/2728/146 2749/2792/146
f 2686/2729/147 2750/2794/147 2749/2792/146
f 2687/2730/149 2751/2796/149 2750/2794/147
f 2687/2730/149 2688/2732/150 2752/2795/150
f 2688/2732/150 2625/3251/77 2689/2797/77
f 2690/2734/151 2754/2799/151 2753/2798/152
f 2691/2735/153 2755/2800/153 2754/2799/151
f 2692/2737/154 2756/2801/154 2755/2800/153
f 2693/2736/155 2757/2802/155 2756/2801/154
f 2694/2739/156 2758/2803/156 2757/2802/155
f 2695/2738/157 2759/2804/157 2758/2803/156
f 2696/2740/158 2760/2805/158 2759/2804/157
f 2697/2741/159 2761/2806/159 2760/2805/158
f 2698/2742/160 2762/2807/160 2761/2806/159
f 2699/2743/161 2763/2808/161 2762/2807/160
f 2700/2744/162 2764/2809/162 2763/2808/161
f 2701/2745/163 2765/2810/163 2764/2809/162
f 2702/2746/164 2766/2811/164 2765/2810/163
f 2703/2748/165 2767/2812/165 2766/2811/164
f 2704/2747/166 2768/2813/166 2767/2812/165
f 2705/2749/167 2769/2814/167 2768/2813/166
f 2706/2750/168 2770/2815/168 2769/2814/167
f 2707/2751/169 2771/2816/169 2770/2815/168
f 2708/2753/170 2772/2817/170 2771/2816/169
f 2709/2752/171 2773/2818/171 2772/2817/170
f 2710/2755/172 2774/2819/172 2773/2818/171
f 2711/2754/173 2775/2820/173 2774/2819/172
f 2712/2756/174 2776/2821/174 2775/2820/173
f 2713/2757/175 2777/2822/175 2776/2821/174
f 2714/2758/176 2778/2823/176 2777/2822/175
f 2715/2759/177 2779/2824/177 2778/2823/176
f 2716/2761/178 2780/2825/178 2779/2824/177
f 2717/2760/179 2781/2826/179 2780/2825/178
f 2718/2762/180 2782/2827/180 2781/2826/179
f 2719/2764/181 2783/2828/181 2782/2827/180
f 2720/2763/182 2784/2829/182 2783/2828/181
f 2721/2765/183 2785/2830/183 2784/2829/182
f 2722/2766/184 2786/2831/184 2785/2830/183
f 2723/2767/185 2787/2832/185 2786/2831/184
f 2724/2769/186 2788/2833/186 2787/2832/185
f 2725/2768/187 2789/2834/187 2788/2833/186
f 2726/2771/188 2790/2835/188 2789/2834/187
f 2727/2770/189 2791/2836/189 2790/2835/188
f 2728/2772/190 2792/2837/190 2791/2836/189
f 2729/2773/191 2793/2838/191 2792/2837/190
f 2730/2774/192 2794/2839/192 2793/2838/191
f 2731/2775/193 2795/2840/193 2794/2839/192
f 2732/2776/194 2796/2841/194 2795/2840/193
f 2733/2777/195 2797/2842/195 2796/2841/194
f 2734/2778/196 2798/2843/196 2797/2842/195
f 2735/2780/197 2799/2844/197 2798/2843/196
f 2736/2779/198 2800/2845/198 2799/2844/197
f 2737/2781/199 2801/2846/199 2800/2845/198
f 2738/2782/200 2802/2847/200 2801/2846/199
f 2739/2783/201 2803/2848/201 2802/2847/200
f 2740/2785/202 2804/2849/202 2803/2848/201
f 2741/2784/203 2805/2850/203 2804/2849/202
f 2742/2787/204 2806/2851/204 2805/2850/203
f 2743/2786/205 2807/2852/205 2806/2851/204
f 2744/2788/206 2808/2853/206 2807/2852/205
f 2745/2789/207 2809/2854/207 2808/2853/206
f 2746/2790/208 2810/2855/208 2809/2854/207
f 2747/2791/209 2811/2856/209 2810/2855/208
f 2748/2793/210 2812/2857/210 2811/2856/209
f 2749/2792/211 2813/2858/211 2812/2857/210
f 2750/2794/212 2814/2859/212 2813/2858/211
f 2751/2796/213 2815/2860/213 2814/2859/212
f 2752/2795/214 2816/2861/214 2815/2860/213
f 2689/2797/152 2753/3252/152 2816/2861/214
f 2754/2799/767 2818/2864/767 2817/2862/768
f 2754/2799/767 2755/2800/769 2819/2863/769
f 2755/2800/769 2756/2801/770 2820/2865/770
f 2756/2801/770 2757/2802/771 2821/2866/771
f 2757/2802/771 2758/2803/772 2822/2867/772
f 2759/2804/773 2823/2868/773 2822/2867/772
f 2760/2805/774 2824/2869/774 2823/2868/773
f 2761/2806/775 2825/2871/775 2824/2869/774
f 2761/2806/775 2762/2807/776 2826/2870/776
f 2762/2807/776 2763/2808/777 2827/2872/777
f 2763/2808/777 2764/2809/778 2828/2873/778
f 2765/2810/779 2829/2874/779 2828/2873/778
f 2766/2811/780 2830/2875/780 2829/2874/779
f 2767/2812/781 2831/2876/781 2830/2875/780
f 2768/2813/782 2832/2878/782 2831/2876/781
f 2768/2813/782 2769/2814/783 2833/2877/783
f 2770/2815/784 2834/2880/784 2833/2877/783
f 2770/2815/784 2771/2816/785 2835/2879/785
f 2771/2816/785 2772/2817/786 2836/2881/786
f 2772/2817/786 2773/2818/787 2837/2882/787
f 2773/2818/787 2774/2819/788 2838/2883/788
f 2775/2820/789 2839/2884/789 2838/2883/788
f 2776/2821/790 2840/2885/790 2839/2884/789
f 2777/2822/791 2841/2887/791 2840/2885/790
f 2777/2822/791 2778/2823/792 2842/2886/792
f 2778/2823/792 2779/2824/793 2843/2888/793
f 2779/2824/793 2780/2825/794 2844/2889/794
f 2781/2826/795 2845/2890/795 2844/2889/794
f 2782/2827/796 2846/2891/796 2845/2890/795
f 2783/2828/797 2847/2892/797 2846/2891/796
f 2784/2829/798 2848/2894/798 2847/2892/797
f 2784/2829/798 2785/2830/799 2849/2893/799
f 2786/2831/800 2850/2896/800 2849/2893/799
f 2786/2831/800 2787/2832/801 2851/2895/801
f 2787/2832/801 2788/2833/802 2852/2897/802
f 2788/2833/802 2789/2834/803 2853/2898/803
f 2789/2834/803 2790/2835/804 2854/2899/804
f 2791/2836/805 2855/2900/805 2854/2899/804
f 2792/2837/806 2856/2901/806 2855/2900/805
f 2793/2838/807 2857/2903/807 2856/2901/806
f 2793/2838/807 2794/2839/808 2858/2902/808
f 2794/2839/808 2795/2840/809 2859/2904/809
f 2795/2840/809 2796/2841/810 2860/2905/810
f 2797/2842/811 2861/2906/811 2860/2905/810
f 2798/2843/812 2862/2907/812 2861/2906/811
f 2799/2844/813 2863/2908/813 2862/2907/812
f 2800/2845/814 2864/2910/814 2863/2908/813
f 2800/2845/814 2801/2846/815 2865/2909/815
f 2802/2847/816 2866/2912/816 2865/2909/815
f 2802/2847/816 2803/2848/817 2867/2911/817
f 2803/2848/817 2804/2849/818 2868/2913/818
f 2804/2849/818 2805/2850/819 2869/2914/819
f 2805/2850/819 2806/2851/820 2870/2915/820
f 2807/2852/821 2871/2916/821 2870/2915/820
f 2808/2853/822 2872/2917/822 2871/2916/821
f 2809/2854/823 2873/2919/823 2872/2917/822
f 2809/2854/823 2810/2855/824 2874/2918/824
f 2810/2855/824 2811/2856/825 2875/2920/825
f 2811/2856/825 2812/2857/826 2876/2921/826
f 2813/2858/827 2877/2922/827 2876/2921/826
f 2814/2859/828 2878/2923/828 2877/2922/827
f 2815/2860/829 2879/2924/829 2878/2923/828
f 2816/2861/830 2880/2926/830 2879/2924/829
f 2816/2861/830 2753/3252/768 2817/2925/768
f 2818/2864/831 2882/2929/831 2881/2927/832
f 2818/2864/831 2819/2863/833 2883/2928/833
f 2820/2865/834 2884/2930/834 2883/2928/833
f 2821/2866/835 2885/2932/835 2884/2930/834
f 2821/2866/835 2822/2867/837 2886/2931/836
f 2822/2867/837 2823/2868/838 2887/2933/838
f 2823/2868/838 2824/2869/839 2888/2934/839
f 2824/2869/839 2825/2871/840 2889/2935/840
f 2826/2870/841 2890/2936/841 2889/2935/840
f 2827/2872/842 2891/2937/842 2890/2936/841
f 2828/2873/843 2892/2938/843 2891/2937/842
f 2829/2874/844 2893/2940/844 2892/2938/843
f 2829/2874/844 2830/2875/845 2894/2939/845
f 2830/2875/845 2831/2876/846 2895/2941/846
f 2832/2878/847 2896/2943/847 2895/2941/846
f 2832/2878/847 2833/2877/848 2897/2942/848
f 2834/2880/849 2898/2945/849 2897/2942/848
f 2834/2880/849 2835/2879/850 2899/2944/850
f 2836/2881/851 2900/2946/851 2899/2944/850
f 2837/2882/852 2901/2948/852 2900/2946/851
f 2837/2882/852 2838/2883/853 2902/2947/853
f 2839/2884/854 2903/2950/854 2902/2947/853
f 2839/2884/854 2840/2885/855 2904/2949/855
f 2840/2885/855 2841/2887/856 2905/2951/856
f 2842/2886/857 2906/2952/857 2905/2951/856
f 2843/2888/858 2907/2953/858 2906/2952/857
f 2844/2889/859 2908/2954/861 2907/2953/858
f 2845/2890/860 2909/2956/860 2908/2954/861
f 2845/2890/860 2846/2891/862 2910/2955/862
f 2846/2891/862 2847/2892/863 2911/2957/863
f 2848/2894/864 2912/2959/864 2911/2957/863
f 2848/2894/864 2849/2893/865 2913/2958/865
f 2850/2896/866 2914/2961/866 2913/2958/865
f 2850/2896/866 2851/2895/867 2915/2960/867
f 2852/2897/868 2916/2962/868 2915/2960/867
f 2853/2898/869 2917/2964/869 2916/2962/868
f 2853/2898/869 2854/2899/871 2918/2963/870
f 2854/2899/871 2855/2900/872 2919/2965/872
f 2855/2900/872 2856/2901/873 2920/2966/873
f 2856/2901/873 2857/2903/874 2921/2967/874
f 2858/2902/875 2922/2968/875 2921/2967/874
f 2859/2904/876 2923/2969/876 2922/2968/875
f 2860/2905/877 2924/2970/877 2923/2969/876
f 2861/2906/878 2925/2972/878 2924/2970/877
f 2861/2906/878 2862/2907/879 2926/2971/879
f 2862/2907/879 2863/2908/880 2927/2973/880
f 2864/2910/881 2928/2975/881 2927/2973/880
f 2864/2910/881 2865/2909/882 2929/2974/882
f 2866/2912/883 2930/2977/883 2929/2974/882
f 2866/2912/883 2867/2911/884 2931/2976/884
f 2868/2913/885 2932/2978/885 2931/2976/884
f 2869/2914/886 2933/2980/886 2932/2978/885
f 2869/2914/886 2870/2915/887 2934/2979/887
f 2871/2916/888 2935/2982/888 2934/2979/887
f 2871/2916/888 2872/2917/889 2936/2981/889
f 2872/2917/889 2873/2919/890 2937/2983/890
f 2874/2918/891 2938/2984/891 2937/2983/890
f 2875/2920/892 2939/2985/892 2938/2984/891
f 2876/2921/893 2940/2986/895 2939/2985/892
f 2877/2922/894 2941/2988/894 2940/2986/895
f 2877/2922/894 2878/2923/896 2942/2987/896
f 2878/2923/896 2879/2924/897 2943/2989/897
f 2880/2926/898 2944/2991/898 2943/2989/897
f 2880/2926/898 2817/2925/832 2881/2990/832
s 0
f 961/2994/283 1024/3253/283 1023/3254/283
f 1023/3254/901 1022/3255/901 1021/3256/901
f 1021/3256/902 1020/3257/902 1019/3258/902
f 1019/3258/902 1018/3259/902 1017/3260/902
f 1017/3260/902 1016/3261/902 1015/3262/902
f 1015/3262/283 1014/3263/283 1013/3264/283
f 1013/3264/901 1012/3265/901 1011/3266/901
f 1011/3266/283 1010/3267/283 1009/3268/283
f 1009/3268/283 1008/3269/283 1007/3270/283
f 1007/3270/902 1006/3271/902 1005/3272/902
f 1005/3272/283 1004/3273/283 1003/3274/283
f 1003/3274/901 1002/3275/901 1001/3276/901
f 1001/3276/283 1000/3277/283 997/3278/283
f 1000/3277/901 999/3279/901 997/3278/901
f 999/3279/901 998/3280/901 997/3278/901
f 997/3278/902 996/3281/902 995/3282/902
f 995/3282/283 994/3283/283 993/2992/283
f 993/2992/283 992/3284/283 991/3285/283
f 991/3285/902 990/3286/902 989/3287/902
f 989/3287/901 988/3288/901 987/3289/901
f 987/3289/901 986/3290/901 985/3291/901
f 985/3291/283 984/3292/283 981/3293/283
f 984/3292/283 983/3294/283 981/3293/283
f 983/3294/283 982/3295/283 981/3293/283
f 981/3293/902 980/3296/902 979/3297/902
f 979/3297/283 978/3298/283 977/2993/283
f 977/2993/283 976/3299/283 975/3300/283
f 975/3300/901 974/3301/901 973/3302/901
f 973/3302/283 972/3303/283 971/3304/283
f 971/3304/902 970/3305/902 969/3306/902
f 969/3306/283 968/3307/283 965/3308/283
f 968/3307/902 967/3309/902 965/3308/902
f 967/3309/902 966/3310/902 965/3308/902
f 965/3308/901 964/3311/901 963/3312/901
f 963/3312/283 962/3313/283 961/2994/283
f 961/2994/283 1023/3254/283 1021/3256/283
f 1021/3256/283 1019/3258/283 1017/3260/283
f 1017/3260/283 1015/3262/283 1009/3268/283
f 1015/3262/283 1013/3264/283 1009/3268/283
f 1013/3264/283 1011/3266/283 1009/3268/283
f 1009/3268/283 1007/3270/283 1005/3272/283
f 1005/3272/283 1003/3274/283 1001/3276/283
f 997/3278/283 995/3282/283 1001/3276/283
f 995/3282/283 993/2992/283 1001/3276/283
f 993/2992/283 991/3285/283 985/3291/283
f 991/3285/283 989/3287/283 985/3291/283
f 989/3287/283 987/3289/283 985/3291/283
f 981/3293/283 979/3297/283 977/2993/283
f 977/2993/283 975/3300/283 973/3302/283
f 973/3302/283 971/3304/283 969/3306/283
f 965/3308/283 963/3312/283 961/2994/283
f 961/2994/283 1021/3256/283 1009/3268/283
f 1021/3256/283 1017/3260/283 1009/3268/283
f 1009/3268/283 1005/3272/283 993/2992/283
f 1005/3272/283 1001/3276/283 993/2992/283
f 985/3291/283 981/3293/283 977/2993/283
f 977/2993/283 973/3302/283 969/3306/283
f 969/3306/283 965/3308/283 977/2993/283
f 965/3308/283 961/2994/283 977/2993/283
f 993/2992/283 985/3291/283 977/2993/283
f 961/2994/283 1009/3268/283 993/2992/283
f 2944/2996/284 2881/3314/284 2882/3315/284
f 2882/3315/284 2883/3316/284 2884/3317/284
f 2884/3317/284 2885/3318/284 2888/3319/284
f 2885/3318/284 2886/3320/284 2888/3319/284
f 2886/3320/284 2887/3321/284 2888/3319/284
f 2888/3319/284 2889/3322/284 2890/3323/284
f 2890/3323/284 2891/3324/284 2892/3325/284
f 2892/3325/284 2893/3326/284 2896/3327/284
f 2893/3326/284 2894/3328/284 2896/3327/284
f 2894/3328/284 2895/3329/284 2896/3327/284
f 2896/3327/284 2897/3330/284 2898/3331/284
f 2898/3331/284 2899/3332/284 2900/3333/284
f 2900/3333/284 2901/3334/284 2904/3335/284
f 2901/3334/284 2902/3336/284 2904/3335/284
f 2902/3336/284 2903/3337/284 2904/3335/284
f 2904/3335/284 2905/3338/284 2906/3339/284
f 2906/3339/284 2907/3340/284 2908/3341/284
f 2908/3341/284 2909/3342/284 2912/2997/284
f 2909/3342/905 2910/3343/905 2912/2997/905
f 2910/3343/284 2911/3344/284 2912/2997/284
f 2912/2997/284 2913/3345/284 2916/3346/284
f 2913/3345/908 2914/3347/908 2916/3346/908
f 2914/3347/284 2915/3348/284 2916/3346/284
f 2916/3346/284 2917/3349/284 2920/3350/284
f 2917/3349/284 2918/3351/284 2920/3350/284
f 2918/3351/284 2919/3352/284 2920/3350/284
f 2920/3350/284 2921/3353/284 2922/3354/284
f 2922/3354/284 2923/3355/284 2924/3356/284
f 2924/3356/284 2925/3357/284 2928/3358/284
f 2925/3357/284 2926/3359/284 2928/3358/284
f 2926/3359/284 2927/3360/284 2928/3358/284
f 2928/3358/284 2929/3361/284 2930/3362/284
f 2930/3362/284 2931/3363/284 2932/3364/284
f 2932/3364/284 2933/3365/284 2936/2995/284
f 2933/3365/284 2934/3366/284 2936/2995/284
f 2934/3366/284 2935/3367/284 2936/2995/284
f 2936/2995/284 2937/3368/284 2938/3369/284
f 2938/3369/284 2939/3370/284 2940/3371/284
f 2940/3371/284 2941/3372/284 2944/2996/284
f 2941/3372/908 2942/3373/908 2944/2996/908
f 2942/3373/284 2943/3374/284 2944/2996/284
f 2944/2996/284 2882/3315/284 2884/3317/284
f 2888/3319/284 2890/3323/284 2896/3327/284
f 2890/3323/284 2892/3325/284 2896/3327/284
f 2896/3327/284 2898/3331/284 2900/3333/284
f 2904/3335/284 2906/3339/284 2912/2997/284
f 2906/3339/284 2908/3341/284 2912/2997/284
f 2920/3350/284 2922/3354/284 2924/3356/284
f 2928/3358/284 2930/3362/284 2932/3364/284
f 2936/2995/284 2938/3369/284 2944/2996/284
f 2938/3369/284 2940/3371/284 2944/2996/284
f 2944/2996/284 2884/3317/284 2888/3319/284
f 2896/3327/284 2900/3333/284 2904/3335/284
f 2912/2997/284 2916/3346/284 2920/3350/284
f 2920/3350/284 2924/3356/284 2928/3358/284
f 2928/3358/284 2932/3364/284 2936/2995/284
f 2944/2996/284 2888/3319/284 2912/2997/284
f 2888/3319/284 2896/3327/284 2912/2997/284
f 2896/3327/284 2904/3335/284 2912/2997/284
f 2912/2997/284 2920/3350/284 2928/3358/284
f 2928/3358/284 2936/2995/284 2912/2997/284
